-- 20260703000000_hsk2.sql
insert into units (id, course_id, title, order_index) values
  ('unit-h2-dla', 'course-mandarin-1', 'Home & Directions', 22),
  ('unit-h2-dlb', 'course-mandarin-1', 'Health & Hobbies', 23),
  ('unit-h2-dlc', 'course-mandarin-1', 'Travel & Movement', 24),
  ('unit-h2-dld', 'course-mandarin-1', 'School, Work & Opinion', 25);
insert into lessons (id, unit_id, title, order_index) values
  ('lesson-h2-dla-1', 'unit-h2-dla', '啊 · 爱情', 1),
  ('lesson-h2-dla-2', 'unit-h2-dla', '白色 · 办法', 2),
  ('lesson-h2-dla-3', 'unit-h2-dla', '北方 · 背', 3),
  ('lesson-h2-dla-4', 'unit-h2-dla', '遍 · 表', 4),
  ('lesson-h2-dla-5', 'unit-h2-dla', '不久 · 不满', 5),
  ('lesson-h2-dla-6', 'unit-h2-dla', '不要 · 不一定', 6),
  ('lesson-h2-dla-7', 'unit-h2-dla', '草地 · 查', 7),
  ('lesson-h2-dla-8', 'unit-h2-dla', '场 · 超市', 8),
  ('lesson-h2-dla-9', 'unit-h2-dla', '出院 · 船', 9),
  ('lesson-h2-dla-10', 'unit-h2-dla', '大部分 · 大大', 10),
  ('lesson-h2-dla-11', 'unit-h2-dla', '大量 · 大门', 11),
  ('lesson-h2-dla-12', 'unit-h2-dla', '大衣 · 大自然', 12),
  ('lesson-h2-dla-13', 'unit-h2-dla', '当 · 当时', 13),
  ('lesson-h2-dla-14', 'unit-h2-dla', '地球 · 的话', 14),
  ('lesson-h2-dla-15', 'unit-h2-dla', '东北 · 东方', 15),
  ('lesson-h2-dla-16', 'unit-h2-dla', '读音 · 短信', 16),
  ('lesson-h2-dla-17', 'unit-h2-dla', '对面 · 多么', 17),
  ('lesson-h2-dla-18', 'unit-h2-dla', '方便 · 方便面', 18),
  ('lesson-h2-dla-19', 'unit-h2-dla', '分钟 · 封', 19),
  ('lesson-h2-dla-20', 'unit-h2-dla', '刚刚 · 高级', 20),
  ('lesson-h2-dla-21', 'unit-h2-dla', '公里 · 公平', 21),
  ('lesson-h2-dla-22', 'unit-h2-dla', '够 · 故意', 22),
  ('lesson-h2-dla-23', 'unit-h2-dla', '过去 · 海', 23),
  ('lesson-h2-dla-24', 'unit-h2-dla', '好像 · 合适', 24),
  ('lesson-h2-dla-25', 'unit-h2-dla', '黑色 · 红', 25),
  ('lesson-h2-dla-26', 'unit-h2-dla', '湖 · 花园', 26),
  ('lesson-h2-dla-27', 'unit-h2-dla', '黄 · 黄色', 27),
  ('lesson-h2-dla-28', 'unit-h2-dla', '级 · 急', 28),
  ('lesson-h2-dla-29', 'unit-h2-dla', '家长 · 假', 29),
  ('lesson-h2-dla-30', 'unit-h2-dla', '件 · 讲话', 30),
  ('lesson-h2-dla-31', 'unit-h2-dla', '脚 · 教师', 31),
  ('lesson-h2-dla-32', 'unit-h2-dla', '节日 · 今后', 32),
  ('lesson-h2-dla-33', 'unit-h2-dla', '经理 · 酒', 33),
  ('lesson-h2-dla-34', 'unit-h2-dla', '句 · 句子', 34),
  ('lesson-h2-dla-35', 'unit-h2-dla', '可能 · 可怕', 35),
  ('lesson-h2-dla-36', 'unit-h2-dla', '快点儿 · 筷子', 36),
  ('lesson-h2-dla-37', 'unit-h2-dla', '老朋友 · 离', 37),
  ('lesson-h2-dla-38', 'unit-h2-dla', '例子 · 脸', 38),
  ('lesson-h2-dla-39', 'unit-h2-dla', '留 · 绿', 39),
  ('lesson-h2-dla-40', 'unit-h2-dla', '猫 · 米', 40),
  ('lesson-h2-dla-41', 'unit-h2-dla', '名称 · 名单', 41),
  ('lesson-h2-dla-42', 'unit-h2-dla', '那样 · 难看', 42),
  ('lesson-h2-dla-43', 'unit-h2-dla', '弄 · 怕', 43),
  ('lesson-h2-dla-44', 'unit-h2-dla', '篇 · 片', 44),
  ('lesson-h2-dla-45', 'unit-h2-dla', '平等 · 平时', 45),
  ('lesson-h2-dla-46', 'unit-h2-dla', '普通话 · 其他', 46),
  ('lesson-h2-dla-47', 'unit-h2-dla', '千 · 千克', 47),
  ('lesson-h2-dla-48', 'unit-h2-dla', '青少年 · 轻', 48),
  ('lesson-h2-dla-49', 'unit-h2-dla', '秋天 · 球场', 49),
  ('lesson-h2-dla-50', 'unit-h2-dla', '全国 · 全家', 50),
  ('lesson-h2-dla-51', 'unit-h2-dla', '热情 · 人口', 51),
  ('lesson-h2-dla-52', 'unit-h2-dla', '日子 · 如果', 52),
  ('lesson-h2-dla-53', 'unit-h2-dla', '少年 · 少数', 53),
  ('lesson-h2-dla-54', 'unit-h2-dla', '十分 · 实际', 54),
  ('lesson-h2-dla-55', 'unit-h2-dla', '市长 · 手表', 55),
  ('lesson-h2-dla-56', 'unit-h2-dla', '水平 · 顺利', 56),
  ('lesson-h2-dla-57', 'unit-h2-dla', '所有 · 它', 57),
  ('lesson-h2-dla-58', 'unit-h2-dla', '态度 · 特别', 58),
  ('lesson-h2-dla-59', 'unit-h2-dla', '体育场 · 体育馆', 59),
  ('lesson-h2-dla-60', 'unit-h2-dla', '同样 · 头', 60),
  ('lesson-h2-dla-61', 'unit-h2-dla', '完全 · 晚报', 61),
  ('lesson-h2-dla-62', 'unit-h2-dla', '万 · 网', 62),
  ('lesson-h2-dla-63', 'unit-h2-dla', '为 · 为什么', 63),
  ('lesson-h2-dla-64', 'unit-h2-dla', '闻 · 问路', 64),
  ('lesson-h2-dla-65', 'unit-h2-dla', '西方 · 习惯', 65),
  ('lesson-h2-dla-66', 'unit-h2-dla', '相机 · 相同', 66),
  ('lesson-h2-dla-67', 'unit-h2-dla', '小时候 · 小说', 67),
  ('lesson-h2-dla-68', 'unit-h2-dla', '笑话 · 笑话儿', 68),
  ('lesson-h2-dla-69', 'unit-h2-dla', '心中 · 新闻', 69),
  ('lesson-h2-dla-70', 'unit-h2-dla', '信心 · 信用卡', 70),
  ('lesson-h2-dla-71', 'unit-h2-dla', '行为 · 姓', 71),
  ('lesson-h2-dla-72', 'unit-h2-dla', '雪 · 颜色', 72),
  ('lesson-h2-dla-73', 'unit-h2-dla', '药 · 药店', 73),
  ('lesson-h2-dla-74', 'unit-h2-dla', '夜里 · 一般', 74),
  ('lesson-h2-dla-75', 'unit-h2-dla', '一生 · 一直', 75),
  ('lesson-h2-dla-76', 'unit-h2-dla', '以上 · 以下', 76),
  ('lesson-h2-dla-77', 'unit-h2-dla', '意思 · 阴', 77),
  ('lesson-h2-dla-78', 'unit-h2-dla', '银行卡 · 英文', 78),
  ('lesson-h2-dla-79', 'unit-h2-dla', '永远 · 油', 79),
  ('lesson-h2-dla-80', 'unit-h2-dla', '又 · 鱼', 80),
  ('lesson-h2-dla-81', 'unit-h2-dla', '院 · 院长', 81),
  ('lesson-h2-dla-82', 'unit-h2-dla', '越来越 · 咱', 82),
  ('lesson-h2-dla-83', 'unit-h2-dla', '怎样 · 占', 83),
  ('lesson-h2-dla-84', 'unit-h2-dla', '真正 · 正常', 84),
  ('lesson-h2-dla-85', 'unit-h2-dla', '只 · 只要', 85),
  ('lesson-h2-dla-86', 'unit-h2-dla', '中年 · 中小学', 86),
  ('lesson-h2-dla-87', 'unit-h2-dla', '周年 · 主人', 87),
  ('lesson-h2-dla-88', 'unit-h2-dla', '准确 · 自己', 88),
  ('lesson-h2-dla-89', 'unit-h2-dla', '嘴 · 最近', 89),
  ('lesson-h2-dla-90', 'unit-h2-dla', '座位', 90),
  ('lesson-h2-dla-review', 'unit-h2-dla', 'Home & Directions Review', 91),
  ('lesson-h2-dlb-1', 'unit-h2-dlb', '不好意思 · 不一会儿', 1),
  ('lesson-h2-dlb-2', 'unit-h2-dlb', '短 · 放心', 2),
  ('lesson-h2-dlb-3', 'unit-h2-dlb', '公交车 · 活动', 3),
  ('lesson-h2-dlb-4', 'unit-h2-dlb', '可爱 · 可以', 4),
  ('lesson-h2-dlb-5', 'unit-h2-dlb', '凉快 · 难过', 5),
  ('lesson-h2-dlb-6', 'unit-h2-dlb', '骑 · 球队', 6),
  ('lesson-h2-dlb-7', 'unit-h2-dlb', '西医 · 药片', 7),
  ('lesson-h2-dlb-8', 'unit-h2-dlb', '有空儿 · 有意思', 8),
  ('lesson-h2-dlb-9', 'unit-h2-dlb', '住房 · 字典', 9),
  ('lesson-h2-dlb-review', 'unit-h2-dlb', 'Health & Hobbies Review', 10),
  ('lesson-h2-dlc-1', 'unit-h2-dlc', '办 · 饱', 1),
  ('lesson-h2-dlc-2', 'unit-h2-dlc', '必须 · 变', 2),
  ('lesson-h2-dlc-3', 'unit-h2-dlc', '参观 · 参加', 3),
  ('lesson-h2-dlc-4', 'unit-h2-dlc', '成为 · 出发', 4),
  ('lesson-h2-dlc-5', 'unit-h2-dlc', '出生 · 出现', 5),
  ('lesson-h2-dlc-6', 'unit-h2-dlc', '从小 · 打算', 6),
  ('lesson-h2-dlc-7', 'unit-h2-dlc', '得出 · 地铁', 7),
  ('lesson-h2-dlc-8', 'unit-h2-dlc', '点头 · 掉', 8),
  ('lesson-h2-dlc-9', 'unit-h2-dlc', '发现 · 放下', 9),
  ('lesson-h2-dlc-10', 'unit-h2-dlc', '改变 · 感动', 10),
  ('lesson-h2-dlc-11', 'unit-h2-dlc', '公路 · 顾客', 11),
  ('lesson-h2-dlc-12', 'unit-h2-dlc', '过来 · 过年', 12),
  ('lesson-h2-dlc-13', 'unit-h2-dlc', '护照 · 画', 13),
  ('lesson-h2-dlc-14', 'unit-h2-dlc', '加油 · 见到', 14),
  ('lesson-h2-dlc-15', 'unit-h2-dlc', '交朋友 · 交通', 15),
  ('lesson-h2-dlc-16', 'unit-h2-dlc', '接 · 接到', 16),
  ('lesson-h2-dlc-17', 'unit-h2-dlc', '结果 · 借', 17),
  ('lesson-h2-dlc-18', 'unit-h2-dlc', '举手 · 卡', 18),
  ('lesson-h2-dlc-19', 'unit-h2-dlc', '客人 · 哭', 19),
  ('lesson-h2-dlc-20', 'unit-h2-dlc', '老是 · 离开', 20),
  ('lesson-h2-dlc-21', 'unit-h2-dlc', '路边 · 旅客', 21),
  ('lesson-h2-dlc-22', 'unit-h2-dlc', '目的 · 拿出', 22),
  ('lesson-h2-dlc-23', 'unit-h2-dlc', '爬山 · 排队', 23),
  ('lesson-h2-dlc-24', 'unit-h2-dlc', '请客 · 请求', 24),
  ('lesson-h2-dlc-25', 'unit-h2-dlc', '让 · 商量', 25),
  ('lesson-h2-dlc-26', 'unit-h2-dlc', '实现 · 使用', 26),
  ('lesson-h2-dlc-27', 'unit-h2-dlc', '收入 · 受到', 27),
  ('lesson-h2-dlc-28', 'unit-h2-dlc', '送给 · 算', 28),
  ('lesson-h2-dlc-29', 'unit-h2-dlc', '提到 · 提高', 29),
  ('lesson-h2-dlc-30', 'unit-h2-dlc', '听说 · 停', 30),
  ('lesson-h2-dlc-31', 'unit-h2-dlc', '通过 · 通知', 31),
  ('lesson-h2-dlc-32', 'unit-h2-dlc', '完成 · 晚安', 32),
  ('lesson-h2-dlc-33', 'unit-h2-dlc', '想起 · 像', 33),
  ('lesson-h2-dlc-34', 'unit-h2-dlc', '养 · 要求', 34),
  ('lesson-h2-dlc-35', 'unit-h2-dlc', '应该 · 游客', 35),
  ('lesson-h2-dlc-36', 'unit-h2-dlc', '咱们 · 怎么办', 36),
  ('lesson-h2-dlc-37', 'unit-h2-dlc', '照顾 · 照片', 37),
  ('lesson-h2-dlc-38', 'unit-h2-dlc', '重复 · 重视', 38),
  ('lesson-h2-dlc-39', 'unit-h2-dlc', '租 · 组成', 39),
  ('lesson-h2-dlc-40', 'unit-h2-dlc', '做法', 40),
  ('lesson-h2-dlc-review', 'unit-h2-dlc', 'Travel & Movement Review', 41),
  ('lesson-h2-dld-1', 'unit-h2-dld', 'HSK 2 Review 1', 1),
  ('lesson-h2-dld-2', 'unit-h2-dld', 'HSK 2 Review 2', 2),
  ('lesson-h2-dld-3', 'unit-h2-dld', 'HSK 2 Review 3', 3),
  ('lesson-h2-dld-4', 'unit-h2-dld', 'HSK 2 Review 4', 4),
  ('lesson-h2-dld-5', 'unit-h2-dld', 'HSK 2 Review 5', 5),
  ('lesson-h2-dld-6', 'unit-h2-dld', 'HSK 2 Review 6', 6),
  ('lesson-h2-dld-7', 'unit-h2-dld', 'HSK 2 Review 7', 7),
  ('lesson-h2-dld-8', 'unit-h2-dld', 'HSK 2 Review 8', 8),
  ('lesson-h2-dld-9', 'unit-h2-dld', 'HSK 2 Review 9', 9),
  ('lesson-h2-dld-10', 'unit-h2-dld', 'HSK 2 Review 10', 10),
  ('lesson-h2-dld-11', 'unit-h2-dld', 'HSK 2 Review 11', 11),
  ('lesson-h2-dld-12', 'unit-h2-dld', 'HSK 2 Review 12', 12),
  ('lesson-h2-dld-13', 'unit-h2-dld', 'HSK 2 Graduation Exam', 13);
insert into vocab_items (id, course_id, hanzi, pinyin, english, part_of_speech, difficulty, image_url, emoji) values
  ('v-h2-a', 'course-mandarin-1', '啊', 'ā', 'interjection of surprise', 'word', 2, null, null),
  ('v-h2-ai-qing', 'course-mandarin-1', '爱情', 'ài qíng', 'romance; love (romantic)', 'word', 2, null, null),
  ('v-h2-ai-ren', 'course-mandarin-1', '爱人', 'ài ren', 'spouse (PRC)', 'word', 2, null, null),
  ('v-h2-an-jing', 'course-mandarin-1', '安静', 'ān jìng', 'quiet', 'word', 2, null, null),
  ('v-h2-an-quan', 'course-mandarin-1', '安全', 'ān quán', 'safe; secure', 'adjective', 2, null, null),
  ('v-h2-bai-se', 'course-mandarin-1', '白色', 'bái sè', 'white', 'word', 2, null, null),
  ('v-h2-ban-fa', 'course-mandarin-1', '办法', 'bàn fǎ', 'means', 'word', 2, null, null),
  ('v-h2-ban-ye', 'course-mandarin-1', '半夜', 'bàn yè', 'midnight', 'word', 2, null, null),
  ('v-h2-bang-zhu', 'course-mandarin-1', '帮助', 'bāng zhù', 'assistance; aid', 'word', 2, null, null),
  ('v-h2-bao-zhi', 'course-mandarin-1', '报纸', 'bào zhǐ', 'newspaper', 'word', 2, null, null),
  ('v-h2-bei-fang', 'course-mandarin-1', '北方', 'běi fāng', 'north', 'word', 2, null, null),
  ('v-h2-bei', 'course-mandarin-1', '背', 'bēi', 'variant of 背', 'word', 2, null, null),
  ('v-h2-bian', 'course-mandarin-1', '边', 'biān', 'side', 'word', 2, null, null),
  ('v-h2-bian-2', 'course-mandarin-1', '遍', 'biàn', 'variant of 遍', 'word', 2, null, null),
  ('v-h2-biao', 'course-mandarin-1', '表', 'biǎo', 'exterior surface', 'word', 2, null, null),
  ('v-h2-bu-cuo', 'course-mandarin-1', '不错', 'bù cuò', 'correct', 'word', 2, null, null),
  ('v-h2-bu-gou', 'course-mandarin-1', '不够', 'bù gòu', 'not enough', 'word', 2, null, null),
  ('v-h2-bu-guo', 'course-mandarin-1', '不过', 'bù guò', 'only', 'word', 2, null, null),
  ('v-h2-bu-jiu', 'course-mandarin-1', '不久', 'bù jiǔ', 'not long (after)', 'word', 2, null, null),
  ('v-h2-bu-man', 'course-mandarin-1', '不满', 'bù mǎn', 'resentful', 'adjective', 2, null, null),
  ('v-h2-bu-shao', 'course-mandarin-1', '不少', 'bù shǎo', 'many', 'word', 2, null, null),
  ('v-h2-bu-tong', 'course-mandarin-1', '不同', 'bù tóng', 'different', 'word', 2, null, null),
  ('v-h2-bu-xing', 'course-mandarin-1', '不行', 'bù xíng', 'won''t do', 'word', 2, null, null),
  ('v-h2-bu-yao', 'course-mandarin-1', '不要', 'bù yào', 'don''t!', 'word', 2, null, null),
  ('v-h2-bu-yi-ding', 'course-mandarin-1', '不一定', 'bù yī dìng', 'not necessarily', 'noun', 2, null, null),
  ('v-h2-bu-fen', 'course-mandarin-1', '部分', 'bù fen', 'part', 'word', 2, null, null),
  ('v-h2-cao', 'course-mandarin-1', '草', 'cǎo', 'variant of 草', 'word', 2, null, null),
  ('v-h2-cao-di', 'course-mandarin-1', '草地', 'cǎo dì', 'lawn', 'word', 2, null, null),
  ('v-h2-zha', 'course-mandarin-1', '查', 'Zhā', 'surname Zha', 'word', 2, null, null),
  ('v-h2-cha-bu-duo', 'course-mandarin-1', '差不多', 'chà bu duō', 'almost', 'word', 2, null, null),
  ('v-h2-chang-jian', 'course-mandarin-1', '常见', 'cháng jiàn', 'commonly seen', 'word', 2, null, null),
  ('v-h2-chang-yong', 'course-mandarin-1', '常用', 'cháng yòng', 'in common usage', 'word', 2, null, null),
  ('v-h2-chang', 'course-mandarin-1', '场', 'cháng', 'threshing floor', 'word', 2, null, null),
  ('v-h2-che-liang', 'course-mandarin-1', '车辆', 'chē liàng', 'vehicle', 'word', 2, null, null),
  ('v-h2-cheng', 'course-mandarin-1', '成', 'Chéng', 'surname Cheng', 'word', 2, null, null),
  ('v-h2-cheng-ji', 'course-mandarin-1', '成绩', 'chéng jì', 'achievement', 'word', 2, null, null),
  ('v-h2-chu-yuan', 'course-mandarin-1', '出院', 'chū yuàn', 'to leave hospital', 'word', 2, null, null),
  ('v-h2-chuan', 'course-mandarin-1', '船', 'chuán', 'variant of 船', 'word', 2, null, null),
  ('v-h2-chun-jie', 'course-mandarin-1', '春节', 'Chūn jié', 'Spring Festival (Chinese New Year)', 'word', 2, null, null),
  ('v-h2-ci', 'course-mandarin-1', '词', 'cí', 'old variant of 词', 'word', 2, null, null),
  ('v-h2-ci-dian', 'course-mandarin-1', '词典', 'cí diǎn', 'dictionary', 'word', 2, null, null),
  ('v-h2-da-bu-fen', 'course-mandarin-1', '大部分', 'dà bù fen', 'in large part', 'word', 2, null, null),
  ('v-h2-da-da', 'course-mandarin-1', '大大', 'dà dà', 'greatly', 'word', 2, null, null),
  ('v-h2-da-duo-shu', 'course-mandarin-1', '大多数', 'dà duō shù', '(great) majority', 'word', 2, null, null),
  ('v-h2-da-hai', 'course-mandarin-1', '大海', 'dà hǎi', 'sea', 'word', 2, null, null),
  ('v-h2-da-jia', 'course-mandarin-1', '大家', 'dà jiā', 'everyone', 'word', 2, null, null),
  ('v-h2-da-liang', 'course-mandarin-1', '大量', 'dà liàng', 'great amount', 'word', 2, null, null),
  ('v-h2-da-men', 'course-mandarin-1', '大门', 'Dà mén', 'the Doors, US rock band', 'word', 2, null, null),
  ('v-h2-da-ren', 'course-mandarin-1', '大人', 'dà ren', 'adult', 'word', 2, null, null),
  ('v-h2-da-sheng', 'course-mandarin-1', '大声', 'dà shēng', 'loud voice', 'word', 2, null, null),
  ('v-h2-da-xiao', 'course-mandarin-1', '大小', 'dà xiǎo', 'dimension', 'word', 2, null, null),
  ('v-h2-da-yi', 'course-mandarin-1', '大衣', 'dà yī', 'overcoat', 'word', 2, null, null),
  ('v-h2-da-zi-ran', 'course-mandarin-1', '大自然', 'dà zì rán', 'nature (the natural world)', 'word', 2, null, null),
  ('v-h2-dai', 'course-mandarin-1', '带', 'dài', 'band', 'word', 2, null, null),
  ('v-h2-dan-wei', 'course-mandarin-1', '单位', 'dān wèi', 'unit (of measure)', 'word', 2, null, null),
  ('v-h2-dan', 'course-mandarin-1', '蛋', 'Dàn', 'variant of 蜑', 'word', 2, null, null),
  ('v-h2-dang', 'course-mandarin-1', '当', 'dāng', '(onom.) dong', 'word', 2, null, null),
  ('v-h2-dang-shi', 'course-mandarin-1', '当时', 'dāng shí', 'then', 'word', 2, null, null),
  ('v-h2-dao-chu', 'course-mandarin-1', '到处', 'dào chù', 'everywhere', 'word', 2, null, null),
  ('v-h2-dao', 'course-mandarin-1', '道', 'dào', 'road', 'word', 2, null, null),
  ('v-h2-dao-lu', 'course-mandarin-1', '道路', 'dào lù', 'road', 'word', 2, null, null),
  ('v-h2-di-qiu', 'course-mandarin-1', '地球', 'dì qiú', 'the earth', 'word', 2, null, null),
  ('v-h2-de-hua', 'course-mandarin-1', '的话', 'de huà', 'if (coming after a conditional clause)', 'word', 2, null, null),
  ('v-h2-deng', 'course-mandarin-1', '灯', 'dēng', 'lamp', 'word', 2, null, null),
  ('v-h2-di', 'course-mandarin-1', '低', 'dī', 'low', 'word', 2, null, null),
  ('v-h2-dong-bei', 'course-mandarin-1', '东北', 'Dōng běi', 'Northeast China', 'word', 2, null, null),
  ('v-h2-dong-fang', 'course-mandarin-1', '东方', 'Dōng fāng', 'the East', 'word', 2, null, null),
  ('v-h2-dong-tian', 'course-mandarin-1', '冬天', 'dōng tiān', 'winter', 'word', 2, null, null),
  ('v-h2-dong-wu', 'course-mandarin-1', '动物', 'dòng wù', 'animal', 'word', 2, null, null),
  ('v-h2-dong-wu-yuan', 'course-mandarin-1', '动物园', 'dòng wù yuán', 'zoo', 'word', 2, null, null),
  ('v-h2-du-yin', 'course-mandarin-1', '读音', 'dú yīn', 'pronunciation', 'word', 2, null, null),
  ('v-h2-duan-xin', 'course-mandarin-1', '短信', 'duǎn xìn', 'text message', 'noun', 2, null, null),
  ('v-h2-duan', 'course-mandarin-1', '段', 'Duàn', 'surname Duan', 'word', 2, null, null),
  ('v-h2-dui', 'course-mandarin-1', '队', 'duì', 'squadron', 'word', 2, null, null),
  ('v-h2-dui-zhang', 'course-mandarin-1', '队长', 'duì zhǎng', 'captain', 'word', 2, null, null),
  ('v-h2-dui-mian', 'course-mandarin-1', '对面', 'duì miàn', '(sitting) opposite', 'word', 2, null, null),
  ('v-h2-duo-me', 'course-mandarin-1', '多么', 'duō me', 'how (wonderful etc)', 'word', 2, null, null),
  ('v-h2-duo-shu', 'course-mandarin-1', '多数', 'duō shù', 'majority; most', 'word', 2, null, null),
  ('v-h2-duo-yun', 'course-mandarin-1', '多云', 'duō yún', 'cloudy (meteorology)', 'noun', 2, null, null),
  ('v-h2-fang-bian', 'course-mandarin-1', '方便', 'fāng biàn', 'convenient', 'word', 2, null, null),
  ('v-h2-fang-bian-mian', 'course-mandarin-1', '方便面', 'fāng biàn miàn', 'instant noodles', 'word', 2, null, null),
  ('v-h2-fang-fa', 'course-mandarin-1', '方法', 'fāng fǎ', 'method', 'word', 2, null, null),
  ('v-h2-fang-mian', 'course-mandarin-1', '方面', 'fāng miàn', 'respect', 'word', 2, null, null),
  ('v-h2-fang-xiang', 'course-mandarin-1', '方向', 'fāng xiàng', 'direction; orientation', 'word', 2, null, null),
  ('v-h2-feng', 'course-mandarin-1', '封', 'Fēng', 'surname Feng', 'word', 2, null, null),
  ('v-h2-gan-huo-r', 'course-mandarin-1', '干活儿', 'gàn huó r', 'erhua variant of 干活', 'word', 2, null, null),
  ('v-h2-gang', 'course-mandarin-1', '刚', 'gāng', 'hard', 'word', 2, null, null),
  ('v-h2-gang-cai', 'course-mandarin-1', '刚才', 'gāng cái', 'just now', 'word', 2, null, null),
  ('v-h2-gang-gang', 'course-mandarin-1', '刚刚', 'gāng gang', 'just recently', 'word', 2, null, null),
  ('v-h2-gao-ji', 'course-mandarin-1', '高级', 'gāo jí', 'high level', 'word', 2, null, null),
  ('v-h2-gao-zhong', 'course-mandarin-1', '高中', 'gāo zhōng', 'senior high school', 'word', 2, null, null),
  ('v-h2-ge-zi', 'course-mandarin-1', '个子', 'gè zi', 'height', 'word', 2, null, null),
  ('v-h2-gong-jin', 'course-mandarin-1', '公斤', 'gōng jīn', 'kilogram (kg)', 'word', 2, null, null),
  ('v-h2-gong-li', 'course-mandarin-1', '公里', 'gōng lǐ', 'kilometer', 'word', 2, null, null),
  ('v-h2-gong-ping', 'course-mandarin-1', '公平', 'gōng píng', 'fair', 'word', 2, null, null),
  ('v-h2-gong-si', 'course-mandarin-1', '公司', 'gōng sī', 'company; firm; corporation', 'word', 2, null, null),
  ('v-h2-gou', 'course-mandarin-1', '够', 'gòu', 'enough (sufficient)', 'word', 2, null, null),
  ('v-h2-gu-yi', 'course-mandarin-1', '故意', 'gù yì', 'deliberately; on purpose', 'word', 2, null, null),
  ('v-h2-guan-dian', 'course-mandarin-1', '观点', 'guān diǎn', 'point of view', 'word', 2, null, null),
  ('v-h2-guang-chang', 'course-mandarin-1', '广场', 'guǎng chǎng', 'public square; plaza', 'word', 2, null, null),
  ('v-h2-guo-ji', 'course-mandarin-1', '国际', 'guó jì', 'international', 'word', 2, null, null),
  ('v-h2-guo-qu', 'course-mandarin-1', '过去', 'guò qù', '(in the) past', 'word', 2, null, null),
  ('v-h2-hai', 'course-mandarin-1', '海', 'Hǎi', 'surname Hai', 'word', 2, null, null),
  ('v-h2-hai-bian', 'course-mandarin-1', '海边', 'hǎi biān', 'coast', 'word', 2, null, null),
  ('v-h2-hao-duo', 'course-mandarin-1', '好多', 'hǎo duō', 'many', 'word', 2, null, null),
  ('v-h2-hao-jiu', 'course-mandarin-1', '好久', 'hǎo jiǔ', 'quite a while', 'word', 2, null, null),
  ('v-h2-hao-xiang', 'course-mandarin-1', '好像', 'hǎo xiàng', 'as if', 'word', 2, null, null),
  ('v-h2-he-shi', 'course-mandarin-1', '合适', 'hé shì', 'suitable', 'word', 2, null, null),
  ('v-h2-he', 'course-mandarin-1', '河', 'hé', 'river', 'word', 2, null, null),
  ('v-h2-hei', 'course-mandarin-1', '黑', 'Hēi', 'abbr. for Heilongjiang province 黑龙江', 'word', 2, null, null),
  ('v-h2-hei-ban', 'course-mandarin-1', '黑板', 'hēi bǎn', 'blackboard', 'word', 2, null, null),
  ('v-h2-hei-se', 'course-mandarin-1', '黑色', 'hēi sè', 'black', 'word', 2, null, null),
  ('v-h2-hong-se', 'course-mandarin-1', '红色', 'hóng sè', 'red (color)', 'word', 2, null, null),
  ('v-h2-hou-lai', 'course-mandarin-1', '后来', 'hòu lái', 'afterwards; later', 'word', 2, null, null),
  ('v-h2-hu-ran', 'course-mandarin-1', '忽然', 'hū rán', 'suddenly; all of a sudden', 'word', 2, null, null),
  ('v-h2-hu', 'course-mandarin-1', '湖', 'hú', 'lake', 'word', 2, null, null),
  ('v-h2-hua-yuan', 'course-mandarin-1', '花园', 'huā yuán', 'garden', 'word', 2, null, null),
  ('v-h2-hua-r', 'course-mandarin-1', '画儿', 'huà r', 'picture', 'noun', 2, null, null),
  ('v-h2-hua-jia', 'course-mandarin-1', '画家', 'huà jiā', 'painter', 'word', 2, null, null),
  ('v-h2-huai-chu', 'course-mandarin-1', '坏处', 'huài chu', 'harm', 'word', 2, null, null),
  ('v-h2-huang', 'course-mandarin-1', '黄', 'Huáng', 'surname Huang or Hwang', 'noun', 2, null, null),
  ('v-h2-huang-se', 'course-mandarin-1', '黄色', 'huáng sè', 'yellow (color)', 'word', 2, null, null),
  ('v-h2-huo-zhe', 'course-mandarin-1', '或者', 'huò zhě', 'or', 'word', 2, null, null),
  ('v-h2-ji-hui', 'course-mandarin-1', '机会', 'jī huì', 'opportunity', 'word', 2, null, null),
  ('v-h2-ji', 'course-mandarin-1', '鸡', 'jī', 'fowl', 'word', 2, null, null),
  ('v-h2-ji-2', 'course-mandarin-1', '级', 'jí', 'level', 'word', 2, null, null),
  ('v-h2-ji-3', 'course-mandarin-1', '急', 'jí', 'urgent', 'word', 2, null, null),
  ('v-h2-ji-hua', 'course-mandarin-1', '计划', 'jì huà', 'plan', 'word', 2, null, null),
  ('v-h2-ji-suan-ji', 'course-mandarin-1', '计算机', 'jì suàn jī', 'computer', 'word', 2, null, null),
  ('v-h2-jia-ting', 'course-mandarin-1', '家庭', 'jiā tíng', 'family', 'word', 2, null, null),
  ('v-h2-jia-zhang', 'course-mandarin-1', '家长', 'jiā zhǎng', 'head of a household', 'word', 2, null, null),
  ('v-h2-gei', 'course-mandarin-1', '假', 'gēi', 'used in 掰', 'word', 2, null, null),
  ('v-h2-jia-qi', 'course-mandarin-1', '假期', 'jià qī', 'vacation', 'word', 2, null, null),
  ('v-h2-jian-cha', 'course-mandarin-1', '检查', 'jiǎn chá', 'inspection', 'word', 2, null, null),
  ('v-h2-jianguo', 'course-mandarin-1', '见过', 'jiànguò', 'seen', 'noun', 2, null, null),
  ('v-h2-jian', 'course-mandarin-1', '件', 'jiàn', 'item', 'word', 2, null, null),
  ('v-h2-jiang-hua', 'course-mandarin-1', '讲话', 'jiǎng huà', 'a speech', 'word', 2, null, null),
  ('v-h2-jue', 'course-mandarin-1', '角', 'Jué', 'surname Jue', 'word', 2, null, null),
  ('v-h2-jiao-du', 'course-mandarin-1', '角度', 'jiǎo dù', 'angle', 'word', 2, null, null),
  ('v-h2-jiao', 'course-mandarin-1', '脚', 'jiǎo', 'foot', 'word', 2, null, null),
  ('v-h2-jiao-shi', 'course-mandarin-1', '教师', 'jiào shī', 'teacher', 'word', 2, null, null),
  ('v-h2-jie', 'course-mandarin-1', '街', 'jiē', 'street', 'word', 2, null, null),
  ('v-h2-jie-2', 'course-mandarin-1', '节', 'jiē', 'see 节骨眼', 'word', 2, null, null),
  ('v-h2-jie-mu', 'course-mandarin-1', '节目', 'jié mù', 'program', 'word', 2, null, null),
  ('v-h2-jie-ri', 'course-mandarin-1', '节日', 'jié rì', 'holiday', 'word', 2, null, null),
  ('v-h2-jin-hou', 'course-mandarin-1', '今后', 'jīn hòu', 'hereafter', 'word', 2, null, null),
  ('v-h2-jin', 'course-mandarin-1', '斤', 'jīn', 'catty', 'word', 2, null, null),
  ('v-h2-jing-chang', 'course-mandarin-1', '经常', 'jīng cháng', 'frequently; constantly; regularly; often', 'word', 2, null, null),
  ('v-h2-jing-li', 'course-mandarin-1', '经理', 'jīng lǐ', 'manager', 'word', 2, null, null),
  ('v-h2-jiu', 'course-mandarin-1', '酒', 'jiǔ', 'wine (esp. rice wine)', 'word', 2, null, null),
  ('v-h2-jiu-dian', 'course-mandarin-1', '酒店', 'jiǔ diàn', 'wine shop', 'word', 2, null, null),
  ('v-h2-jiu-yao', 'course-mandarin-1', '就要', 'jiù yào', 'will', 'word', 2, null, null),
  ('v-h2-ju', 'course-mandarin-1', '举', 'jǔ', 'variant of 举', 'word', 2, null, null),
  ('v-h2-gou-2', 'course-mandarin-1', '句', 'gōu', 'variant of 勾', 'word', 2, null, null),
  ('v-h2-ju-zi', 'course-mandarin-1', '句子', 'jù zi', 'sentence', 'word', 2, null, null),
  ('v-h2-kai-xue', 'course-mandarin-1', '开学', 'kāi xué', 'foundation of a University or College', 'word', 2, null, null),
  ('v-h2-ke-xue', 'course-mandarin-1', '科学', 'kē xué', 'science', 'word', 2, null, null),
  ('v-h2-ke-xue-jia', 'course-mandarin-1', '科学家', 'kē xué jiā', 'scientist', 'word', 2, null, null),
  ('v-h2-ke-neng', 'course-mandarin-1', '可能', 'kě néng', 'might (happen)', 'word', 2, null, null),
  ('v-h2-ke-pa', 'course-mandarin-1', '可怕', 'kě pà', 'awful', 'word', 2, null, null),
  ('v-h2-ke', 'course-mandarin-1', '克', 'Kè', 'abbr. for 克罗地亚, Croatia', 'word', 2, null, null),
  ('v-h2-ke-2', 'course-mandarin-1', '刻', 'kè', 'quarter (hour)', 'word', 2, null, null),
  ('v-h2-kong-qi', 'course-mandarin-1', '空气', 'kōng qì', 'air', 'word', 2, null, null),
  ('v-h2-kuai-dian-r', 'course-mandarin-1', '快点儿', 'kuài diǎn r', 'erhua variant of 快点', 'noun', 2, null, null),
  ('v-h2-kuai-zi', 'course-mandarin-1', '筷子', 'kuài zi', 'chopsticks', 'word', 2, null, null),
  ('v-h2-lan', 'course-mandarin-1', '蓝', 'Lán', 'surname Lan', 'word', 2, null, null),
  ('v-h2-lan-se', 'course-mandarin-1', '蓝色', 'lán sè', 'blue (color)', 'word', 2, null, null),
  ('v-h2-lao-nian', 'course-mandarin-1', '老年', 'lǎo nián', 'elderly', 'word', 2, null, null),
  ('v-h2-lao-peng-you', 'course-mandarin-1', '老朋友', 'lǎo péng you', 'old friend', 'word', 2, null, null),
  ('v-h2-chi', 'course-mandarin-1', '离', 'chī', 'mythical beast (archaic)', 'word', 2, null, null),
  ('v-h2-li-wu', 'course-mandarin-1', '礼物', 'lǐ wù', 'gift; present', 'word', 2, null, null),
  ('v-h2-li-tou', 'course-mandarin-1', '里头', 'lǐ tou', 'inside', 'word', 2, null, null),
  ('v-h2-li-xiang', 'course-mandarin-1', '理想', 'lǐ xiǎng', 'an ideal', 'word', 2, null, null),
  ('v-h2-li-zi', 'course-mandarin-1', '例子', 'lì zi', 'case', 'word', 2, null, null),
  ('v-h2-lian', 'course-mandarin-1', '脸', 'liǎn', 'face', 'word', 2, null, null),
  ('v-h2-liang', 'course-mandarin-1', '亮', 'liàng', 'bright', 'word', 2, null, null),
  ('v-h2-ling-xia', 'course-mandarin-1', '零下', 'líng xià', 'below zero', 'word', 2, null, null),
  ('v-h2-liu-li', 'course-mandarin-1', '流利', 'liú lì', 'fluent', 'word', 2, null, null),
  ('v-h2-liu', 'course-mandarin-1', '留', 'liú', 'old variant of 留', 'word', 2, null, null),
  ('v-h2-lu', 'course-mandarin-1', '绿', 'lǜ', 'green', 'word', 2, null, null),
  ('v-h2-lu-se', 'course-mandarin-1', '绿色', 'lǜ sè', 'green', 'word', 2, null, null),
  ('v-h2-man', 'course-mandarin-1', '满', 'Mǎn', 'Manchu ethnic group', 'word', 2, null, null),
  ('v-h2-man-yi', 'course-mandarin-1', '满意', 'mǎn yì', 'satisfied', 'word', 2, null, null),
  ('v-h2-mi', 'course-mandarin-1', '米', 'Mǐ', 'surname Mi', 'word', 2, null, null),
  ('v-h2-mian', 'course-mandarin-1', '面', 'miàn', 'face', 'word', 2, null, null),
  ('v-h2-mian-qian', 'course-mandarin-1', '面前', 'miàn qián', 'in front of', 'word', 2, null, null),
  ('v-h2-ming', 'course-mandarin-1', '名', 'míng', 'name', 'word', 2, null, null),
  ('v-h2-ming-cheng', 'course-mandarin-1', '名称', 'míng chēng', 'name (of a thing)', 'word', 2, null, null),
  ('v-h2-ming-dan', 'course-mandarin-1', '名单', 'míng dān', 'list of names', 'word', 2, null, null),
  ('v-h2-ming-xing', 'course-mandarin-1', '明星', 'míng xīng', 'star; celebrity', 'word', 2, null, null),
  ('v-h2-na-me', 'course-mandarin-1', '那么', 'nà me', 'like that', 'word', 2, null, null),
  ('v-h2-na-shi', 'course-mandarin-1', '那时', 'nà shí', 'then', 'word', 2, null, null),
  ('v-h2-na-yang', 'course-mandarin-1', '那样', 'nà yàng', 'that kind', 'word', 2, null, null),
  ('v-h2-nan-kan', 'course-mandarin-1', '难看', 'nán kàn', 'ugly', 'word', 2, null, null),
  ('v-h2-nan-ti', 'course-mandarin-1', '难题', 'nán tí', 'difficult problem', 'word', 2, null, null),
  ('v-h2-nian-qing', 'course-mandarin-1', '年轻', 'nián qīng', 'young', 'word', 2, null, null),
  ('v-h2-diao', 'course-mandarin-1', '鸟', 'diǎo', 'variant of 屌', 'word', 2, null, null),
  ('v-h2-long', 'course-mandarin-1', '弄', 'lòng', 'lane', 'word', 2, null, null),
  ('v-h2-pa', 'course-mandarin-1', '怕', 'Pà', 'surname Pa', 'word', 2, null, null),
  ('v-h2-pai', 'course-mandarin-1', '排', 'pái', 'a row', 'word', 2, null, null),
  ('v-h2-pai-qiu', 'course-mandarin-1', '排球', 'pái qiú', 'volleyball', 'word', 2, null, null),
  ('v-h2-peng', 'course-mandarin-1', '碰', 'pèng', 'variant of 碰', 'word', 2, null, null),
  ('v-h2-pian', 'course-mandarin-1', '篇', 'piān', 'sheet', 'word', 2, null, null),
  ('v-h2-pian-2', 'course-mandarin-1', '片', 'piān', 'disk', 'word', 2, null, null),
  ('v-h2-ping', 'course-mandarin-1', '平', 'Píng', 'surname Ping', 'word', 2, null, null),
  ('v-h2-ping-chang', 'course-mandarin-1', '平常', 'píng cháng', 'ordinary', 'word', 2, null, null),
  ('v-h2-ping-deng', 'course-mandarin-1', '平等', 'píng děng', 'equal', 'word', 2, null, null),
  ('v-h2-ping-shi', 'course-mandarin-1', '平时', 'píng shí', 'ordinarily', 'word', 2, null, null),
  ('v-h2-ping-2', 'course-mandarin-1', '瓶', 'píng', 'bottle', 'word', 2, null, null),
  ('v-h2-ping-zi', 'course-mandarin-1', '瓶子', 'píng zi', 'bottle', 'word', 2, null, null),
  ('v-h2-pu-tong', 'course-mandarin-1', '普通', 'pǔ tōng', 'common', 'word', 2, null, null),
  ('v-h2-pu-tong-hua', 'course-mandarin-1', '普通话', 'pǔ tōng huà', 'Mandarin (common language)', 'word', 2, null, null),
  ('v-h2-qi-ta', 'course-mandarin-1', '其他', 'qí tā', 'other', 'word', 2, null, null),
  ('v-h2-qi-zhong', 'course-mandarin-1', '其中', 'qí zhōng', 'among', 'word', 2, null, null),
  ('v-h2-qi', 'course-mandarin-1', '气', 'qì', 'gas; air', 'word', 2, null, null),
  ('v-h2-qi-wen', 'course-mandarin-1', '气温', 'qì wēn', 'air temperature', 'word', 2, null, null),
  ('v-h2-qian-ke', 'course-mandarin-1', '千克', 'qiān kè', 'kilogram', 'word', 2, null, null),
  ('v-h2-qian-nian', 'course-mandarin-1', '前年', 'qián nián', 'the year before last', 'word', 2, null, null),
  ('v-h2-qiang', 'course-mandarin-1', '墙', 'qiáng', 'variant of 墙, wall', 'word', 2, null, null),
  ('v-h2-qing-nian', 'course-mandarin-1', '青年', 'qīng nián', 'youth', 'word', 2, null, null),
  ('v-h2-qing-shao-nian', 'course-mandarin-1', '青少年', 'qīng shào nián', 'adolescent', 'word', 2, null, null),
  ('v-h2-qing', 'course-mandarin-1', '轻', 'qīng', 'light', 'word', 2, null, null),
  ('v-h2-qing-chu', 'course-mandarin-1', '清楚', 'qīng chu', 'clear', 'word', 2, null, null),
  ('v-h2-qing-tian', 'course-mandarin-1', '晴天', 'qíng tiān', 'clear sky', 'word', 2, null, null),
  ('v-h2-qiu-tian', 'course-mandarin-1', '秋天', 'qiū tiān', 'autumn', 'word', 2, null, null),
  ('v-h2-qiu-chang', 'course-mandarin-1', '球场', 'qiú chǎng', 'stadium', 'word', 2, null, null),
  ('v-h2-qiu-xie', 'course-mandarin-1', '球鞋', 'qiú xié', 'athletic shoes', 'word', 2, null, null),
  ('v-h2-quan', 'course-mandarin-1', '全', 'Quán', 'surname Quan', 'word', 2, null, null),
  ('v-h2-quan-bu', 'course-mandarin-1', '全部', 'quán bù', 'whole; all', 'word', 2, null, null),
  ('v-h2-quan-guo', 'course-mandarin-1', '全国', 'quán guó', 'whole nation', 'word', 2, null, null),
  ('v-h2-quan-jia', 'course-mandarin-1', '全家', 'quán jiā', 'whole family', 'word', 2, null, null),
  ('v-h2-quan-nian', 'course-mandarin-1', '全年', 'quán nián', 'the whole year', 'word', 2, null, null),
  ('v-h2-quan-ti', 'course-mandarin-1', '全体', 'quán tǐ', 'all', 'word', 2, null, null),
  ('v-h2-ran-hou', 'course-mandarin-1', '然后', 'rán hòu', 'then; after that; afterwards', 'word', 2, null, null),
  ('v-h2-re-qing', 'course-mandarin-1', '热情', 'rè qíng', 'cordial', 'adjective', 2, null, null),
  ('v-h2-ren-kou', 'course-mandarin-1', '人口', 'rén kǒu', 'population', 'word', 2, null, null),
  ('v-h2-ren-men', 'course-mandarin-1', '人们', 'rén men', 'people', 'word', 2, null, null),
  ('v-h2-ren-shu', 'course-mandarin-1', '人数', 'rén shù', 'number of people', 'word', 2, null, null),
  ('v-h2-ri-bao', 'course-mandarin-1', '日报', 'rì bào', 'daily newspaper', 'word', 2, null, null),
  ('v-h2-ri-zi', 'course-mandarin-1', '日子', 'rì zi', 'day', 'word', 2, null, null),
  ('v-h2-ru-guo', 'course-mandarin-1', '如果', 'rú guǒ', 'if', 'word', 2, null, null),
  ('v-h2-ru-kou', 'course-mandarin-1', '入口', 'rù kǒu', 'entrance', 'word', 2, null, null),
  ('v-h2-shang-ren', 'course-mandarin-1', '商人', 'shāng rén', 'merchant', 'word', 2, null, null),
  ('v-h2-shang-zhou', 'course-mandarin-1', '上周', 'shàng zhōu', 'last week', 'word', 2, null, null),
  ('v-h2-shao-nian', 'course-mandarin-1', '少年', 'shào nián', 'early youth', 'word', 2, null, null),
  ('v-h2-shao-shu', 'course-mandarin-1', '少数', 'shǎo shù', 'small number', 'word', 2, null, null),
  ('v-h2-shen-bian', 'course-mandarin-1', '身边', 'shēn biān', 'at one''s side', 'word', 2, null, null),
  ('v-h2-sheng-ci', 'course-mandarin-1', '生词', 'shēng cí', 'new word (in textbook)', 'word', 2, null, null),
  ('v-h2-sheng-yin', 'course-mandarin-1', '声音', 'shēng yīn', 'voice', 'word', 2, null, null),
  ('v-h2-shi-fen', 'course-mandarin-1', '十分', 'shí fēn', 'very', 'word', 2, null, null),
  ('v-h2-shi-ji', 'course-mandarin-1', '实际', 'shí jì', 'reality', 'word', 2, null, null),
  ('v-h2-shi-zai', 'course-mandarin-1', '实在', 'shí zài', 'really', 'word', 2, null, null),
  ('v-h2-shi-wu', 'course-mandarin-1', '食物', 'shí wù', 'food', 'word', 2, null, null),
  ('v-h2-shi', 'course-mandarin-1', '市', 'shì', 'market', 'word', 2, null, null),
  ('v-h2-shi-zhang', 'course-mandarin-1', '市长', 'shì zhǎng', 'mayor', 'word', 2, null, null),
  ('v-h2-shou-biao', 'course-mandarin-1', '手表', 'shǒu biǎo', 'wristwatch', 'word', 2, null, null),
  ('v-h2-shu-fu', 'course-mandarin-1', '舒服', 'shū fu', 'comfortable', 'word', 2, null, null),
  ('v-h2-shu', 'course-mandarin-1', '熟', 'shú', 'ripe; mature', 'word', 2, null, null),
  ('v-h2-shu-zi', 'course-mandarin-1', '数字', 'shù zì', 'numeral', 'word', 2, null, null),
  ('v-h2-shui-ping', 'course-mandarin-1', '水平', 'shuǐ píng', 'level (of achievement etc)', 'word', 2, null, null),
  ('v-h2-shun-li', 'course-mandarin-1', '顺利', 'shùn lì', 'smoothly; without a hitch', 'word', 2, null, null),
  ('v-h2-song-dao', 'course-mandarin-1', '送到', 'sòng dào', 'Deliver', 'word', 2, null, null),
  ('v-h2-sui-bian', 'course-mandarin-1', '随便', 'suí biàn', 'as one wishes', 'word', 2, null, null),
  ('v-h2-suo-yi', 'course-mandarin-1', '所以', 'suǒ yǐ', 'therefore', 'word', 2, null, null),
  ('v-h2-suo-you', 'course-mandarin-1', '所有', 'suǒ yǒu', 'all', 'word', 2, null, null),
  ('v-h2-ta', 'course-mandarin-1', '它', 'tā', 'it', 'word', 2, null, null),
  ('v-h2-ta-men', 'course-mandarin-1', '它们', 'tā men', 'they (for inanimate objects)', 'word', 2, null, null),
  ('v-h2-tai-tai', 'course-mandarin-1', '太太', 'tài tai', 'married woman', 'word', 2, null, null),
  ('v-h2-tai-yang', 'course-mandarin-1', '太阳', 'tài yang', 'sun', 'word', 2, null, null),
  ('v-h2-tai-du', 'course-mandarin-1', '态度', 'tài du', 'manner', 'word', 2, null, null),
  ('v-h2-te-bie', 'course-mandarin-1', '特别', 'tè bié', 'unusual; special', 'word', 2, null, null),
  ('v-h2-te-dian', 'course-mandarin-1', '特点', 'tè diǎn', 'characteristic (feature)', 'word', 2, null, null),
  ('v-h2-di-2', 'course-mandarin-1', '提', 'dī', 'used in 防 and 溜', 'word', 2, null, null),
  ('v-h2-ti', 'course-mandarin-1', '题', 'Tí', 'surname Ti', 'word', 2, null, null),
  ('v-h2-ti-yu-chang', 'course-mandarin-1', '体育场', 'tǐ yù chǎng', 'stadium', 'word', 2, null, null),
  ('v-h2-ti-yu-guan', 'course-mandarin-1', '体育馆', 'tǐ yù guǎn', 'gym', 'word', 2, null, null),
  ('v-h2-tian-shang', 'course-mandarin-1', '天上', 'tiān shàng', 'celestial', 'word', 2, null, null),
  ('v-h2-ting-che-chang', 'course-mandarin-1', '停车场', 'tíng chē chǎng', 'parking lot', 'word', 2, null, null),
  ('v-h2-ting', 'course-mandarin-1', '挺', 'tǐng', 'straight', 'word', 2, null, null),
  ('v-h2-tong-yang', 'course-mandarin-1', '同样', 'tóng yàng', 'same', 'word', 2, null, null),
  ('v-h2-tou', 'course-mandarin-1', '头', 'tóu', 'head', 'word', 2, null, null),
  ('v-h2-tou-fa', 'course-mandarin-1', '头发', 'tóu fa', 'hair (on the head)', 'word', 2, null, null),
  ('v-h2-tui', 'course-mandarin-1', '腿', 'tuǐ', 'leg', 'word', 2, null, null),
  ('v-h2-wai-mai', 'course-mandarin-1', '外卖', 'wài mài', '(of a restaurant) to provide a takeout or home delivery meal', 'noun', 2, null, null),
  ('v-h2-wan-quan', 'course-mandarin-1', '完全', 'wán quán', 'complete; whole', 'word', 2, null, null),
  ('v-h2-wan-bao', 'course-mandarin-1', '晚报', 'wǎn bào', 'evening newspaper', 'word', 2, null, null),
  ('v-h2-wan-can', 'course-mandarin-1', '晚餐', 'wǎn cān', 'evening meal', 'word', 2, null, null),
  ('v-h2-wan-hui', 'course-mandarin-1', '晚会', 'wǎn huì', 'evening party', 'word', 2, null, null),
  ('v-h2-wan', 'course-mandarin-1', '碗', 'wǎn', 'variant of 碗', 'word', 2, null, null),
  ('v-h2-wang', 'course-mandarin-1', '网', 'wǎng', 'net', 'word', 2, null, null),
  ('v-h2-wang-qiu', 'course-mandarin-1', '网球', 'wǎng qiú', 'tennis', 'word', 2, null, null),
  ('v-h2-wang-zhan', 'course-mandarin-1', '网站', 'wǎng zhàn', 'website', 'word', 2, null, null),
  ('v-h2-wang-2', 'course-mandarin-1', '往', 'wǎng', 'to go (in a direction)', 'word', 2, null, null),
  ('v-h2-wei', 'course-mandarin-1', '为', 'wéi', 'as (in the capacity of)', 'word', 2, null, null),
  ('v-h2-wei-shen-me', 'course-mandarin-1', '为什么', 'wèi shén me', 'why?', 'word', 2, null, null),
  ('v-h2-wei-2', 'course-mandarin-1', '位', 'wèi', 'position', 'word', 2, null, null),
  ('v-h2-wei-dao', 'course-mandarin-1', '味道', 'wèi dao', 'flavor; taste', 'word', 2, null, null),
  ('v-h2-wen-du', 'course-mandarin-1', '温度', 'wēn dù', 'temperature', 'word', 2, null, null),
  ('v-h2-wen', 'course-mandarin-1', '闻', 'Wén', 'surname Wen', 'word', 2, null, null),
  ('v-h2-wen-lu', 'course-mandarin-1', '问路', 'wèn lù', 'to ask for directions', 'word', 2, null, null),
  ('v-h2-wu-can', 'course-mandarin-1', '午餐', 'wǔ cān', 'lunch', 'word', 2, null, null),
  ('v-h2-xi-bei', 'course-mandarin-1', '西北', 'Xī běi', 'Northwest China (Shaanxi, Gansu, Qinghai, Ningxia, Xinjiang)', 'word', 2, null, null),
  ('v-h2-xi-can', 'course-mandarin-1', '西餐', 'xī cān', 'Western-style food', 'word', 2, null, null),
  ('v-h2-xi-fang', 'course-mandarin-1', '西方', 'Xī fāng', 'the West', 'word', 2, null, null),
  ('v-h2-xi-guan', 'course-mandarin-1', '习惯', 'xí guàn', 'habit', 'word', 2, null, null),
  ('v-h2-xi-yi-ji', 'course-mandarin-1', '洗衣机', 'xǐ yī jī', 'washing machine; washer', 'word', 2, null, null),
  ('v-h2-xia-zhou', 'course-mandarin-1', '下周', 'xià zhōu', 'next week', 'noun', 2, null, null),
  ('v-h2-xia-tian', 'course-mandarin-1', '夏天', 'xià tiān', 'summer', 'word', 2, null, null),
  ('v-h2-xiang-ji', 'course-mandarin-1', '相机', 'xiàng jī', 'camera (abbr. for 照相机)', 'word', 2, null, null),
  ('v-h2-xiang-tong', 'course-mandarin-1', '相同', 'xiāng tóng', 'identical', 'word', 2, null, null),
  ('v-h2-xiang', 'course-mandarin-1', '响', 'xiǎng', 'echo', 'word', 2, null, null),
  ('v-h2-xiang-2', 'course-mandarin-1', '向', 'Xiàng', 'surname Xiang', 'word', 2, null, null),
  ('v-h2-xiao-sheng', 'course-mandarin-1', '小声', 'xiǎo shēng', 'in a low voice', 'word', 2, null, null),
  ('v-h2-xiao-shi-hou', 'course-mandarin-1', '小时候', 'xiǎo shí hou', 'in one''s childhood', 'word', 2, null, null),
  ('v-h2-xiao-shuo', 'course-mandarin-1', '小说', 'xiǎo shuō', 'novel', 'word', 2, null, null),
  ('v-h2-xiao-zu', 'course-mandarin-1', '小组', 'xiǎo zǔ', 'group', 'word', 2, null, null),
  ('v-h2-xiao-yuan', 'course-mandarin-1', '校园', 'xiào yuán', 'campus', 'word', 2, null, null),
  ('v-h2-xiao-zhang', 'course-mandarin-1', '校长', 'xiào zhǎng', '(college, university) president', 'word', 2, null, null),
  ('v-h2-xiao-hua', 'course-mandarin-1', '笑话', 'xiào hua', 'joke; jest', 'word', 2, null, null),
  ('v-h2-xiaohuar5', 'course-mandarin-1', '笑话儿', 'xiàohuar5', 'Joke', 'noun', 2, null, null),
  ('v-h2-xie', 'course-mandarin-1', '鞋', 'xié', 'shoe', 'word', 2, null, null),
  ('v-h2-xin-li', 'course-mandarin-1', '心里', 'xīn li', 'chest', 'word', 2, null, null),
  ('v-h2-xin-qing', 'course-mandarin-1', '心情', 'xīn qíng', 'mood; frame of mind', 'word', 2, null, null),
  ('v-h2-xin-zhong', 'course-mandarin-1', '心中', 'xīn zhōng', 'central point', 'word', 2, null, null),
  ('v-h2-xin-wen', 'course-mandarin-1', '新闻', 'xīn wén', 'news', 'word', 2, null, null),
  ('v-h2-xin', 'course-mandarin-1', '信', 'xìn', 'letter', 'word', 2, null, null),
  ('v-h2-xin-hao', 'course-mandarin-1', '信号', 'xìn hào', 'signal', 'word', 2, null, null),
  ('v-h2-xin-xi', 'course-mandarin-1', '信息', 'xìn xī', 'information', 'word', 2, null, null),
  ('v-h2-xin-xin', 'course-mandarin-1', '信心', 'xìn xīn', 'confidence', 'word', 2, null, null),
  ('v-h2-xin-yong-ka', 'course-mandarin-1', '信用卡', 'xìn yòng kǎ', 'credit card', 'word', 2, null, null),
  ('v-h2-xing-xing', 'course-mandarin-1', '星星', 'xīng xing', '(coll.) a star; the stars in the sky', 'word', 2, null, null),
  ('v-h2-xing-dong', 'course-mandarin-1', '行动', 'xíng dòng', 'operation', 'verb', 2, null, null),
  ('v-h2-xing-ren', 'course-mandarin-1', '行人', 'xíng rén', 'pedestrian', 'word', 2, null, null),
  ('v-h2-xing-wei', 'course-mandarin-1', '行为', 'xíng wéi', 'action', 'word', 2, null, null),
  ('v-h2-xing', 'course-mandarin-1', '姓', 'xìng', 'family name', 'word', 2, null, null),
  ('v-h2-xing-ming', 'course-mandarin-1', '姓名', 'xìng míng', 'surname and given name', 'word', 2, null, null),
  ('v-h2-xu-duo', 'course-mandarin-1', '许多', 'xǔ duō', 'many', 'word', 2, null, null),
  ('v-h2-xue-qi', 'course-mandarin-1', '学期', 'xué qī', 'term', 'word', 2, null, null),
  ('v-h2-xue', 'course-mandarin-1', '雪', 'Xuě', 'surname Xue', 'word', 2, null, null),
  ('v-h2-yan-se', 'course-mandarin-1', '颜色', 'yán sè', 'color', 'word', 2, null, null),
  ('v-h2-yan', 'course-mandarin-1', '眼', 'yǎn', 'eye', 'word', 2, null, null),
  ('v-h2-yan-jing', 'course-mandarin-1', '眼睛', 'yǎn jing', 'eye', 'word', 2, null, null),
  ('v-h2-yang-zi', 'course-mandarin-1', '样子', 'yàng zi', 'appearance', 'word', 2, null, null),
  ('v-h2-yao', 'course-mandarin-1', '药', 'yào', 'leaf of the iris', 'word', 2, null, null),
  ('v-h2-yao-dian', 'course-mandarin-1', '药店', 'yào diàn', 'pharmacy', 'word', 2, null, null),
  ('v-h2-yao-shui', 'course-mandarin-1', '药水', 'Yào shuǐ', 'Yaksu in North Korea, near the border with Liaoning and Jiling province', 'word', 2, null, null),
  ('v-h2-ye-xu', 'course-mandarin-1', '也许', 'yě xǔ', 'perhaps', 'word', 2, null, null),
  ('v-h2-ye', 'course-mandarin-1', '夜', 'yè', 'variant of 夜', 'word', 2, null, null),
  ('v-h2-ye-li', 'course-mandarin-1', '夜里', 'yè li', 'during the night', 'word', 2, null, null),
  ('v-h2-yi-ban', 'course-mandarin-1', '一般', 'yī bān', 'same', 'word', 2, null, null),
  ('v-h2-yi-bu-fen', 'course-mandarin-1', '一部分', 'yī bù fen', 'portion', 'word', 2, null, null),
  ('v-h2-yi-dian-dian', 'course-mandarin-1', '一点点', 'yī diǎn diǎn', 'a little bit', 'word', 2, null, null),
  ('v-h2-yi-ding', 'course-mandarin-1', '一定', 'yī dìng', 'surely', 'word', 2, null, null),
  ('v-h2-yi-sheng', 'course-mandarin-1', '一生', 'yī shēng', 'all one''s life; throughout one''s life', 'word', 2, null, null),
  ('v-h2-yi-zhi', 'course-mandarin-1', '一直', 'yī zhí', 'straight (in a straight line)', 'word', 2, null, null),
  ('v-h2-yi-jing', 'course-mandarin-1', '已经', 'yǐ jīng', 'already', 'word', 2, null, null),
  ('v-h2-yi-hou', 'course-mandarin-1', '以后', 'yǐ hòu', 'after', 'word', 2, null, null),
  ('v-h2-yi-qian', 'course-mandarin-1', '以前', 'yǐ qián', 'before', 'word', 2, null, null),
  ('v-h2-yi-shang', 'course-mandarin-1', '以上', 'yǐ shàng', 'that level or higher', 'word', 2, null, null),
  ('v-h2-yi-xia', 'course-mandarin-1', '以下', 'yǐ xià', 'that level or lower', 'word', 2, null, null),
  ('v-h2-yi', 'course-mandarin-1', '亿', 'yì', '100 million', 'word', 2, null, null),
  ('v-h2-yi-jian', 'course-mandarin-1', '意见', 'yì jiàn', 'idea', 'word', 2, null, null),
  ('v-h2-yi-si', 'course-mandarin-1', '意思', 'yì si', 'idea', 'word', 2, null, null),
  ('v-h2-yin', 'course-mandarin-1', '阴', 'Yīn', 'surname Yin', 'word', 2, null, null),
  ('v-h2-yin-tian', 'course-mandarin-1', '阴天', 'yīn tiān', 'cloudy day; overcast sky', 'word', 2, null, null),
  ('v-h2-yin-yue-hui', 'course-mandarin-1', '音乐会', 'yīn yuè huì', 'concert', 'word', 2, null, null),
  ('v-h2-yin-hang-ka', 'course-mandarin-1', '银行卡', 'yín háng kǎ', 'bank card', 'noun', 2, null, null),
  ('v-h2-ying-wen', 'course-mandarin-1', '英文', 'Yīng wén', 'English (language)', 'noun', 2, null, null),
  ('v-h2-ying-yu', 'course-mandarin-1', '英语', 'Yīng yǔ', 'English (language)', 'noun', 2, null, null),
  ('v-h2-ying-pian', 'course-mandarin-1', '影片', 'yǐng piàn', 'a copy of a film', 'word', 2, null, null),
  ('v-h2-ying-xiang', 'course-mandarin-1', '影响', 'yǐng xiǎng', 'influence', 'word', 2, null, null),
  ('v-h2-yong-yuan', 'course-mandarin-1', '永远', 'yǒng yuǎn', 'forever', 'word', 2, null, null),
  ('v-h2-you', 'course-mandarin-1', '油', 'yóu', 'oil', 'word', 2, null, null),
  ('v-h2-you-hao', 'course-mandarin-1', '友好', 'Yǒu hǎo', 'Youhao district of Yichun city 市, Heilongjiang', 'word', 2, null, null),
  ('v-h2-you-dian-r', 'course-mandarin-1', '有点儿', 'yǒu diǎn r', 'slightly', 'noun', 2, null, null),
  ('v-h2-you-yi-dian-r', 'course-mandarin-1', '有一点儿', 'yǒu yī diǎn r', 'a bit', 'noun', 2, null, null),
  ('v-h2-you-2', 'course-mandarin-1', '又', 'yòu', '(once) again', 'word', 2, null, null),
  ('v-h2-yu-yan', 'course-mandarin-1', '语言', 'yǔ yán', 'language', 'word', 2, null, null),
  ('v-h2-yuan-lai', 'course-mandarin-1', '原来', 'yuán lái', 'original', 'word', 2, null, null),
  ('v-h2-yuan-yin', 'course-mandarin-1', '原因', 'yuán yīn', 'cause', 'word', 2, null, null),
  ('v-h2-yuan', 'course-mandarin-1', '院', 'yuàn', 'courtyard', 'word', 2, null, null),
  ('v-h2-yuan-zhang', 'course-mandarin-1', '院长', 'yuàn zhǎng', 'the head of an institution whose name ends in 院', 'word', 2, null, null),
  ('v-h2-yuan-zi', 'course-mandarin-1', '院子', 'yuàn zi', 'courtyard', 'word', 2, null, null),
  ('v-h2-yue-fen', 'course-mandarin-1', '月份', 'yuè fèn', 'month', 'word', 2, null, null),
  ('v-h2-yue-liang', 'course-mandarin-1', '月亮', 'yuè liang', 'the moon', 'word', 2, null, null),
  ('v-h2-yue-lai-yue', 'course-mandarin-1', '越来越', 'yuè lái yuè', 'more and more', 'word', 2, null, null),
  ('v-h2-zan', 'course-mandarin-1', '咱', 'zán', 'variant of 咱', 'word', 2, null, null),
  ('v-h2-zang', 'course-mandarin-1', '脏', 'zàng', 'viscera', 'word', 2, null, null),
  ('v-h2-zao-chen', 'course-mandarin-1', '早晨', 'zǎo chén', 'early morning', 'word', 2, null, null),
  ('v-h2-zen-yang', 'course-mandarin-1', '怎样', 'zěn yàng', 'how', 'word', 2, null, null),
  ('v-h2-zhan', 'course-mandarin-1', '占', 'zhàn', 'variant of 占', 'word', 2, null, null),
  ('v-h2-chang-2', 'course-mandarin-1', '长', 'cháng', 'length', 'word', 2, null, null),
  ('v-h2-zhe-shihou', 'course-mandarin-1', '这时候', 'zhè shíhòu', 'At this moment', 'word', 2, null, null),
  ('v-h2-zhe-yang', 'course-mandarin-1', '这样', 'zhè yàng', 'this kind of', 'word', 2, null, null),
  ('v-h2-zhen-zheng', 'course-mandarin-1', '真正', 'zhēn zhèng', 'genuine; real; true', 'word', 2, null, null),
  ('v-h2-zheng-chang', 'course-mandarin-1', '正常', 'zhèng cháng', 'regular', 'word', 2, null, null),
  ('v-h2-zheng-que', 'course-mandarin-1', '正确', 'zhèng què', 'correct; sound; right; proper', 'word', 2, null, null),
  ('v-h2-zheng-shi', 'course-mandarin-1', '正是', 'zhèng shì', 'is precisely', 'word', 2, null, null),
  ('v-h2-zhi-jie', 'course-mandarin-1', '直接', 'zhí jiē', 'direct (opposite: indirect 间接)', 'word', 2, null, null),
  ('v-h2-zhi', 'course-mandarin-1', '只', 'zhǐ', 'only', 'word', 2, null, null),
  ('v-h2-zhi-yao', 'course-mandarin-1', '只要', 'zhǐ yào', 'if only', 'word', 2, null, null),
  ('v-h2-zhong-can', 'course-mandarin-1', '中餐', 'zhōng cān', 'lunch', 'word', 2, null, null),
  ('v-h2-zhong-ji', 'course-mandarin-1', '中级', 'zhōng jí', 'middle level (in a hierarchy)', 'word', 2, null, null),
  ('v-h2-zhong-nian', 'course-mandarin-1', '中年', 'zhōng nián', 'middle age', 'word', 2, null, null),
  ('v-h2-zhong-xiao-xue', 'course-mandarin-1', '中小学', 'zhōng xiǎo xué', 'middle and elementary school', 'word', 2, null, null),
  ('v-h2-zhong-yi', 'course-mandarin-1', '中医', 'Zhōng yī', 'traditional Chinese medical science', 'word', 2, null, null),
  ('v-h2-chong-xin', 'course-mandarin-1', '重新', 'chóng xīn', 'again; once more; re-', 'word', 2, null, null),
  ('v-h2-zhou', 'course-mandarin-1', '周', 'Zhōu', 'surname Zhou', 'word', 2, null, null),
  ('v-h2-zhou-nian', 'course-mandarin-1', '周年', 'zhōu nián', 'anniversary', 'word', 2, null, null),
  ('v-h2-zhu-ren', 'course-mandarin-1', '主人', 'zhǔ rén', 'master', 'word', 2, null, null),
  ('v-h2-zhu-yao', 'course-mandarin-1', '主要', 'zhǔ yào', 'main', 'word', 2, null, null),
  ('v-h2-zhu-yuan', 'course-mandarin-1', '住院', 'zhù yuàn', 'to be in hospital', 'word', 2, null, null),
  ('v-h2-zhuang', 'course-mandarin-1', '装', 'zhuāng', 'adornment', 'word', 2, null, null),
  ('v-h2-zhun-que', 'course-mandarin-1', '准确', 'zhǔn què', 'accurate; exact; precise', 'word', 2, null, null),
  ('v-h2-zi-ji', 'course-mandarin-1', '自己', 'zì jǐ', 'oneself', 'word', 2, null, null),
  ('v-h2-zi-xing-che', 'course-mandarin-1', '自行车', 'zì xíng chē', 'bicycle; bike', 'word', 2, null, null),
  ('v-h2-zu', 'course-mandarin-1', '组', 'Zǔ', 'surname Zu', 'word', 2, null, null),
  ('v-h2-zu-zhang', 'course-mandarin-1', '组长', 'zǔ zhǎng', 'group leader', 'word', 2, null, null),
  ('v-h2-zui', 'course-mandarin-1', '嘴', 'zuǐ', 'mouth', 'word', 2, null, null),
  ('v-h2-zui-jin', 'course-mandarin-1', '最近', 'zuì jìn', 'recently', 'word', 2, null, null),
  ('v-h2-zuo-jia', 'course-mandarin-1', '作家', 'zuò jiā', 'author', 'word', 2, null, null),
  ('v-h2-zuo-ye', 'course-mandarin-1', '作业', 'zuò yè', 'school assignment', 'word', 2, null, null),
  ('v-h2-zuo', 'course-mandarin-1', '座', 'zuò', 'seat', 'word', 2, null, null),
  ('v-h2-zuo-wei', 'course-mandarin-1', '座位', 'zuò wèi', 'seat', 'word', 2, null, null),
  ('v-h2-bu-hao-yi-si', 'course-mandarin-1', '不好意思', 'bù hǎo yì si', 'to feel embarrassed', 'word', 2, null, null),
  ('v-h2-bu-yihuir5', 'course-mandarin-1', '不一会儿', 'bù yīhuǐr5', 'Take a short while', 'word', 2, null, null),
  ('v-h2-cai', 'course-mandarin-1', '才', 'cái', 'ability; talent', 'word', 2, null, null),
  ('v-h2-ci-yu', 'course-mandarin-1', '词语', 'cí yǔ', 'word (general term including monosyllables through to short phrases)', 'word', 2, null, null),
  ('v-h2-dao-2', 'course-mandarin-1', '倒', 'dǎo', 'to fall; to collapse; to lie horizontally', 'word', 2, null, null),
  ('v-h2-duan-2', 'course-mandarin-1', '短', 'duǎn', 'short', 'word', 2, null, null),
  ('v-h2-fang-xin', 'course-mandarin-1', '放心', 'fàng xīn', 'to feel relieved', 'word', 2, null, null),
  ('v-h2-gan-dao', 'course-mandarin-1', '感到', 'gǎn dào', 'to feel; to sense; to perceive', 'word', 2, null, null),
  ('v-h2-gan-jue', 'course-mandarin-1', '感觉', 'gǎn jué', 'feeling; impression; sensation', 'word', 2, null, null),
  ('v-h2-gan-xie', 'course-mandarin-1', '感谢', 'gǎn xiè', '(express) thanks', 'word', 2, null, null),
  ('v-h2-gong-jiao-che', 'course-mandarin-1', '公交车', 'gōng jiāo chē', 'public transport vehicle', 'noun', 2, null, null),
  ('v-h2-huo-dong', 'course-mandarin-1', '活动', 'huó dòng', 'to exercise', 'verb', 2, null, null),
  ('v-h2-jia', 'course-mandarin-1', '加', 'Jiā', 'Canada (abbr. for 大)', 'word', 2, null, null),
  ('v-h2-jian-kang', 'course-mandarin-1', '健康', 'jiàn kāng', 'health', 'word', 2, null, null),
  ('v-h2-kai-xin', 'course-mandarin-1', '开心', 'kāi xīn', 'to feel happy', 'word', 2, null, null),
  ('v-h2-ke-ai', 'course-mandarin-1', '可爱', 'kě ài', 'adorable', 'word', 2, null, null),
  ('v-h2-ke-yi', 'course-mandarin-1', '可以', 'kě yǐ', 'can', 'word', 2, null, null),
  ('v-h2-kuai-can', 'course-mandarin-1', '快餐', 'kuài cān', 'fast food', 'word', 2, null, null),
  ('v-h2-kuai-le', 'course-mandarin-1', '快乐', 'kuài lè', 'happy; joyful', 'word', 2, null, null),
  ('v-h2-lan-qiu', 'course-mandarin-1', '篮球', 'lán qiú', 'basketball', 'word', 2, null, null),
  ('v-h2-liang-kuai', 'course-mandarin-1', '凉快', 'liáng kuai', 'nice and cold', 'word', 2, null, null),
  ('v-h2-nan-guo', 'course-mandarin-1', '难过', 'nán guò', 'to feel sad', 'word', 2, null, null),
  ('v-h2-nan-shou', 'course-mandarin-1', '难受', 'nán shòu', 'to feel unwell', 'word', 2, null, null),
  ('v-h2-neng-gou', 'course-mandarin-1', '能够', 'néng gòu', 'to be capable of', 'word', 2, null, null),
  ('v-h2-peng-jian', 'course-mandarin-1', '碰见', 'pèng jiàn', 'to run into', 'word', 2, null, null),
  ('v-h2-ji-4', 'course-mandarin-1', '骑', 'jì', '(Tw) saddle horse', 'word', 2, null, null),
  ('v-h2-qiu-dui', 'course-mandarin-1', '球队', 'qiú duì', 'sports team (basketball, soccer, football etc)', 'word', 2, null, null),
  ('v-h2-quan-shen', 'course-mandarin-1', '全身', 'quán shēn', 'the whole body', 'word', 2, null, null),
  ('v-h2-ti-yu', 'course-mandarin-1', '体育', 'tǐ yù', 'sports', 'word', 2, null, null),
  ('v-h2-wai-di', 'course-mandarin-1', '外地', 'wài dì', 'parts of the country other than where one is', 'word', 2, null, null),
  ('v-h2-xi-yi', 'course-mandarin-1', '西医', 'xī yī', 'Western medicine', 'word', 2, null, null),
  ('v-h2-yao-pian', 'course-mandarin-1', '药片', 'yào piàn', 'a (medicine) pill or tablet', 'word', 2, null, null),
  ('v-h2-yi-gong', 'course-mandarin-1', '一共', 'yī gòng', 'altogether', 'word', 2, null, null),
  ('v-h2-yin-jie', 'course-mandarin-1', '音节', 'yīn jié', 'syllable', 'word', 2, null, null),
  ('v-h2-yin-yue', 'course-mandarin-1', '音乐', 'yīn yuè', 'music', 'word', 2, null, null),
  ('v-h2-youkongr5', 'course-mandarin-1', '有空儿', 'yǒukòngr5', 'available', 'noun', 2, null, null),
  ('v-h2-you-yi-si', 'course-mandarin-1', '有意思', 'yǒu yì si', 'interesting', 'word', 2, null, null),
  ('v-h2-zao-can', 'course-mandarin-1', '早餐', 'zǎo cān', 'breakfast', 'word', 2, null, null),
  ('v-h2-zhi-neng', 'course-mandarin-1', '只能', 'zhǐ néng', 'can only', 'word', 2, null, null),
  ('v-h2-zhou-mo', 'course-mandarin-1', '周末', 'zhōu mò', 'weekend', 'word', 2, null, null),
  ('v-h2-zhu-fang', 'course-mandarin-1', '住房', 'zhù fáng', 'housing', 'word', 2, null, null),
  ('v-h2-zi-dian', 'course-mandarin-1', '字典', 'zì diǎn', 'Chinese character dictionary (containing entries for single characters, contrasted with a 词典, which has entries for words of one or more characters)', 'word', 2, null, null),
  ('v-h2-zi-you', 'course-mandarin-1', '自由', 'zì yóu', 'freedom; liberty', 'word', 2, null, null),
  ('v-h2-ban', 'course-mandarin-1', '办', 'bàn', 'to do', 'word', 2, null, null),
  ('v-h2-bao-ming', 'course-mandarin-1', '报名', 'bào míng', 'to sign up', 'word', 2, null, null),
  ('v-h2-bi-ji', 'course-mandarin-1', '笔记', 'bǐ jì', 'to take down (in writing)', 'word', 2, null, null),
  ('v-h2-bi-ji-ben', 'course-mandarin-1', '笔记本', 'bǐ jì běn', 'notebook (stationery)', 'word', 2, null, null),
  ('v-h2-bi-xu', 'course-mandarin-1', '必须', 'bì xū', 'to have to', 'word', 2, null, null),
  ('v-h2-bian-3', 'course-mandarin-1', '变', 'biàn', 'to change', 'word', 2, null, null),
  ('v-h2-bian-cheng', 'course-mandarin-1', '变成', 'biàn chéng', 'to change into', 'word', 2, null, null),
  ('v-h2-bu-ru', 'course-mandarin-1', '不如', 'bù rú', 'not equal to', 'word', 2, null, null),
  ('v-h2-bu-tai', 'course-mandarin-1', '不太', 'bù tài', 'Not too', 'noun', 2, null, null),
  ('v-h2-can-guan', 'course-mandarin-1', '参观', 'cān guān', 'to look around', 'word', 2, null, null),
  ('v-h2-can-jia', 'course-mandarin-1', '参加', 'cān jiā', 'to participate', 'word', 2, null, null),
  ('v-h2-ceng', 'course-mandarin-1', '层', 'céng', 'to pile on top of one another', 'word', 2, null, null),
  ('v-h2-chao-guo', 'course-mandarin-1', '超过', 'chāo guò', 'to surpass', 'word', 2, null, null),
  ('v-h2-chen', 'course-mandarin-1', '称', 'chèn', 'to fit', 'word', 2, null, null),
  ('v-h2-cheng-wei', 'course-mandarin-1', '成为', 'chéng wéi', 'to become; to turn into', 'word', 2, null, null),
  ('v-h2-chu-fa', 'course-mandarin-1', '出发', 'chū fā', 'to set off', 'word', 2, null, null),
  ('v-h2-chu-guo', 'course-mandarin-1', '出国', 'chū guó', 'to go abroad; to leave the country', 'word', 2, null, null),
  ('v-h2-chu-kou', 'course-mandarin-1', '出口', 'chū kǒu', 'an exit', 'word', 2, null, null),
  ('v-h2-chu-men', 'course-mandarin-1', '出门', 'chū mén', 'to go out', 'word', 2, null, null),
  ('v-h2-chu-sheng', 'course-mandarin-1', '出生', 'chū shēng', 'to be born', 'word', 2, null, null),
  ('v-h2-chu-xian', 'course-mandarin-1', '出现', 'chū xiàn', 'to appear', 'word', 2, null, null),
  ('v-h2-chu-zu', 'course-mandarin-1', '出租', 'chū zū', 'to rent', 'word', 2, null, null),
  ('v-h2-chui', 'course-mandarin-1', '吹', 'chuī', 'to blow', 'word', 2, null, null),
  ('v-h2-cong-xiao', 'course-mandarin-1', '从小', 'cóng xiǎo', 'from childhood', 'word', 2, null, null),
  ('v-h2-da-suan', 'course-mandarin-1', '打算', 'dǎ suàn', 'to plan', 'word', 2, null, null),
  ('v-h2-da-yin', 'course-mandarin-1', '打印', 'dǎ yìn', 'to affix a seal', 'word', 2, null, null),
  ('v-h2-dai-lai', 'course-mandarin-1', '带来', 'dài lái', 'to bring', 'word', 2, null, null),
  ('v-h2-de', 'course-mandarin-1', '得', 'dé', 'to obtain', 'word', 2, null, null),
  ('v-h2-de-chu', 'course-mandarin-1', '得出', 'dé chū', 'to obtain (a result); to arrive at (a conclusion)', 'word', 2, null, null),
  ('v-h2-di-tie-zhan', 'course-mandarin-1', '地铁站', 'dì tiě zhàn', 'subway station', 'word', 2, null, null),
  ('v-h2-deng-dao', 'course-mandarin-1', '等到', 'děng dào', 'to wait until', 'word', 2, null, null),
  ('v-h2-deng-yu', 'course-mandarin-1', '等于', 'děng yú', 'to equal', 'word', 2, null, null),
  ('v-h2-dian-tou', 'course-mandarin-1', '点头', 'diǎn tóu', 'to nod', 'word', 2, null, null),
  ('v-h2-diao-2', 'course-mandarin-1', '掉', 'diào', 'to fall', 'word', 2, null, null),
  ('v-h2-du', 'course-mandarin-1', '度', 'dù', 'to pass', 'word', 2, null, null),
  ('v-h2-dui-hua', 'course-mandarin-1', '对话', 'duì huà', 'to talk (with sb)', 'verb', 2, null, null),
  ('v-h2-fa', 'course-mandarin-1', '发', 'fā', 'to send out', 'word', 2, null, null),
  ('v-h2-fa-xian', 'course-mandarin-1', '发现', 'fā xiàn', 'to notice; to become aware of', 'word', 2, null, null),
  ('v-h2-fang-xia', 'course-mandarin-1', '放下', 'fàng xià', 'to lay down', 'word', 2, null, null),
  ('v-h2-fen-kai', 'course-mandarin-1', '分开', 'fēn kāi', 'to separate', 'word', 2, null, null),
  ('v-h2-fu-wu', 'course-mandarin-1', '服务', 'fú wù', 'to serve', 'verb', 2, null, null),
  ('v-h2-gai', 'course-mandarin-1', '改', 'gǎi', 'to change', 'word', 2, null, null),
  ('v-h2-gai-bian', 'course-mandarin-1', '改变', 'gǎi biàn', 'to change', 'word', 2, null, null),
  ('v-h2-gan-dong', 'course-mandarin-1', '感动', 'gǎn dòng', 'to move (sb)', 'word', 2, null, null),
  ('v-h2-gan-bei', 'course-mandarin-1', '干杯', 'gān bēi', 'to drink a toast', 'word', 2, null, null),
  ('v-h2-geng', 'course-mandarin-1', '更', 'gēng', 'to change or replace', 'word', 2, null, null),
  ('v-h2-gong-lu', 'course-mandarin-1', '公路', 'gōng lù', 'highway', 'word', 2, null, null),
  ('v-h2-gu-ke', 'course-mandarin-1', '顾客', 'gù kè', 'customer; client', 'word', 2, null, null),
  ('v-h2-guan-ji', 'course-mandarin-1', '关机', 'guān jī', 'to turn off (a machine or device)', 'word', 2, null, null),
  ('v-h2-guan-xin', 'course-mandarin-1', '关心', 'guān xīn', 'to be concerned about', 'word', 2, null, null),
  ('v-h2-guang-gao', 'course-mandarin-1', '广告', 'guǎng gào', 'to advertise', 'word', 2, null, null),
  ('v-h2-guo-lai', 'course-mandarin-1', '过来', 'guò lái', 'to come over', 'word', 2, null, null),
  ('v-h2-guo-nian', 'course-mandarin-1', '过年', 'guò nián', 'to celebrate the Chinese New Year', 'word', 2, null, null),
  ('v-h2-han', 'course-mandarin-1', '喊', 'hǎn', 'to yell', 'word', 2, null, null),
  ('v-h2-hao-chu', 'course-mandarin-1', '好处', 'hǎo chǔ', 'easy to get along with', 'word', 2, null, null),
  ('v-h2-hao-ren', 'course-mandarin-1', '好人', 'hǎo rén', 'good person', 'word', 2, null, null),
  ('v-h2-hu-zhao', 'course-mandarin-1', '护照', 'hù zhào', 'passport', 'word', 2, null, null),
  ('v-h2-hua', 'course-mandarin-1', '画', 'huà', 'to draw; to paint', 'word', 2, null, null),
  ('v-h2-huan-ying', 'course-mandarin-1', '欢迎', 'huān yíng', 'to welcome', 'word', 2, null, null),
  ('v-h2-huan', 'course-mandarin-1', '换', 'huàn', 'to exchange', 'word', 2, null, null),
  ('v-h2-hui-guo', 'course-mandarin-1', '回国', 'huí guó', 'to return to one''s home country', 'word', 2, null, null),
  ('v-h2-jia-you', 'course-mandarin-1', '加油', 'jiā yóu', 'to add oil', 'word', 2, null, null),
  ('v-h2-jian-dao', 'course-mandarin-1', '见到', 'jiàn dào', 'to see', 'word', 2, null, null),
  ('v-h2-jiang', 'course-mandarin-1', '讲', 'jiǎng', 'to speak', 'word', 2, null, null),
  ('v-h2-jiao-2', 'course-mandarin-1', '交', 'jiāo', 'to hand over', 'word', 2, null, null),
  ('v-h2-jiao-gei', 'course-mandarin-1', '交给', 'jiāo gěi', 'to give; to deliver; to hand over', 'word', 2, null, null),
  ('v-h2-jiao-peng-you', 'course-mandarin-1', '交朋友', 'jiāo péng you', 'to make friends', 'word', 2, null, null),
  ('v-h2-jiao-tong', 'course-mandarin-1', '交通', 'jiāo tōng', 'to be connected', 'word', 2, null, null),
  ('v-h2-jiao-zuo', 'course-mandarin-1', '叫作', 'jiào zuò', 'to call', 'word', 2, null, null),
  ('v-h2-jiao-xue', 'course-mandarin-1', '教学', 'jiāo xué', 'to teach (as a professor)', 'verb', 2, null, null),
  ('v-h2-jiao-yu', 'course-mandarin-1', '教育', 'jiào yù', 'to educate', 'verb', 2, null, null),
  ('v-h2-jie-3', 'course-mandarin-1', '接', 'jiē', 'to receive', 'word', 2, null, null),
  ('v-h2-jie-dao', 'course-mandarin-1', '接到', 'jiē dào', 'to receive (letter etc)', 'word', 2, null, null),
  ('v-h2-jie-shou', 'course-mandarin-1', '接受', 'jiē shòu', 'to accept', 'word', 2, null, null),
  ('v-h2-jie-xia-lai', 'course-mandarin-1', '接下来', 'jiē xià lái', 'to accept', 'word', 2, null, null),
  ('v-h2-jie-zhe', 'course-mandarin-1', '接着', 'jiē zhe', 'to catch and hold on', 'word', 2, null, null),
  ('v-h2-jie-guo', 'course-mandarin-1', '结果', 'jiē guǒ', 'to bear fruit', 'word', 2, null, null),
  ('v-h2-jie-4', 'course-mandarin-1', '借', 'jiè', 'to lend', 'word', 2, null, null),
  ('v-h2-jin-ru', 'course-mandarin-1', '进入', 'jìn rù', 'to enter', 'word', 2, null, null),
  ('v-h2-jin-xing', 'course-mandarin-1', '进行', 'jìn xíng', 'to advance', 'word', 2, null, null),
  ('v-h2-jing-guo', 'course-mandarin-1', '经过', 'jīng guò', 'to pass', 'word', 2, null, null),
  ('v-h2-ju-shou', 'course-mandarin-1', '举手', 'jǔ shǒu', 'to raise a hand', 'word', 2, null, null),
  ('v-h2-ka', 'course-mandarin-1', '卡', 'kǎ', 'to stop', 'word', 2, null, null),
  ('v-h2-kai-ji', 'course-mandarin-1', '开机', 'kāi jī', 'to start an engine', 'word', 2, null, null),
  ('v-h2-kan-fa', 'course-mandarin-1', '看法', 'kàn fǎ', 'way of looking at a thing', 'word', 2, null, null),
  ('v-h2-kao', 'course-mandarin-1', '靠', 'kào', 'to lean against or on', 'word', 2, null, null),
  ('v-h2-ke-ren', 'course-mandarin-1', '客人', 'kè rén', 'visitor', 'word', 2, null, null),
  ('v-h2-ku', 'course-mandarin-1', '哭', 'kū', 'to cry; to weep', 'word', 2, null, null),
  ('v-h2-kuai-yao', 'course-mandarin-1', '快要', 'kuài yào', 'nearly at the point of (doing sth); about to (do sth)', 'word', 2, null, null),
  ('v-h2-la', 'course-mandarin-1', '拉', 'lā', 'to pull', 'word', 2, null, null),
  ('v-h2-lao-shi', 'course-mandarin-1', '老是', 'lǎo shi', 'always', 'word', 2, null, null),
  ('v-h2-li-kai', 'course-mandarin-1', '离开', 'lí kāi', 'to depart; to leave', 'word', 2, null, null),
  ('v-h2-liu-2', 'course-mandarin-1', '流', 'liú', 'to flow', 'word', 2, null, null),
  ('v-h2-liu-xing', 'course-mandarin-1', '流行', 'liú xíng', '(of a contagious disease etc) to spread', 'word', 2, null, null),
  ('v-h2-liu-xia', 'course-mandarin-1', '留下', 'liú xià', 'to leave behind', 'word', 2, null, null),
  ('v-h2-lu-bian', 'course-mandarin-1', '路边', 'lù biān', 'curb; roadside; wayside', 'word', 2, null, null),
  ('v-h2-lu-ke', 'course-mandarin-1', '旅客', 'lǚ kè', 'traveler; tourist', 'word', 2, null, null),
  ('v-h2-lu-xing', 'course-mandarin-1', '旅行', 'lǚ xíng', 'to travel', 'word', 2, null, null),
  ('v-h2-lu-you', 'course-mandarin-1', '旅游', 'lǚ yóu', 'trip', 'verb', 2, null, null),
  ('v-h2-mu-di', 'course-mandarin-1', '目的', 'mù dì', 'purpose; aim; goal; target; objective', 'word', 2, null, null),
  ('v-h2-na-chu', 'course-mandarin-1', '拿出', 'ná chū', 'to take out', 'word', 2, null, null),
  ('v-h2-na-dao', 'course-mandarin-1', '拿到', 'ná dào', 'to get', 'word', 2, null, null),
  ('v-h2-nan-ting', 'course-mandarin-1', '难听', 'nán tīng', 'unpleasant to hear', 'word', 2, null, null),
  ('v-h2-pa-2', 'course-mandarin-1', '爬', 'pá', 'to crawl', 'word', 2, null, null),
  ('v-h2-pa-shan', 'course-mandarin-1', '爬山', 'pá shān', 'to climb a mountain', 'word', 2, null, null),
  ('v-h2-pai-dui', 'course-mandarin-1', '排队', 'pái duì', 'to line up', 'word', 2, null, null),
  ('v-h2-peng-dao', 'course-mandarin-1', '碰到', 'pèng dào', 'to come across', 'word', 2, null, null),
  ('v-h2-qi-che', 'course-mandarin-1', '骑车', 'qí chē', 'to ride a bike (motorbike or bicycle)', 'word', 2, null, null),
  ('v-h2-qi-fei', 'course-mandarin-1', '起飞', 'qǐ fēi', '(of an aircraft) to take off', 'word', 2, null, null),
  ('v-h2-qing-ke', 'course-mandarin-1', '请客', 'qǐng kè', 'to give a dinner party', 'word', 2, null, null),
  ('v-h2-qing-qiu', 'course-mandarin-1', '请求', 'qǐng qiú', 'to request; to ask', 'word', 2, null, null),
  ('v-h2-qiu', 'course-mandarin-1', '求', 'qiú', 'to seek', 'word', 2, null, null),
  ('v-h2-qu', 'course-mandarin-1', '取', 'qǔ', 'to take', 'word', 2, null, null),
  ('v-h2-qu-de', 'course-mandarin-1', '取得', 'qǔ dé', 'to acquire; to get; to obtain', 'word', 2, null, null),
  ('v-h2-rang', 'course-mandarin-1', '让', 'ràng', 'to yield', 'word', 2, null, null),
  ('v-h2-shang-liang', 'course-mandarin-1', '商量', 'shāng liang', 'to consult', 'word', 2, null, null),
  ('v-h2-sheng', 'course-mandarin-1', '生', 'shēng', 'to be born', 'word', 2, null, null),
  ('v-h2-sheng-huo', 'course-mandarin-1', '生活', 'shēng huó', 'to live', 'verb', 2, null, null),
  ('v-h2-sheng-2', 'course-mandarin-1', '省', 'shěng', 'to save; to economize; to be frugal', 'word', 2, null, null),
  ('v-h2-shi-xian', 'course-mandarin-1', '实现', 'shí xiàn', 'to achieve', 'word', 2, null, null),
  ('v-h2-shi-yong', 'course-mandarin-1', '使用', 'shǐ yòng', 'to use', 'word', 2, null, null),
  ('v-h2-shi-qing', 'course-mandarin-1', '事情', 'shì qing', 'affair; matter; thing; business', 'word', 2, null, null),
  ('v-h2-shou', 'course-mandarin-1', '收', 'shōu', 'to receive', 'word', 2, null, null),
  ('v-h2-shou-dao', 'course-mandarin-1', '收到', 'shōu dào', 'to receive', 'word', 2, null, null),
  ('v-h2-shou-ru', 'course-mandarin-1', '收入', 'shōu rù', 'to take in', 'word', 2, null, null),
  ('v-h2-shou-dao-2', 'course-mandarin-1', '受到', 'shòu dào', 'to receive (praise, an education, punishment etc)', 'word', 2, null, null),
  ('v-h2-shu-2', 'course-mandarin-1', '数', 'shǔ', 'to count', 'word', 2, null, null),
  ('v-h2-shuo-ming', 'course-mandarin-1', '说明', 'shuō míng', 'to explain', 'word', 2, null, null),
  ('v-h2-si-ji', 'course-mandarin-1', '司机', 'sī jī', 'chauffeur; driver', 'word', 2, null, null),
  ('v-h2-song-gei', 'course-mandarin-1', '送给', 'sòng gěi', 'to send', 'word', 2, null, null),
  ('v-h2-suan', 'course-mandarin-1', '算', 'suàn', 'to regard as', 'word', 2, null, null),
  ('v-h2-tao-lun', 'course-mandarin-1', '讨论', 'tǎo lùn', 'to discuss; to talk over', 'word', 2, null, null),
  ('v-h2-tao', 'course-mandarin-1', '套', 'tào', 'to cover', 'word', 2, null, null),
  ('v-h2-ti-chu', 'course-mandarin-1', '提出', 'tí chū', 'to raise (an issue)', 'word', 2, null, null),
  ('v-h2-ti-dao', 'course-mandarin-1', '提到', 'tí dào', 'to mention', 'word', 2, null, null),
  ('v-h2-ti-gao', 'course-mandarin-1', '提高', 'tí gāo', 'to raise', 'word', 2, null, null),
  ('v-h2-tiao', 'course-mandarin-1', '条', 'tiáo', 'strip', 'word', 2, null, null),
  ('v-h2-tiao-jian', 'course-mandarin-1', '条件', 'tiáo jiàn', 'condition; circumstance; term; factor', 'word', 2, null, null),
  ('v-h2-ting-jiang', 'course-mandarin-1', '听讲', 'tīng jiǎng', 'to attend a lecture', 'word', 2, null, null),
  ('v-h2-ting-shuo', 'course-mandarin-1', '听说', 'tīng shuō', 'to hear (sth said)', 'word', 2, null, null),
  ('v-h2-ting-2', 'course-mandarin-1', '停', 'tíng', 'to stop', 'word', 2, null, null),
  ('v-h2-ting-che', 'course-mandarin-1', '停车', 'tíng chē', 'to pull up (stop one''s vehicle)', 'word', 2, null, null),
  ('v-h2-ting-hao', 'course-mandarin-1', '挺好', 'tǐng hǎo', 'very good', 'noun', 2, null, null),
  ('v-h2-tong', 'course-mandarin-1', '通', 'tōng', 'to go through', 'word', 2, null, null),
  ('v-h2-tong-guo', 'course-mandarin-1', '通过', 'tōng guò', 'to pass through; to get through', 'word', 2, null, null),
  ('v-h2-tong-zhi', 'course-mandarin-1', '通知', 'tōng zhī', 'to notify', 'word', 2, null, null),
  ('v-h2-tu-pian', 'course-mandarin-1', '图片', 'tú piàn', 'picture; photograph', 'word', 2, null, null),
  ('v-h2-tui-2', 'course-mandarin-1', '推', 'tuī', 'to push', 'word', 2, null, null),
  ('v-h2-wan-2', 'course-mandarin-1', '完', 'wán', 'to finish', 'word', 2, null, null),
  ('v-h2-wan-cheng', 'course-mandarin-1', '完成', 'wán chéng', 'to complete; to accomplish', 'word', 2, null, null),
  ('v-h2-wan-an', 'course-mandarin-1', '晚安', 'wǎn ān', 'Good night!', 'word', 2, null, null),
  ('v-h2-wu-shui', 'course-mandarin-1', '午睡', 'wǔ shuì', 'to take a nap', 'word', 2, null, null),
  ('v-h2-xi-zao', 'course-mandarin-1', '洗澡', 'xǐ zǎo', 'to bathe', 'word', 2, null, null),
  ('v-h2-xia-xue', 'course-mandarin-1', '下雪', 'xià xuě', 'to snow', 'word', 2, null, null),
  ('v-h2-xiang-qi', 'course-mandarin-1', '想起', 'xiǎng qǐ', 'to recall', 'word', 2, null, null),
  ('v-h2-xiang-3', 'course-mandarin-1', '像', 'xiàng', 'to resemble', 'word', 2, null, null),
  ('v-h2-xiao-xin', 'course-mandarin-1', '小心', 'xiǎo xīn', 'to be careful', 'word', 2, null, null),
  ('v-h2-xiu-jia', 'course-mandarin-1', '休假', 'xiū jià', 'to go on vacation; to have a holiday; to take leave', 'word', 2, null, null),
  ('v-h2-xuan', 'course-mandarin-1', '选', 'xuǎn', 'to choose', 'word', 2, null, null),
  ('v-h2-yang', 'course-mandarin-1', '养', 'yǎng', 'to raise (animals)', 'word', 2, null, null),
  ('v-h2-yao-qiu', 'course-mandarin-1', '要求', 'yāo qiú', 'to request', 'word', 2, null, null),
  ('v-h2-yi-lu-ping-an', 'course-mandarin-1', '一路平安', 'yī lù píng ān', 'to have a pleasant journey', 'noun', 2, null, null),
  ('v-h2-yi-lu-shun-feng', 'course-mandarin-1', '一路顺风', 'yī lù shùn fēng', 'to have a pleasant journey (idiom)', 'word', 2, null, null),
  ('v-h2-yi-wai', 'course-mandarin-1', '以外', 'yǐ wài', 'apart from', 'word', 2, null, null),
  ('v-h2-ying-gai', 'course-mandarin-1', '应该', 'yīng gāi', 'ought to', 'word', 2, null, null),
  ('v-h2-you-ke', 'course-mandarin-1', '游客', 'yóu kè', 'traveler', 'word', 2, null, null),
  ('v-h2-yuan-yi', 'course-mandarin-1', '愿意', 'yuàn yì', 'to wish', 'word', 2, null, null),
  ('v-h2-yue', 'course-mandarin-1', '越', 'Yuè', 'generic word for peoples or states of south China or south Asia at different historical periods', 'word', 2, null, null),
  ('v-h2-yun-dong', 'course-mandarin-1', '运动', 'yùn dòng', 'to move', 'verb', 2, null, null),
  ('v-h2-zan-men', 'course-mandarin-1', '咱们', 'zán men', 'we or us (including both the speaker and the person(s) spoken to)', 'word', 2, null, null),
  ('v-h2-zen-me-ban', 'course-mandarin-1', '怎么办', 'zěn me bàn', 'what''s to be done', 'word', 2, null, null),
  ('v-h2-zhan-zhu', 'course-mandarin-1', '站住', 'zhàn zhù', 'to stand', 'word', 2, null, null),
  ('v-h2-zhang-da', 'course-mandarin-1', '长大', 'zhǎng dà', 'to grow up', 'word', 2, null, null),
  ('v-h2-zhao-chu', 'course-mandarin-1', '找出', 'zhǎo chū', 'to find', 'noun', 2, null, null),
  ('v-h2-zhao-gu', 'course-mandarin-1', '照顾', 'zhào gu', 'to take care of', 'word', 2, null, null),
  ('v-h2-zhao-pian', 'course-mandarin-1', '照片', 'zhào piàn', 'photograph', 'word', 2, null, null),
  ('v-h2-zhao-xiang', 'course-mandarin-1', '照相', 'zhào xiàng', 'to take a photograph', 'word', 2, null, null),
  ('v-h2-zhong-xin', 'course-mandarin-1', '中心', 'zhōng xīn', 'center', 'word', 2, null, null),
  ('v-h2-chong-dian', 'course-mandarin-1', '重点', 'chóng diǎn', 'to recount (e.g. results of election)', 'word', 2, null, null),
  ('v-h2-chong-fu', 'course-mandarin-1', '重复', 'chóng fù', 'to repeat', 'word', 2, null, null),
  ('v-h2-zhong-shi', 'course-mandarin-1', '重视', 'zhòng shì', 'to attach importance to sth; to value', 'word', 2, null, null),
  ('v-h2-zou-guo', 'course-mandarin-1', '走过', 'zǒu guò', 'to walk past', 'word', 2, null, null),
  ('v-h2-zou-jin', 'course-mandarin-1', '走进', 'zǒu jìn', 'to enter', 'word', 2, null, null),
  ('v-h2-zou-kai', 'course-mandarin-1', '走开', 'zǒu kāi', 'to leave', 'word', 2, null, null),
  ('v-h2-zu-2', 'course-mandarin-1', '租', 'zū', 'to hire', 'word', 2, null, null),
  ('v-h2-zu-cheng', 'course-mandarin-1', '组成', 'zǔ chéng', 'to form', 'word', 2, null, null),
  ('v-h2-zuo-wen', 'course-mandarin-1', '作文', 'zuò wén', 'to write an essay', 'word', 2, null, null),
  ('v-h2-zuo-yong', 'course-mandarin-1', '作用', 'zuò yòng', 'to act on', 'word', 2, null, null),
  ('v-h2-zuo-dao', 'course-mandarin-1', '做到', 'zuò dào', 'to accomplish', 'word', 2, null, null),
  ('v-h2-zuo-fa', 'course-mandarin-1', '做法', 'zuò fǎ', 'way of handling sth', 'word', 2, null, null),
  ('v-h2-ban-zhang', 'course-mandarin-1', '班长', 'bān zhǎng', 'class monitor', 'word', 2, null, null),
  ('v-h2-ban-gong-shi', 'course-mandarin-1', '办公室', 'bàn gōng shì', 'office', 'word', 2, null, null),
  ('v-h2-bi-ru', 'course-mandarin-1', '比如', 'bǐ rú', 'for example', 'word', 2, null, null),
  ('v-h2-bi-ru-shuo', 'course-mandarin-1', '比如说', 'bǐ rú shuō', 'for example', 'word', 2, null, null),
  ('v-h2-bu-dan', 'course-mandarin-1', '不但', 'bù dàn', 'not only (... but also ...)', 'word', 2, null, null),
  ('v-h2-chun-tian', 'course-mandarin-1', '春天', 'chūn tiān', 'spring (season)', 'word', 2, null, null),
  ('v-h2-da-ying', 'course-mandarin-1', '答应', 'dā ying', 'to answer; to respond', 'word', 2, null, null),
  ('v-h2-da-gong', 'course-mandarin-1', '打工', 'dǎ gōng', 'to work a temporary or casual job', 'word', 2, null, null),
  ('v-h2-dan-2', 'course-mandarin-1', '但', 'dàn', 'but; yet; however; still', 'word', 2, null, null),
  ('v-h2-dan-shi', 'course-mandarin-1', '但是', 'dàn shì', 'but; however', 'word', 2, null, null),
  ('v-h2-dao-li', 'course-mandarin-1', '道理', 'dào li', 'reason', 'word', 2, null, null),
  ('v-h2-dong-nan', 'course-mandarin-1', '东南', 'dōng nán', 'southeast', 'word', 2, null, null),
  ('v-h2-dong', 'course-mandarin-1', '懂', 'dǒng', 'to understand', 'word', 2, null, null),
  ('v-h2-dong-de', 'course-mandarin-1', '懂得', 'dǒng de', 'to understand; to know; to comprehend', 'word', 2, null, null),
  ('v-h2-duo-jiu', 'course-mandarin-1', '多久', 'duō jiǔ', '(of time) how long?', 'word', 2, null, null),
  ('v-h2-er-qie', 'course-mandarin-1', '而且', 'ér qiě', '(not only ...) but also', 'word', 2, null, null),
  ('v-h2-fen-shu', 'course-mandarin-1', '分数', 'fēn shù', '(exam) grade', 'word', 2, null, null),
  ('v-h2-fen', 'course-mandarin-1', '份', 'fèn', 'classifier for gifts, newspaper, magazine, papers, reports, contracts etc', 'word', 2, null, null),
  ('v-h2-fu-xi', 'course-mandarin-1', '复习', 'fù xí', 'to review', 'word', 2, null, null),
  ('v-h2-gai-2', 'course-mandarin-1', '该', 'gāi', 'should', 'word', 2, null, null),
  ('v-h2-gu-shi', 'course-mandarin-1', '故事', 'gù shì', 'old practice', 'word', 2, null, null),
  ('v-h2-hao-shi', 'course-mandarin-1', '好事', 'hǎo shì', 'good action, deed, thing or work (also sarcastic, "a fine thing indeed")', 'word', 2, null, null),
  ('v-h2-huai-ren', 'course-mandarin-1', '坏人', 'huài rén', 'bad person', 'word', 2, null, null),
  ('v-h2-huo', 'course-mandarin-1', '或', 'huò', 'maybe', 'word', 2, null, null),
  ('v-h2-jiao-shi-2', 'course-mandarin-1', '教室', 'jiào shì', 'classroom', 'word', 2, null, null),
  ('v-h2-ju-xing', 'course-mandarin-1', '举行', 'jǔ xíng', 'to hold (a meeting, ceremony etc)', 'word', 2, null, null),
  ('v-h2-kao-sheng', 'course-mandarin-1', '考生', 'kǎo shēng', 'exam candidate', 'word', 2, null, null),
  ('v-h2-ke-3', 'course-mandarin-1', '科', 'kē', 'branch of study', 'word', 2, null, null),
  ('v-h2-ke-shi', 'course-mandarin-1', '可是', 'kě shì', 'but; however', 'word', 2, null, null),
  ('v-h2-ke-tang', 'course-mandarin-1', '课堂', 'kè táng', 'classroom', 'word', 2, null, null),
  ('v-h2-li-ru', 'course-mandarin-1', '例如', 'lì rú', 'for example; for instance; such as', 'word', 2, null, null),
  ('v-h2-lian-2', 'course-mandarin-1', '练', 'liàn', 'to practice', 'word', 2, null, null),
  ('v-h2-lian-xi', 'course-mandarin-1', '练习', 'liàn xí', 'to practice', 'word', 2, null, null),
  ('v-h2-liang-2', 'course-mandarin-1', '凉', 'Liáng', 'the five Liang of the Sixteen Kingdoms, namely: Former Liang 前凉 (314-376), Later Liang 后凉 (386-403), Northern Liang 北凉 (398-439), Southern Liang 南凉 (397-414), Western Liang 西凉 (400-421)', 'word', 2, null, null),
  ('v-h2-liang-3', 'course-mandarin-1', '辆', 'liàng', 'classifier for vehicles', 'word', 2, null, null),
  ('v-h2-liu-xue-sheng', 'course-mandarin-1', '留学生', 'liú xué shēng', 'student studying abroad', 'word', 2, null, null),
  ('v-h2-na-hui-r', 'course-mandarin-1', '那会儿', 'nà huì r', 'at that time (in the past or the future)', 'word', 2, null, null),
  ('v-h2-na-shi-hou', 'course-mandarin-1', '那时候', 'nà shí hou', 'at that time', 'noun', 2, null, null),
  ('v-h2-nan-fang', 'course-mandarin-1', '南方', 'nán fāng', 'south', 'word', 2, null, null),
  ('v-h2-nian-ji', 'course-mandarin-1', '年级', 'nián jí', 'grade', 'word', 2, null, null),
  ('v-h2-nu-li', 'course-mandarin-1', '努力', 'nǔ lì', 'to make an effort; to try hard; to strive', 'word', 2, null, null),
  ('v-h2-ping-an', 'course-mandarin-1', '平安', 'píng ān', 'safe and sound', 'word', 2, null, null),
  ('v-h2-ren-wei', 'course-mandarin-1', '认为', 'rèn wéi', 'to believe; to think; to consider; to feel', 'word', 2, null, null),
  ('v-h2-shen-me-yang', 'course-mandarin-1', '什么样', 'shén me yàng', 'what kind?; what sort?', 'word', 2, null, null),
  ('v-h2-shi-xi', 'course-mandarin-1', '实习', 'shí xí', 'to practice', 'verb', 2, null, null),
  ('v-h2-sui-ran', 'course-mandarin-1', '虽然', 'suī rán', 'although; even though (often used correlatively with 是 or 是 etc)', 'word', 2, null, null),
  ('v-h2-sui-shi', 'course-mandarin-1', '随时', 'suí shí', 'at any time; at all times', 'word', 2, null, null),
  ('v-h2-teng', 'course-mandarin-1', '疼', 'téng', '(it) hurts; sore', 'word', 2, null, null),
  ('v-h2-tong-shi', 'course-mandarin-1', '同时', 'tóng shí', 'at the same time', 'word', 2, null, null),
  ('v-h2-tong-shi-2', 'course-mandarin-1', '同事', 'tóng shì', 'colleague; co-worker', 'word', 2, null, null),
  ('v-h2-wen-ti', 'course-mandarin-1', '问题', 'wèn tí', 'question', 'word', 2, null, null),
  ('v-h2-xi-nan', 'course-mandarin-1', '西南', 'xī nán', 'southwest', 'word', 2, null, null),
  ('v-h2-xiang-xin', 'course-mandarin-1', '相信', 'xiāng xìn', 'to be convinced (that sth is true); to believe; to accept sth as true', 'word', 2, null, null),
  ('v-h2-xiang-dao', 'course-mandarin-1', '想到', 'xiǎng dào', 'to think of', 'word', 2, null, null),
  ('v-h2-xiang-fa', 'course-mandarin-1', '想法', 'xiǎng fǎ', 'way of thinking; opinion; notion', 'word', 2, null, null),
  ('v-h2-yi-wei', 'course-mandarin-1', '以为', 'yǐ wéi', 'to think (i.e. to take it to be true that ...) (Usually there is an implication that the notion is mistaken – except when expressing one''s own current opinion.)', 'word', 2, null, null),
  ('v-h2-yin-wei', 'course-mandarin-1', '因为', 'yīn wèi', 'because', 'word', 2, null, null),
  ('v-h2-you-ren', 'course-mandarin-1', '有人', 'yǒu rén', 'someone', 'word', 2, null, null),
  ('v-h2-zao-jiu', 'course-mandarin-1', '早就', 'zǎo jiù', 'already at an earlier time', 'word', 2, null, null),
  ('v-h2-zhe-me', 'course-mandarin-1', '这么', 'zhè me', 'so much', 'word', 2, null, null),
  ('v-h2-zhe-shi', 'course-mandarin-1', '这时', 'zhè shí', 'at this time', 'word', 2, null, null),
  ('v-h2-zheng-hao', 'course-mandarin-1', '正好', 'zhèng hǎo', 'just (in time)', 'word', 2, null, null),
  ('v-h2-zuo-fan', 'course-mandarin-1', '做饭', 'zuò fàn', 'to prepare a meal', 'word', 2, null, null);
insert into lesson_vocab (lesson_id, vocab_item_id) values
  ('lesson-h2-dla-1', 'v-h2-a'),
  ('lesson-h2-dla-1', 'v-h2-ai-qing'),
  ('lesson-h2-dla-1', 'v-h2-ai-ren'),
  ('lesson-h2-dla-1', 'v-h2-an-jing'),
  ('lesson-h2-dla-1', 'v-h2-an-quan'),
  ('lesson-h2-dla-2', 'v-h2-bai-se'),
  ('lesson-h2-dla-2', 'v-h2-ban-fa'),
  ('lesson-h2-dla-2', 'v-h2-ban-ye'),
  ('lesson-h2-dla-2', 'v-h2-bang-zhu'),
  ('lesson-h2-dla-2', 'v-h2-bao-zhi'),
  ('lesson-h2-dla-3', 'v-h2-bei-fang'),
  ('lesson-h2-dla-3', 'v-h2-bei'),
  ('lesson-h2-dla-3', 'v-bi'),
  ('lesson-h2-dla-3', 'v-h2-bian'),
  ('lesson-h2-dla-3', 'v-pianyi'),
  ('lesson-h2-dla-4', 'v-h2-bian-2'),
  ('lesson-h2-dla-4', 'v-h2-biao'),
  ('lesson-h2-dla-4', 'v-h2-bu-cuo'),
  ('lesson-h2-dla-4', 'v-h2-bu-gou'),
  ('lesson-h2-dla-4', 'v-h2-bu-guo'),
  ('lesson-h2-dla-5', 'v-h2-bu-jiu'),
  ('lesson-h2-dla-5', 'v-h2-bu-man'),
  ('lesson-h2-dla-5', 'v-h2-bu-shao'),
  ('lesson-h2-dla-5', 'v-h2-bu-tong'),
  ('lesson-h2-dla-5', 'v-h2-bu-xing'),
  ('lesson-h2-dla-6', 'v-h2-bu-yao'),
  ('lesson-h2-dla-6', 'v-h2-bu-yi-ding'),
  ('lesson-h2-dla-6', 'v-h2-bu-fen'),
  ('lesson-h2-dla-6', 'v-caidan'),
  ('lesson-h2-dla-6', 'v-h2-cao'),
  ('lesson-h2-dla-7', 'v-h2-cao-di'),
  ('lesson-h2-dla-7', 'v-h2-zha'),
  ('lesson-h2-dla-7', 'v-h2-cha-bu-duo'),
  ('lesson-h2-dla-7', 'v-h2-chang-jian'),
  ('lesson-h2-dla-7', 'v-h2-chang-yong'),
  ('lesson-h2-dla-8', 'v-h2-chang'),
  ('lesson-h2-dla-8', 'v-chaoshi'),
  ('lesson-h2-dla-8', 'v-h2-che-liang'),
  ('lesson-h2-dla-8', 'v-h2-cheng'),
  ('lesson-h2-dla-8', 'v-h2-cheng-ji'),
  ('lesson-h2-dla-9', 'v-h2-chu-yuan'),
  ('lesson-h2-dla-9', 'v-h2-chuan'),
  ('lesson-h2-dla-9', 'v-h2-chun-jie'),
  ('lesson-h2-dla-9', 'v-h2-ci'),
  ('lesson-h2-dla-9', 'v-h2-ci-dian'),
  ('lesson-h2-dla-10', 'v-h2-da-bu-fen'),
  ('lesson-h2-dla-10', 'v-h2-da-da'),
  ('lesson-h2-dla-10', 'v-h2-da-duo-shu'),
  ('lesson-h2-dla-10', 'v-h2-da-hai'),
  ('lesson-h2-dla-10', 'v-h2-da-jia'),
  ('lesson-h2-dla-11', 'v-h2-da-liang'),
  ('lesson-h2-dla-11', 'v-h2-da-men'),
  ('lesson-h2-dla-11', 'v-h2-da-ren'),
  ('lesson-h2-dla-11', 'v-h2-da-sheng'),
  ('lesson-h2-dla-11', 'v-h2-da-xiao'),
  ('lesson-h2-dla-12', 'v-h2-da-yi'),
  ('lesson-h2-dla-12', 'v-h2-da-zi-ran'),
  ('lesson-h2-dla-12', 'v-h2-dai'),
  ('lesson-h2-dla-12', 'v-h2-dan-wei'),
  ('lesson-h2-dla-12', 'v-h2-dan'),
  ('lesson-h2-dla-13', 'v-h2-dang'),
  ('lesson-h2-dla-13', 'v-h2-dang-shi'),
  ('lesson-h2-dla-13', 'v-h2-dao-chu'),
  ('lesson-h2-dla-13', 'v-h2-dao'),
  ('lesson-h2-dla-13', 'v-h2-dao-lu'),
  ('lesson-h2-dla-14', 'v-h2-di-qiu'),
  ('lesson-h2-dla-14', 'v-h2-de-hua'),
  ('lesson-h2-dla-14', 'v-h2-deng'),
  ('lesson-h2-dla-14', 'v-h2-di'),
  ('lesson-h2-dla-14', 'v-dian-shop'),
  ('lesson-h2-dla-15', 'v-h2-dong-bei'),
  ('lesson-h2-dla-15', 'v-h2-dong-fang'),
  ('lesson-h2-dla-15', 'v-h2-dong-tian'),
  ('lesson-h2-dla-15', 'v-h2-dong-wu'),
  ('lesson-h2-dla-15', 'v-h2-dong-wu-yuan'),
  ('lesson-h2-dla-16', 'v-h2-du-yin'),
  ('lesson-h2-dla-16', 'v-h2-duan-xin'),
  ('lesson-h2-dla-16', 'v-h2-duan'),
  ('lesson-h2-dla-16', 'v-h2-dui'),
  ('lesson-h2-dla-16', 'v-h2-dui-zhang'),
  ('lesson-h2-dla-17', 'v-h2-dui-mian'),
  ('lesson-h2-dla-17', 'v-h2-duo-me'),
  ('lesson-h2-dla-17', 'v-h2-duo-shu'),
  ('lesson-h2-dla-17', 'v-h2-duo-yun'),
  ('lesson-h2-dla-17', 'v-fanguan'),
  ('lesson-h2-dla-18', 'v-h2-fang-bian'),
  ('lesson-h2-dla-18', 'v-h2-fang-bian-mian'),
  ('lesson-h2-dla-18', 'v-h2-fang-fa'),
  ('lesson-h2-dla-18', 'v-h2-fang-mian'),
  ('lesson-h2-dla-18', 'v-h2-fang-xiang'),
  ('lesson-h2-dla-19', 'v-fenzhong'),
  ('lesson-h2-dla-19', 'v-h2-feng'),
  ('lesson-h2-dla-19', 'v-h2-gan-huo-r'),
  ('lesson-h2-dla-19', 'v-h2-gang'),
  ('lesson-h2-dla-19', 'v-h2-gang-cai'),
  ('lesson-h2-dla-20', 'v-h2-gang-gang'),
  ('lesson-h2-dla-20', 'v-h2-gao-ji'),
  ('lesson-h2-dla-20', 'v-h2-gao-zhong'),
  ('lesson-h2-dla-20', 'v-h2-ge-zi'),
  ('lesson-h2-dla-20', 'v-h2-gong-jin'),
  ('lesson-h2-dla-21', 'v-h2-gong-li'),
  ('lesson-h2-dla-21', 'v-h2-gong-ping'),
  ('lesson-h2-dla-21', 'v-h2-gong-si'),
  ('lesson-h2-dla-21', 'v-gongyuan'),
  ('lesson-h2-dla-21', 'v-gou'),
  ('lesson-h2-dla-22', 'v-h2-gou'),
  ('lesson-h2-dla-22', 'v-h2-gu-yi'),
  ('lesson-h2-dla-22', 'v-h2-guan-dian'),
  ('lesson-h2-dla-22', 'v-h2-guang-chang'),
  ('lesson-h2-dla-22', 'v-h2-guo-ji'),
  ('lesson-h2-dla-23', 'v-h2-guo-qu'),
  ('lesson-h2-dla-23', 'v-h2-hai'),
  ('lesson-h2-dla-23', 'v-h2-hai-bian'),
  ('lesson-h2-dla-23', 'v-h2-hao-duo'),
  ('lesson-h2-dla-23', 'v-h2-hao-jiu'),
  ('lesson-h2-dla-24', 'v-h2-hao-xiang'),
  ('lesson-h2-dla-24', 'v-h2-he-shi'),
  ('lesson-h2-dla-24', 'v-h2-he'),
  ('lesson-h2-dla-24', 'v-h2-hei'),
  ('lesson-h2-dla-24', 'v-h2-hei-ban'),
  ('lesson-h2-dla-25', 'v-h2-hei-se'),
  ('lesson-h2-dla-25', 'v-hong'),
  ('lesson-h2-dla-25', 'v-h2-hong-se'),
  ('lesson-h2-dla-25', 'v-h2-hou-lai'),
  ('lesson-h2-dla-25', 'v-h2-hu-ran'),
  ('lesson-h2-dla-26', 'v-h2-hu'),
  ('lesson-h2-dla-26', 'v-h2-hua-yuan'),
  ('lesson-h2-dla-26', 'v-h2-hua-r'),
  ('lesson-h2-dla-26', 'v-h2-hua-jia'),
  ('lesson-h2-dla-26', 'v-h2-huai-chu'),
  ('lesson-h2-dla-27', 'v-h2-huang'),
  ('lesson-h2-dla-27', 'v-h2-huang-se'),
  ('lesson-h2-dla-27', 'v-h2-huo-zhe'),
  ('lesson-h2-dla-27', 'v-h2-ji-hui'),
  ('lesson-h2-dla-27', 'v-h2-ji'),
  ('lesson-h2-dla-28', 'v-h2-ji-2'),
  ('lesson-h2-dla-28', 'v-h2-ji-3'),
  ('lesson-h2-dla-28', 'v-h2-ji-hua'),
  ('lesson-h2-dla-28', 'v-h2-ji-suan-ji'),
  ('lesson-h2-dla-28', 'v-h2-jia-ting'),
  ('lesson-h2-dla-29', 'v-h2-jia-zhang'),
  ('lesson-h2-dla-29', 'v-h2-gei'),
  ('lesson-h2-dla-29', 'v-h2-jia-qi'),
  ('lesson-h2-dla-29', 'v-h2-jian-cha'),
  ('lesson-h2-dla-29', 'v-h2-jianguo'),
  ('lesson-h2-dla-30', 'v-h2-jian'),
  ('lesson-h2-dla-30', 'v-h2-jiang-hua'),
  ('lesson-h2-dla-30', 'v-h2-jue'),
  ('lesson-h2-dla-30', 'v-h2-jiao-du'),
  ('lesson-h2-dla-30', 'v-jiaozi'),
  ('lesson-h2-dla-31', 'v-h2-jiao'),
  ('lesson-h2-dla-31', 'v-h2-jiao-shi'),
  ('lesson-h2-dla-31', 'v-h2-jie'),
  ('lesson-h2-dla-31', 'v-h2-jie-2'),
  ('lesson-h2-dla-31', 'v-h2-jie-mu'),
  ('lesson-h2-dla-32', 'v-h2-jie-ri'),
  ('lesson-h2-dla-32', 'v-h2-jin-hou'),
  ('lesson-h2-dla-32', 'v-h2-jin'),
  ('lesson-h2-dla-32', 'v-jin'),
  ('lesson-h2-dla-32', 'v-h2-jing-chang'),
  ('lesson-h2-dla-33', 'v-h2-jing-li'),
  ('lesson-h2-dla-33', 'v-h2-jiu'),
  ('lesson-h2-dla-33', 'v-h2-jiu-dian'),
  ('lesson-h2-dla-33', 'v-h2-jiu-yao'),
  ('lesson-h2-dla-33', 'v-h2-ju'),
  ('lesson-h2-dla-34', 'v-h2-gou-2'),
  ('lesson-h2-dla-34', 'v-h2-ju-zi'),
  ('lesson-h2-dla-34', 'v-h2-kai-xue'),
  ('lesson-h2-dla-34', 'v-h2-ke-xue'),
  ('lesson-h2-dla-34', 'v-h2-ke-xue-jia'),
  ('lesson-h2-dla-35', 'v-h2-ke-neng'),
  ('lesson-h2-dla-35', 'v-h2-ke-pa'),
  ('lesson-h2-dla-35', 'v-h2-ke'),
  ('lesson-h2-dla-35', 'v-h2-ke-2'),
  ('lesson-h2-dla-35', 'v-h2-kong-qi'),
  ('lesson-h2-dla-36', 'v-h2-kuai-dian-r'),
  ('lesson-h2-dla-36', 'v-h2-kuai-zi'),
  ('lesson-h2-dla-36', 'v-h2-lan'),
  ('lesson-h2-dla-36', 'v-h2-lan-se'),
  ('lesson-h2-dla-36', 'v-h2-lao-nian'),
  ('lesson-h2-dla-37', 'v-h2-lao-peng-you'),
  ('lesson-h2-dla-37', 'v-h2-chi'),
  ('lesson-h2-dla-37', 'v-h2-li-wu'),
  ('lesson-h2-dla-37', 'v-h2-li-tou'),
  ('lesson-h2-dla-37', 'v-h2-li-xiang'),
  ('lesson-h2-dla-38', 'v-h2-li-zi'),
  ('lesson-h2-dla-38', 'v-h2-lian'),
  ('lesson-h2-dla-38', 'v-h2-liang'),
  ('lesson-h2-dla-38', 'v-h2-ling-xia'),
  ('lesson-h2-dla-38', 'v-h2-liu-li'),
  ('lesson-h2-dla-39', 'v-h2-liu'),
  ('lesson-h2-dla-39', 'v-h2-lu'),
  ('lesson-h2-dla-39', 'v-h2-lu-se'),
  ('lesson-h2-dla-39', 'v-h2-man'),
  ('lesson-h2-dla-39', 'v-h2-man-yi'),
  ('lesson-h2-dla-40', 'v-mao'),
  ('lesson-h2-dla-40', 'v-h2-mi'),
  ('lesson-h2-dla-40', 'v-h2-mian'),
  ('lesson-h2-dla-40', 'v-h2-mian-qian'),
  ('lesson-h2-dla-40', 'v-h2-ming'),
  ('lesson-h2-dla-41', 'v-h2-ming-cheng'),
  ('lesson-h2-dla-41', 'v-h2-ming-dan'),
  ('lesson-h2-dla-41', 'v-h2-ming-xing'),
  ('lesson-h2-dla-41', 'v-h2-na-me'),
  ('lesson-h2-dla-41', 'v-h2-na-shi'),
  ('lesson-h2-dla-42', 'v-h2-na-yang'),
  ('lesson-h2-dla-42', 'v-h2-nan-kan'),
  ('lesson-h2-dla-42', 'v-h2-nan-ti'),
  ('lesson-h2-dla-42', 'v-h2-nian-qing'),
  ('lesson-h2-dla-42', 'v-h2-diao'),
  ('lesson-h2-dla-43', 'v-h2-long'),
  ('lesson-h2-dla-43', 'v-h2-pa'),
  ('lesson-h2-dla-43', 'v-h2-pai'),
  ('lesson-h2-dla-43', 'v-h2-pai-qiu'),
  ('lesson-h2-dla-43', 'v-h2-peng'),
  ('lesson-h2-dla-44', 'v-h2-pian'),
  ('lesson-h2-dla-44', 'v-h2-pian-2'),
  ('lesson-h2-dla-44', 'v-piaoliang'),
  ('lesson-h2-dla-44', 'v-h2-ping'),
  ('lesson-h2-dla-44', 'v-h2-ping-chang'),
  ('lesson-h2-dla-45', 'v-h2-ping-deng'),
  ('lesson-h2-dla-45', 'v-h2-ping-shi'),
  ('lesson-h2-dla-45', 'v-h2-ping-2'),
  ('lesson-h2-dla-45', 'v-h2-ping-zi'),
  ('lesson-h2-dla-45', 'v-h2-pu-tong'),
  ('lesson-h2-dla-46', 'v-h2-pu-tong-hua'),
  ('lesson-h2-dla-46', 'v-h2-qi-ta'),
  ('lesson-h2-dla-46', 'v-h2-qi-zhong'),
  ('lesson-h2-dla-46', 'v-h2-qi'),
  ('lesson-h2-dla-46', 'v-h2-qi-wen'),
  ('lesson-h2-dla-47', 'v-qian-thousand'),
  ('lesson-h2-dla-47', 'v-h2-qian-ke'),
  ('lesson-h2-dla-47', 'v-h2-qian-nian'),
  ('lesson-h2-dla-47', 'v-h2-qiang'),
  ('lesson-h2-dla-47', 'v-h2-qing-nian'),
  ('lesson-h2-dla-48', 'v-h2-qing-shao-nian'),
  ('lesson-h2-dla-48', 'v-h2-qing'),
  ('lesson-h2-dla-48', 'v-h2-qing-chu'),
  ('lesson-h2-dla-48', 'v-qing-sunny'),
  ('lesson-h2-dla-48', 'v-h2-qing-tian'),
  ('lesson-h2-dla-49', 'v-h2-qiu-tian'),
  ('lesson-h2-dla-49', 'v-h2-qiu-chang'),
  ('lesson-h2-dla-49', 'v-h2-qiu-xie'),
  ('lesson-h2-dla-49', 'v-h2-quan'),
  ('lesson-h2-dla-49', 'v-h2-quan-bu'),
  ('lesson-h2-dla-50', 'v-h2-quan-guo'),
  ('lesson-h2-dla-50', 'v-h2-quan-jia'),
  ('lesson-h2-dla-50', 'v-h2-quan-nian'),
  ('lesson-h2-dla-50', 'v-h2-quan-ti'),
  ('lesson-h2-dla-50', 'v-h2-ran-hou'),
  ('lesson-h2-dla-51', 'v-h2-re-qing'),
  ('lesson-h2-dla-51', 'v-h2-ren-kou'),
  ('lesson-h2-dla-51', 'v-h2-ren-men'),
  ('lesson-h2-dla-51', 'v-h2-ren-shu'),
  ('lesson-h2-dla-51', 'v-h2-ri-bao'),
  ('lesson-h2-dla-52', 'v-h2-ri-zi'),
  ('lesson-h2-dla-52', 'v-h2-ru-guo'),
  ('lesson-h2-dla-52', 'v-h2-ru-kou'),
  ('lesson-h2-dla-52', 'v-h2-shang-ren'),
  ('lesson-h2-dla-52', 'v-h2-shang-zhou'),
  ('lesson-h2-dla-53', 'v-h2-shao-nian'),
  ('lesson-h2-dla-53', 'v-h2-shao-shu'),
  ('lesson-h2-dla-53', 'v-h2-shen-bian'),
  ('lesson-h2-dla-53', 'v-h2-sheng-ci'),
  ('lesson-h2-dla-53', 'v-h2-sheng-yin'),
  ('lesson-h2-dla-54', 'v-h2-shi-fen'),
  ('lesson-h2-dla-54', 'v-h2-shi-ji'),
  ('lesson-h2-dla-54', 'v-h2-shi-zai'),
  ('lesson-h2-dla-54', 'v-h2-shi-wu'),
  ('lesson-h2-dla-54', 'v-h2-shi'),
  ('lesson-h2-dla-55', 'v-h2-shi-zhang'),
  ('lesson-h2-dla-55', 'v-h2-shou-biao'),
  ('lesson-h2-dla-55', 'v-h2-shu-fu'),
  ('lesson-h2-dla-55', 'v-h2-shu'),
  ('lesson-h2-dla-55', 'v-h2-shu-zi'),
  ('lesson-h2-dla-56', 'v-h2-shui-ping'),
  ('lesson-h2-dla-56', 'v-h2-shun-li'),
  ('lesson-h2-dla-56', 'v-h2-song-dao'),
  ('lesson-h2-dla-56', 'v-h2-sui-bian'),
  ('lesson-h2-dla-56', 'v-h2-suo-yi'),
  ('lesson-h2-dla-57', 'v-h2-suo-you'),
  ('lesson-h2-dla-57', 'v-h2-ta'),
  ('lesson-h2-dla-57', 'v-h2-ta-men'),
  ('lesson-h2-dla-57', 'v-h2-tai-tai'),
  ('lesson-h2-dla-57', 'v-h2-tai-yang'),
  ('lesson-h2-dla-58', 'v-h2-tai-du'),
  ('lesson-h2-dla-58', 'v-h2-te-bie'),
  ('lesson-h2-dla-58', 'v-h2-te-dian'),
  ('lesson-h2-dla-58', 'v-h2-di-2'),
  ('lesson-h2-dla-58', 'v-h2-ti'),
  ('lesson-h2-dla-59', 'v-h2-ti-yu-chang'),
  ('lesson-h2-dla-59', 'v-h2-ti-yu-guan'),
  ('lesson-h2-dla-59', 'v-h2-tian-shang'),
  ('lesson-h2-dla-59', 'v-h2-ting-che-chang'),
  ('lesson-h2-dla-59', 'v-h2-ting'),
  ('lesson-h2-dla-60', 'v-h2-tong-yang'),
  ('lesson-h2-dla-60', 'v-h2-tou'),
  ('lesson-h2-dla-60', 'v-h2-tou-fa'),
  ('lesson-h2-dla-60', 'v-h2-tui'),
  ('lesson-h2-dla-60', 'v-h2-wai-mai'),
  ('lesson-h2-dla-61', 'v-h2-wan-quan'),
  ('lesson-h2-dla-61', 'v-h2-wan-bao'),
  ('lesson-h2-dla-61', 'v-h2-wan-can'),
  ('lesson-h2-dla-61', 'v-h2-wan-hui'),
  ('lesson-h2-dla-61', 'v-h2-wan'),
  ('lesson-h2-dla-62', 'v-wan'),
  ('lesson-h2-dla-62', 'v-h2-wang'),
  ('lesson-h2-dla-62', 'v-h2-wang-qiu'),
  ('lesson-h2-dla-62', 'v-h2-wang-zhan'),
  ('lesson-h2-dla-62', 'v-h2-wang-2'),
  ('lesson-h2-dla-63', 'v-h2-wei'),
  ('lesson-h2-dla-63', 'v-h2-wei-shen-me'),
  ('lesson-h2-dla-63', 'v-h2-wei-2'),
  ('lesson-h2-dla-63', 'v-h2-wei-dao'),
  ('lesson-h2-dla-63', 'v-h2-wen-du'),
  ('lesson-h2-dla-64', 'v-h2-wen'),
  ('lesson-h2-dla-64', 'v-h2-wen-lu'),
  ('lesson-h2-dla-64', 'v-h2-wu-can'),
  ('lesson-h2-dla-64', 'v-h2-xi-bei'),
  ('lesson-h2-dla-64', 'v-h2-xi-can'),
  ('lesson-h2-dla-65', 'v-h2-xi-fang'),
  ('lesson-h2-dla-65', 'v-h2-xi-guan'),
  ('lesson-h2-dla-65', 'v-h2-xi-yi-ji'),
  ('lesson-h2-dla-65', 'v-h2-xia-zhou'),
  ('lesson-h2-dla-65', 'v-h2-xia-tian'),
  ('lesson-h2-dla-66', 'v-h2-xiang-ji'),
  ('lesson-h2-dla-66', 'v-h2-xiang-tong'),
  ('lesson-h2-dla-66', 'v-h2-xiang'),
  ('lesson-h2-dla-66', 'v-h2-xiang-2'),
  ('lesson-h2-dla-66', 'v-h2-xiao-sheng'),
  ('lesson-h2-dla-67', 'v-h2-xiao-shi-hou'),
  ('lesson-h2-dla-67', 'v-h2-xiao-shuo'),
  ('lesson-h2-dla-67', 'v-h2-xiao-zu'),
  ('lesson-h2-dla-67', 'v-h2-xiao-yuan'),
  ('lesson-h2-dla-67', 'v-h2-xiao-zhang'),
  ('lesson-h2-dla-68', 'v-h2-xiao-hua'),
  ('lesson-h2-dla-68', 'v-h2-xiaohuar5'),
  ('lesson-h2-dla-68', 'v-h2-xie'),
  ('lesson-h2-dla-68', 'v-h2-xin-li'),
  ('lesson-h2-dla-68', 'v-h2-xin-qing'),
  ('lesson-h2-dla-69', 'v-h2-xin-zhong'),
  ('lesson-h2-dla-69', 'v-h2-xin-wen'),
  ('lesson-h2-dla-69', 'v-h2-xin'),
  ('lesson-h2-dla-69', 'v-h2-xin-hao'),
  ('lesson-h2-dla-69', 'v-h2-xin-xi'),
  ('lesson-h2-dla-70', 'v-h2-xin-xin'),
  ('lesson-h2-dla-70', 'v-h2-xin-yong-ka'),
  ('lesson-h2-dla-70', 'v-h2-xing-xing'),
  ('lesson-h2-dla-70', 'v-h2-xing-dong'),
  ('lesson-h2-dla-70', 'v-h2-xing-ren'),
  ('lesson-h2-dla-71', 'v-h2-xing-wei'),
  ('lesson-h2-dla-71', 'v-h2-xing'),
  ('lesson-h2-dla-71', 'v-h2-xing-ming'),
  ('lesson-h2-dla-71', 'v-h2-xu-duo'),
  ('lesson-h2-dla-71', 'v-h2-xue-qi'),
  ('lesson-h2-dla-72', 'v-h2-xue'),
  ('lesson-h2-dla-72', 'v-h2-yan-se'),
  ('lesson-h2-dla-72', 'v-h2-yan'),
  ('lesson-h2-dla-72', 'v-h2-yan-jing'),
  ('lesson-h2-dla-72', 'v-h2-yang-zi'),
  ('lesson-h2-dla-73', 'v-h2-yao'),
  ('lesson-h2-dla-73', 'v-h2-yao-dian'),
  ('lesson-h2-dla-73', 'v-h2-yao-shui'),
  ('lesson-h2-dla-73', 'v-h2-ye-xu'),
  ('lesson-h2-dla-73', 'v-h2-ye'),
  ('lesson-h2-dla-74', 'v-h2-ye-li'),
  ('lesson-h2-dla-74', 'v-h2-yi-ban'),
  ('lesson-h2-dla-74', 'v-h2-yi-bu-fen'),
  ('lesson-h2-dla-74', 'v-h2-yi-dian-dian'),
  ('lesson-h2-dla-74', 'v-h2-yi-ding'),
  ('lesson-h2-dla-75', 'v-h2-yi-sheng'),
  ('lesson-h2-dla-75', 'v-h2-yi-zhi'),
  ('lesson-h2-dla-75', 'v-h2-yi-jing'),
  ('lesson-h2-dla-75', 'v-h2-yi-hou'),
  ('lesson-h2-dla-75', 'v-h2-yi-qian'),
  ('lesson-h2-dla-76', 'v-h2-yi-shang'),
  ('lesson-h2-dla-76', 'v-h2-yi-xia'),
  ('lesson-h2-dla-76', 'v-yizi'),
  ('lesson-h2-dla-76', 'v-h2-yi'),
  ('lesson-h2-dla-76', 'v-h2-yi-jian'),
  ('lesson-h2-dla-77', 'v-h2-yi-si'),
  ('lesson-h2-dla-77', 'v-h2-yin'),
  ('lesson-h2-dla-77', 'v-h2-yin-tian'),
  ('lesson-h2-dla-77', 'v-h2-yin-yue-hui'),
  ('lesson-h2-dla-77', 'v-yinhang'),
  ('lesson-h2-dla-78', 'v-h2-yin-hang-ka'),
  ('lesson-h2-dla-78', 'v-h2-ying-wen'),
  ('lesson-h2-dla-78', 'v-h2-ying-yu'),
  ('lesson-h2-dla-78', 'v-h2-ying-pian'),
  ('lesson-h2-dla-78', 'v-h2-ying-xiang'),
  ('lesson-h2-dla-79', 'v-h2-yong-yuan'),
  ('lesson-h2-dla-79', 'v-h2-you'),
  ('lesson-h2-dla-79', 'v-h2-you-hao'),
  ('lesson-h2-dla-79', 'v-h2-you-dian-r'),
  ('lesson-h2-dla-79', 'v-h2-you-yi-dian-r'),
  ('lesson-h2-dla-80', 'v-h2-you-2'),
  ('lesson-h2-dla-80', 'v-yu'),
  ('lesson-h2-dla-80', 'v-h2-yu-yan'),
  ('lesson-h2-dla-80', 'v-h2-yuan-lai'),
  ('lesson-h2-dla-80', 'v-h2-yuan-yin'),
  ('lesson-h2-dla-81', 'v-h2-yuan'),
  ('lesson-h2-dla-81', 'v-h2-yuan-zhang'),
  ('lesson-h2-dla-81', 'v-h2-yuan-zi'),
  ('lesson-h2-dla-81', 'v-h2-yue-fen'),
  ('lesson-h2-dla-81', 'v-h2-yue-liang'),
  ('lesson-h2-dla-82', 'v-h2-yue-lai-yue'),
  ('lesson-h2-dla-82', 'v-h2-zan'),
  ('lesson-h2-dla-82', 'v-h2-zang'),
  ('lesson-h2-dla-82', 'v-h2-zao-chen'),
  ('lesson-h2-dla-82', 'v-zenmeyang'),
  ('lesson-h2-dla-83', 'v-h2-zen-yang'),
  ('lesson-h2-dla-83', 'v-h2-zhan'),
  ('lesson-h2-dla-83', 'v-h2-chang-2'),
  ('lesson-h2-dla-83', 'v-h2-zhe-shihou'),
  ('lesson-h2-dla-83', 'v-h2-zhe-yang'),
  ('lesson-h2-dla-84', 'v-h2-zhen-zheng'),
  ('lesson-h2-dla-84', 'v-h2-zheng-chang'),
  ('lesson-h2-dla-84', 'v-h2-zheng-que'),
  ('lesson-h2-dla-84', 'v-h2-zheng-shi'),
  ('lesson-h2-dla-84', 'v-h2-zhi-jie'),
  ('lesson-h2-dla-85', 'v-h2-zhi'),
  ('lesson-h2-dla-85', 'v-h2-zhi-yao'),
  ('lesson-h2-dla-85', 'v-zhi'),
  ('lesson-h2-dla-85', 'v-h2-zhong-can'),
  ('lesson-h2-dla-85', 'v-h2-zhong-ji'),
  ('lesson-h2-dla-86', 'v-h2-zhong-nian'),
  ('lesson-h2-dla-86', 'v-h2-zhong-xiao-xue'),
  ('lesson-h2-dla-86', 'v-h2-zhong-yi'),
  ('lesson-h2-dla-86', 'v-h2-chong-xin'),
  ('lesson-h2-dla-86', 'v-h2-zhou'),
  ('lesson-h2-dla-87', 'v-h2-zhou-nian'),
  ('lesson-h2-dla-87', 'v-h2-zhu-ren'),
  ('lesson-h2-dla-87', 'v-h2-zhu-yao'),
  ('lesson-h2-dla-87', 'v-h2-zhu-yuan'),
  ('lesson-h2-dla-87', 'v-h2-zhuang'),
  ('lesson-h2-dla-88', 'v-h2-zhun-que'),
  ('lesson-h2-dla-88', 'v-h2-zi-ji'),
  ('lesson-h2-dla-88', 'v-h2-zi-xing-che'),
  ('lesson-h2-dla-88', 'v-h2-zu'),
  ('lesson-h2-dla-88', 'v-h2-zu-zhang'),
  ('lesson-h2-dla-89', 'v-h2-zui'),
  ('lesson-h2-dla-89', 'v-h2-zui-jin'),
  ('lesson-h2-dla-89', 'v-h2-zuo-jia'),
  ('lesson-h2-dla-89', 'v-h2-zuo-ye'),
  ('lesson-h2-dla-89', 'v-h2-zuo'),
  ('lesson-h2-dla-90', 'v-h2-zuo-wei'),
  ('lesson-h2-dla-review', 'v-h2-a'),
  ('lesson-h2-dla-review', 'v-h2-ai-qing'),
  ('lesson-h2-dla-review', 'v-h2-ai-ren'),
  ('lesson-h2-dla-review', 'v-h2-an-jing'),
  ('lesson-h2-dla-review', 'v-h2-an-quan'),
  ('lesson-h2-dla-review', 'v-h2-bai-se'),
  ('lesson-h2-dla-review', 'v-h2-ban-fa'),
  ('lesson-h2-dla-review', 'v-h2-ban-ye'),
  ('lesson-h2-dla-review', 'v-h2-bang-zhu'),
  ('lesson-h2-dla-review', 'v-h2-bao-zhi'),
  ('lesson-h2-dlb-1', 'v-h2-bu-hao-yi-si'),
  ('lesson-h2-dlb-1', 'v-h2-bu-yihuir5'),
  ('lesson-h2-dlb-1', 'v-h2-cai'),
  ('lesson-h2-dlb-1', 'v-h2-ci-yu'),
  ('lesson-h2-dlb-1', 'v-h2-dao-2'),
  ('lesson-h2-dlb-2', 'v-h2-duan-2'),
  ('lesson-h2-dlb-2', 'v-h2-fang-xin'),
  ('lesson-h2-dlb-2', 'v-h2-gan-dao'),
  ('lesson-h2-dlb-2', 'v-h2-gan-jue'),
  ('lesson-h2-dlb-2', 'v-h2-gan-xie'),
  ('lesson-h2-dlb-3', 'v-h2-gong-jiao-che'),
  ('lesson-h2-dlb-3', 'v-h2-huo-dong'),
  ('lesson-h2-dlb-3', 'v-h2-jia'),
  ('lesson-h2-dlb-3', 'v-h2-jian-kang'),
  ('lesson-h2-dlb-3', 'v-h2-kai-xin'),
  ('lesson-h2-dlb-4', 'v-h2-ke-ai'),
  ('lesson-h2-dlb-4', 'v-h2-ke-yi'),
  ('lesson-h2-dlb-4', 'v-h2-kuai-can'),
  ('lesson-h2-dlb-4', 'v-h2-kuai-le'),
  ('lesson-h2-dlb-4', 'v-h2-lan-qiu'),
  ('lesson-h2-dlb-5', 'v-h2-liang-kuai'),
  ('lesson-h2-dlb-5', 'v-h2-nan-guo'),
  ('lesson-h2-dlb-5', 'v-h2-nan-shou'),
  ('lesson-h2-dlb-5', 'v-h2-neng-gou'),
  ('lesson-h2-dlb-5', 'v-h2-peng-jian'),
  ('lesson-h2-dlb-6', 'v-h2-ji-4'),
  ('lesson-h2-dlb-6', 'v-h2-qiu-dui'),
  ('lesson-h2-dlb-6', 'v-h2-quan-shen'),
  ('lesson-h2-dlb-6', 'v-h2-ti-yu'),
  ('lesson-h2-dlb-6', 'v-h2-wai-di'),
  ('lesson-h2-dlb-7', 'v-h2-xi-yi'),
  ('lesson-h2-dlb-7', 'v-h2-yao-pian'),
  ('lesson-h2-dlb-7', 'v-h2-yi-gong'),
  ('lesson-h2-dlb-7', 'v-h2-yin-jie'),
  ('lesson-h2-dlb-7', 'v-h2-yin-yue'),
  ('lesson-h2-dlb-8', 'v-h2-youkongr5'),
  ('lesson-h2-dlb-8', 'v-h2-you-yi-si'),
  ('lesson-h2-dlb-8', 'v-h2-zao-can'),
  ('lesson-h2-dlb-8', 'v-h2-zhi-neng'),
  ('lesson-h2-dlb-8', 'v-h2-zhou-mo'),
  ('lesson-h2-dlb-9', 'v-h2-zhu-fang'),
  ('lesson-h2-dlb-9', 'v-h2-zi-dian'),
  ('lesson-h2-dlb-9', 'v-h2-zi-you'),
  ('lesson-h2-dlb-review', 'v-h2-bu-hao-yi-si'),
  ('lesson-h2-dlb-review', 'v-h2-bu-yihuir5'),
  ('lesson-h2-dlb-review', 'v-h2-cai'),
  ('lesson-h2-dlb-review', 'v-h2-ci-yu'),
  ('lesson-h2-dlb-review', 'v-h2-dao-2'),
  ('lesson-h2-dlb-review', 'v-h2-duan-2'),
  ('lesson-h2-dlb-review', 'v-h2-fang-xin'),
  ('lesson-h2-dlb-review', 'v-h2-gan-dao'),
  ('lesson-h2-dlb-review', 'v-h2-gan-jue'),
  ('lesson-h2-dlb-review', 'v-h2-gan-xie'),
  ('lesson-h2-dlc-1', 'v-h2-ban'),
  ('lesson-h2-dlc-1', 'v-bao-full'),
  ('lesson-h2-dlc-1', 'v-h2-bao-ming'),
  ('lesson-h2-dlc-1', 'v-h2-bi-ji'),
  ('lesson-h2-dlc-1', 'v-h2-bi-ji-ben'),
  ('lesson-h2-dlc-2', 'v-h2-bi-xu'),
  ('lesson-h2-dlc-2', 'v-h2-bian-3'),
  ('lesson-h2-dlc-2', 'v-h2-bian-cheng'),
  ('lesson-h2-dlc-2', 'v-h2-bu-ru'),
  ('lesson-h2-dlc-2', 'v-h2-bu-tai'),
  ('lesson-h2-dlc-3', 'v-h2-can-guan'),
  ('lesson-h2-dlc-3', 'v-h2-can-jia'),
  ('lesson-h2-dlc-3', 'v-h2-ceng'),
  ('lesson-h2-dlc-3', 'v-h2-chao-guo'),
  ('lesson-h2-dlc-3', 'v-h2-chen'),
  ('lesson-h2-dlc-4', 'v-h2-cheng-wei'),
  ('lesson-h2-dlc-4', 'v-h2-chu-fa'),
  ('lesson-h2-dlc-4', 'v-h2-chu-guo'),
  ('lesson-h2-dlc-4', 'v-h2-chu-kou'),
  ('lesson-h2-dlc-4', 'v-h2-chu-men'),
  ('lesson-h2-dlc-5', 'v-h2-chu-sheng'),
  ('lesson-h2-dlc-5', 'v-h2-chu-xian'),
  ('lesson-h2-dlc-5', 'v-h2-chu-zu'),
  ('lesson-h2-dlc-5', 'v-chuzuche'),
  ('lesson-h2-dlc-5', 'v-h2-chui'),
  ('lesson-h2-dlc-6', 'v-h2-cong-xiao'),
  ('lesson-h2-dlc-6', 'v-h2-da-suan'),
  ('lesson-h2-dlc-6', 'v-h2-da-yin'),
  ('lesson-h2-dlc-6', 'v-h2-dai-lai'),
  ('lesson-h2-dlc-6', 'v-h2-de'),
  ('lesson-h2-dlc-7', 'v-h2-de-chu'),
  ('lesson-h2-dlc-7', 'v-ditie'),
  ('lesson-h2-dlc-7', 'v-h2-di-tie-zhan'),
  ('lesson-h2-dlc-7', 'v-h2-deng-dao'),
  ('lesson-h2-dlc-7', 'v-h2-deng-yu'),
  ('lesson-h2-dlc-8', 'v-h2-dian-tou'),
  ('lesson-h2-dlc-8', 'v-h2-diao-2'),
  ('lesson-h2-dlc-8', 'v-h2-du'),
  ('lesson-h2-dlc-8', 'v-h2-dui-hua'),
  ('lesson-h2-dlc-8', 'v-h2-fa'),
  ('lesson-h2-dlc-9', 'v-h2-fa-xian'),
  ('lesson-h2-dlc-9', 'v-h2-fang-xia'),
  ('lesson-h2-dlc-9', 'v-h2-fen-kai'),
  ('lesson-h2-dlc-9', 'v-h2-fu-wu'),
  ('lesson-h2-dlc-9', 'v-h2-gai'),
  ('lesson-h2-dlc-10', 'v-h2-gai-bian'),
  ('lesson-h2-dlc-10', 'v-h2-gan-dong'),
  ('lesson-h2-dlc-10', 'v-h2-gan-bei'),
  ('lesson-h2-dlc-10', 'v-h2-geng'),
  ('lesson-h2-dlc-10', 'v-gongjiaoche'),
  ('lesson-h2-dlc-11', 'v-h2-gong-lu'),
  ('lesson-h2-dlc-11', 'v-h2-gu-ke'),
  ('lesson-h2-dlc-11', 'v-h2-guan-ji'),
  ('lesson-h2-dlc-11', 'v-h2-guan-xin'),
  ('lesson-h2-dlc-11', 'v-h2-guang-gao'),
  ('lesson-h2-dlc-12', 'v-h2-guo-lai'),
  ('lesson-h2-dlc-12', 'v-h2-guo-nian'),
  ('lesson-h2-dlc-12', 'v-h2-han'),
  ('lesson-h2-dlc-12', 'v-h2-hao-chu'),
  ('lesson-h2-dlc-12', 'v-h2-hao-ren'),
  ('lesson-h2-dlc-13', 'v-h2-hu-zhao'),
  ('lesson-h2-dlc-13', 'v-h2-hua'),
  ('lesson-h2-dlc-13', 'v-h2-huan-ying'),
  ('lesson-h2-dlc-13', 'v-h2-huan'),
  ('lesson-h2-dlc-13', 'v-h2-hui-guo'),
  ('lesson-h2-dlc-14', 'v-h2-jia-you'),
  ('lesson-h2-dlc-14', 'v-h2-jian-dao'),
  ('lesson-h2-dlc-14', 'v-h2-jiang'),
  ('lesson-h2-dlc-14', 'v-h2-jiao-2'),
  ('lesson-h2-dlc-14', 'v-h2-jiao-gei'),
  ('lesson-h2-dlc-15', 'v-h2-jiao-peng-you'),
  ('lesson-h2-dlc-15', 'v-h2-jiao-tong'),
  ('lesson-h2-dlc-15', 'v-h2-jiao-zuo'),
  ('lesson-h2-dlc-15', 'v-h2-jiao-xue'),
  ('lesson-h2-dlc-15', 'v-h2-jiao-yu'),
  ('lesson-h2-dlc-16', 'v-h2-jie-3'),
  ('lesson-h2-dlc-16', 'v-h2-jie-dao'),
  ('lesson-h2-dlc-16', 'v-h2-jie-shou'),
  ('lesson-h2-dlc-16', 'v-h2-jie-xia-lai'),
  ('lesson-h2-dlc-16', 'v-h2-jie-zhe'),
  ('lesson-h2-dlc-17', 'v-h2-jie-guo'),
  ('lesson-h2-dlc-17', 'v-h2-jie-4'),
  ('lesson-h2-dlc-17', 'v-h2-jin-ru'),
  ('lesson-h2-dlc-17', 'v-h2-jin-xing'),
  ('lesson-h2-dlc-17', 'v-h2-jing-guo'),
  ('lesson-h2-dlc-18', 'v-h2-ju-shou'),
  ('lesson-h2-dlc-18', 'v-h2-ka'),
  ('lesson-h2-dlc-18', 'v-h2-kai-ji'),
  ('lesson-h2-dlc-18', 'v-h2-kan-fa'),
  ('lesson-h2-dlc-18', 'v-h2-kao'),
  ('lesson-h2-dlc-19', 'v-h2-ke-ren'),
  ('lesson-h2-dlc-19', 'v-h2-ku'),
  ('lesson-h2-dlc-19', 'v-h2-kuai-yao'),
  ('lesson-h2-dlc-19', 'v-h2-la'),
  ('lesson-h2-dlc-19', 'v-laizi'),
  ('lesson-h2-dlc-20', 'v-h2-lao-shi'),
  ('lesson-h2-dlc-20', 'v-h2-li-kai'),
  ('lesson-h2-dlc-20', 'v-h2-liu-2'),
  ('lesson-h2-dlc-20', 'v-h2-liu-xing'),
  ('lesson-h2-dlc-20', 'v-h2-liu-xia'),
  ('lesson-h2-dlc-21', 'v-h2-lu-bian'),
  ('lesson-h2-dlc-21', 'v-h2-lu-ke'),
  ('lesson-h2-dlc-21', 'v-h2-lu-xing'),
  ('lesson-h2-dlc-21', 'v-h2-lu-you'),
  ('lesson-h2-dlc-21', 'v-mai-sell'),
  ('lesson-h2-dlc-22', 'v-h2-mu-di'),
  ('lesson-h2-dlc-22', 'v-h2-na-chu'),
  ('lesson-h2-dlc-22', 'v-h2-na-dao'),
  ('lesson-h2-dlc-22', 'v-h2-nan-ting'),
  ('lesson-h2-dlc-22', 'v-h2-pa-2'),
  ('lesson-h2-dlc-23', 'v-h2-pa-shan'),
  ('lesson-h2-dlc-23', 'v-h2-pai-dui'),
  ('lesson-h2-dlc-23', 'v-h2-peng-dao'),
  ('lesson-h2-dlc-23', 'v-h2-qi-che'),
  ('lesson-h2-dlc-23', 'v-h2-qi-fei'),
  ('lesson-h2-dlc-24', 'v-h2-qing-ke'),
  ('lesson-h2-dlc-24', 'v-h2-qing-qiu'),
  ('lesson-h2-dlc-24', 'v-h2-qiu'),
  ('lesson-h2-dlc-24', 'v-h2-qu'),
  ('lesson-h2-dlc-24', 'v-h2-qu-de'),
  ('lesson-h2-dlc-25', 'v-h2-rang'),
  ('lesson-h2-dlc-25', 'v-h2-shang-liang'),
  ('lesson-h2-dlc-25', 'v-h2-sheng'),
  ('lesson-h2-dlc-25', 'v-h2-sheng-huo'),
  ('lesson-h2-dlc-25', 'v-h2-sheng-2'),
  ('lesson-h2-dlc-26', 'v-h2-shi-xian'),
  ('lesson-h2-dlc-26', 'v-h2-shi-yong'),
  ('lesson-h2-dlc-26', 'v-h2-shi-qing'),
  ('lesson-h2-dlc-26', 'v-h2-shou'),
  ('lesson-h2-dlc-26', 'v-h2-shou-dao'),
  ('lesson-h2-dlc-27', 'v-h2-shou-ru'),
  ('lesson-h2-dlc-27', 'v-h2-shou-dao-2'),
  ('lesson-h2-dlc-27', 'v-h2-shu-2'),
  ('lesson-h2-dlc-27', 'v-h2-shuo-ming'),
  ('lesson-h2-dlc-27', 'v-h2-si-ji'),
  ('lesson-h2-dlc-28', 'v-h2-song-gei'),
  ('lesson-h2-dlc-28', 'v-h2-suan'),
  ('lesson-h2-dlc-28', 'v-h2-tao-lun'),
  ('lesson-h2-dlc-28', 'v-h2-tao'),
  ('lesson-h2-dlc-28', 'v-h2-ti-chu'),
  ('lesson-h2-dlc-29', 'v-h2-ti-dao'),
  ('lesson-h2-dlc-29', 'v-h2-ti-gao'),
  ('lesson-h2-dlc-29', 'v-h2-tiao'),
  ('lesson-h2-dlc-29', 'v-h2-tiao-jian'),
  ('lesson-h2-dlc-29', 'v-h2-ting-jiang'),
  ('lesson-h2-dlc-30', 'v-h2-ting-shuo'),
  ('lesson-h2-dlc-30', 'v-h2-ting-2'),
  ('lesson-h2-dlc-30', 'v-h2-ting-che'),
  ('lesson-h2-dlc-30', 'v-h2-ting-hao'),
  ('lesson-h2-dlc-30', 'v-h2-tong'),
  ('lesson-h2-dlc-31', 'v-h2-tong-guo'),
  ('lesson-h2-dlc-31', 'v-h2-tong-zhi'),
  ('lesson-h2-dlc-31', 'v-h2-tu-pian'),
  ('lesson-h2-dlc-31', 'v-h2-tui-2'),
  ('lesson-h2-dlc-31', 'v-h2-wan-2'),
  ('lesson-h2-dlc-32', 'v-h2-wan-cheng'),
  ('lesson-h2-dlc-32', 'v-h2-wan-an'),
  ('lesson-h2-dlc-32', 'v-h2-wu-shui'),
  ('lesson-h2-dlc-32', 'v-h2-xi-zao'),
  ('lesson-h2-dlc-32', 'v-h2-xia-xue'),
  ('lesson-h2-dlc-33', 'v-h2-xiang-qi'),
  ('lesson-h2-dlc-33', 'v-h2-xiang-3'),
  ('lesson-h2-dlc-33', 'v-h2-xiao-xin'),
  ('lesson-h2-dlc-33', 'v-h2-xiu-jia'),
  ('lesson-h2-dlc-33', 'v-h2-xuan'),
  ('lesson-h2-dlc-34', 'v-h2-yang'),
  ('lesson-h2-dlc-34', 'v-h2-yao-qiu'),
  ('lesson-h2-dlc-34', 'v-h2-yi-lu-ping-an'),
  ('lesson-h2-dlc-34', 'v-h2-yi-lu-shun-feng'),
  ('lesson-h2-dlc-34', 'v-h2-yi-wai'),
  ('lesson-h2-dlc-35', 'v-h2-ying-gai'),
  ('lesson-h2-dlc-35', 'v-h2-you-ke'),
  ('lesson-h2-dlc-35', 'v-h2-yuan-yi'),
  ('lesson-h2-dlc-35', 'v-h2-yue'),
  ('lesson-h2-dlc-35', 'v-h2-yun-dong'),
  ('lesson-h2-dlc-36', 'v-h2-zan-men'),
  ('lesson-h2-dlc-36', 'v-h2-zen-me-ban'),
  ('lesson-h2-dlc-36', 'v-h2-zhan-zhu'),
  ('lesson-h2-dlc-36', 'v-h2-zhang-da'),
  ('lesson-h2-dlc-36', 'v-h2-zhao-chu'),
  ('lesson-h2-dlc-37', 'v-h2-zhao-gu'),
  ('lesson-h2-dlc-37', 'v-h2-zhao-pian'),
  ('lesson-h2-dlc-37', 'v-h2-zhao-xiang'),
  ('lesson-h2-dlc-37', 'v-h2-zhong-xin'),
  ('lesson-h2-dlc-37', 'v-h2-chong-dian'),
  ('lesson-h2-dlc-38', 'v-h2-chong-fu'),
  ('lesson-h2-dlc-38', 'v-h2-zhong-shi'),
  ('lesson-h2-dlc-38', 'v-h2-zou-guo'),
  ('lesson-h2-dlc-38', 'v-h2-zou-jin'),
  ('lesson-h2-dlc-38', 'v-h2-zou-kai'),
  ('lesson-h2-dlc-39', 'v-h2-zu-2'),
  ('lesson-h2-dlc-39', 'v-h2-zu-cheng'),
  ('lesson-h2-dlc-39', 'v-h2-zuo-wen'),
  ('lesson-h2-dlc-39', 'v-h2-zuo-yong'),
  ('lesson-h2-dlc-39', 'v-h2-zuo-dao'),
  ('lesson-h2-dlc-40', 'v-h2-zuo-fa'),
  ('lesson-h2-dlc-review', 'v-h2-ban'),
  ('lesson-h2-dlc-review', 'v-bao-full'),
  ('lesson-h2-dlc-review', 'v-h2-bao-ming'),
  ('lesson-h2-dlc-review', 'v-h2-bi-ji'),
  ('lesson-h2-dlc-review', 'v-h2-bi-ji-ben'),
  ('lesson-h2-dlc-review', 'v-h2-bi-xu'),
  ('lesson-h2-dlc-review', 'v-h2-bian-3'),
  ('lesson-h2-dlc-review', 'v-h2-bian-cheng'),
  ('lesson-h2-dlc-review', 'v-h2-bu-ru'),
  ('lesson-h2-dlc-review', 'v-h2-bu-tai'),
  ('lesson-h2-dld-1', 'v-h2-ban-zhang'),
  ('lesson-h2-dld-1', 'v-h2-ban-gong-shi'),
  ('lesson-h2-dld-1', 'v-h2-bi-ru'),
  ('lesson-h2-dld-1', 'v-h2-bi-ru-shuo'),
  ('lesson-h2-dld-1', 'v-h2-bu-dan'),
  ('lesson-h2-dld-2', 'v-h2-chun-tian'),
  ('lesson-h2-dld-2', 'v-h2-da-ying'),
  ('lesson-h2-dld-2', 'v-h2-da-gong'),
  ('lesson-h2-dld-2', 'v-h2-dan-2'),
  ('lesson-h2-dld-2', 'v-h2-dan-shi'),
  ('lesson-h2-dld-3', 'v-h2-dao-li'),
  ('lesson-h2-dld-3', 'v-h2-dong-nan'),
  ('lesson-h2-dld-3', 'v-h2-dong'),
  ('lesson-h2-dld-3', 'v-h2-dong-de'),
  ('lesson-h2-dld-3', 'v-h2-duo-jiu'),
  ('lesson-h2-dld-4', 'v-h2-er-qie'),
  ('lesson-h2-dld-4', 'v-h2-fen-shu'),
  ('lesson-h2-dld-4', 'v-h2-fen'),
  ('lesson-h2-dld-4', 'v-h2-fu-xi'),
  ('lesson-h2-dld-4', 'v-h2-gai-2'),
  ('lesson-h2-dld-5', 'v-h2-gu-shi'),
  ('lesson-h2-dld-5', 'v-h2-hao-shi'),
  ('lesson-h2-dld-5', 'v-h2-huai-ren'),
  ('lesson-h2-dld-5', 'v-h2-huo'),
  ('lesson-h2-dld-5', 'v-h2-jiao-shi-2'),
  ('lesson-h2-dld-6', 'v-h2-ju-xing'),
  ('lesson-h2-dld-6', 'v-h2-kao-sheng'),
  ('lesson-h2-dld-6', 'v-h2-ke-3'),
  ('lesson-h2-dld-6', 'v-h2-ke-shi'),
  ('lesson-h2-dld-6', 'v-h2-ke-tang'),
  ('lesson-h2-dld-7', 'v-h2-li-ru'),
  ('lesson-h2-dld-7', 'v-h2-lian-2'),
  ('lesson-h2-dld-7', 'v-h2-lian-xi'),
  ('lesson-h2-dld-7', 'v-h2-liang-2'),
  ('lesson-h2-dld-7', 'v-h2-liang-3'),
  ('lesson-h2-dld-8', 'v-h2-liu-xue-sheng'),
  ('lesson-h2-dld-8', 'v-h2-na-hui-r'),
  ('lesson-h2-dld-8', 'v-h2-na-shi-hou'),
  ('lesson-h2-dld-8', 'v-h2-nan-fang'),
  ('lesson-h2-dld-8', 'v-h2-nian-ji'),
  ('lesson-h2-dld-9', 'v-h2-nu-li'),
  ('lesson-h2-dld-9', 'v-h2-ping-an'),
  ('lesson-h2-dld-9', 'v-h2-ren-wei'),
  ('lesson-h2-dld-9', 'v-h2-shen-me-yang'),
  ('lesson-h2-dld-9', 'v-h2-shi-xi'),
  ('lesson-h2-dld-10', 'v-h2-sui-ran'),
  ('lesson-h2-dld-10', 'v-h2-sui-shi'),
  ('lesson-h2-dld-10', 'v-h2-teng'),
  ('lesson-h2-dld-10', 'v-h2-tong-shi'),
  ('lesson-h2-dld-10', 'v-h2-tong-shi-2'),
  ('lesson-h2-dld-11', 'v-wei'),
  ('lesson-h2-dld-11', 'v-h2-wen-ti'),
  ('lesson-h2-dld-11', 'v-h2-xi-nan'),
  ('lesson-h2-dld-11', 'v-h2-xiang-xin'),
  ('lesson-h2-dld-11', 'v-h2-xiang-dao'),
  ('lesson-h2-dld-12', 'v-h2-xiang-fa'),
  ('lesson-h2-dld-12', 'v-h2-yi-wei'),
  ('lesson-h2-dld-12', 'v-h2-yin-wei'),
  ('lesson-h2-dld-12', 'v-h2-you-ren'),
  ('lesson-h2-dld-12', 'v-yun'),
  ('lesson-h2-dld-13', 'v-h2-zao-jiu'),
  ('lesson-h2-dld-13', 'v-h2-zhe-me'),
  ('lesson-h2-dld-13', 'v-h2-zhe-shi'),
  ('lesson-h2-dld-13', 'v-h2-zheng-hao'),
  ('lesson-h2-dld-13', 'v-h2-zuo-fan');
insert into sentences (id, course_id, hanzi, pinyin, english, difficulty, grammar_notes) values
  ('s-h2-101', 'course-mandarin-1', '这是啊。', 'Zhè shì ā.', 'This is interjection of surprise.', 2, null),
  ('s-h2-102', 'course-mandarin-1', '这是爱情。', 'Zhè shì ài qíng.', 'This is romance; love (romantic).', 2, null),
  ('s-h2-103', 'course-mandarin-1', '这是爱人。', 'Zhè shì ài ren.', 'This is spouse (PRC).', 2, null),
  ('s-h2-104', 'course-mandarin-1', '这是安静。', 'Zhè shì ān jìng.', 'This is quiet.', 2, null),
  ('s-h2-105', 'course-mandarin-1', '这个很安全。', 'Zhège hěn ān quán.', 'This is very safe; secure.', 2, null),
  ('s-h2-106', 'course-mandarin-1', '这是白色。', 'Zhè shì bái sè.', 'This is white.', 2, null),
  ('s-h2-107', 'course-mandarin-1', '这是办法。', 'Zhè shì bàn fǎ.', 'This is means.', 2, null),
  ('s-h2-108', 'course-mandarin-1', '这是半夜。', 'Zhè shì bàn yè.', 'This is midnight.', 2, null),
  ('s-h2-109', 'course-mandarin-1', '这是帮助。', 'Zhè shì bāng zhù.', 'This is assistance; aid.', 2, null),
  ('s-h2-110', 'course-mandarin-1', '这是报纸。', 'Zhè shì bào zhǐ.', 'This is newspaper.', 2, null),
  ('s-h2-111', 'course-mandarin-1', '这是北方。', 'Zhè shì běi fāng.', 'This is north.', 2, null),
  ('s-h2-112', 'course-mandarin-1', '这是背。', 'Zhè shì bēi.', 'This is variant of 背.', 2, null),
  ('s-h2-113', 'course-mandarin-1', '这是边。', 'Zhè shì biān.', 'This is side.', 2, null),
  ('s-h2-114', 'course-mandarin-1', '这是遍。', 'Zhè shì biàn.', 'This is variant of 遍.', 2, null),
  ('s-h2-115', 'course-mandarin-1', '这是表。', 'Zhè shì biǎo.', 'This is exterior surface.', 2, null),
  ('s-h2-116', 'course-mandarin-1', '这是不错。', 'Zhè shì bù cuò.', 'This is correct.', 2, null),
  ('s-h2-117', 'course-mandarin-1', '这是不够。', 'Zhè shì bù gòu.', 'This is not enough.', 2, null),
  ('s-h2-118', 'course-mandarin-1', '这是不过。', 'Zhè shì bù guò.', 'This is only.', 2, null),
  ('s-h2-119', 'course-mandarin-1', '这是不久。', 'Zhè shì bù jiǔ.', 'This is not long (after).', 2, null),
  ('s-h2-120', 'course-mandarin-1', '这个很不满。', 'Zhège hěn bù mǎn.', 'This is very resentful.', 2, null),
  ('s-h2-121', 'course-mandarin-1', '这是不少。', 'Zhè shì bù shǎo.', 'This is many.', 2, null),
  ('s-h2-122', 'course-mandarin-1', '这是不同。', 'Zhè shì bù tóng.', 'This is different.', 2, null),
  ('s-h2-123', 'course-mandarin-1', '这是不行。', 'Zhè shì bù xíng.', 'This is won''t do.', 2, null),
  ('s-h2-124', 'course-mandarin-1', '这是不要。', 'Zhè shì bù yào.', 'This is don''t!.', 2, null),
  ('s-h2-125', 'course-mandarin-1', '这是不一定。', 'Zhè shì bù yī dìng.', 'This is not necessarily.', 2, null),
  ('s-h2-126', 'course-mandarin-1', '这是部分。', 'Zhè shì bù fen.', 'This is part.', 2, null),
  ('s-h2-127', 'course-mandarin-1', '这是草。', 'Zhè shì cǎo.', 'This is variant of 草.', 2, null),
  ('s-h2-128', 'course-mandarin-1', '这是草地。', 'Zhè shì cǎo dì.', 'This is lawn.', 2, null),
  ('s-h2-129', 'course-mandarin-1', '这是查。', 'Zhè shì Zhā.', 'This is surname Zha.', 2, null),
  ('s-h2-130', 'course-mandarin-1', '这是差不多。', 'Zhè shì chà bu duō.', 'This is almost.', 2, null);
insert into lesson_sentences (lesson_id, sentence_id) values
  ('lesson-h2-dla-1', 's-h2-102'),
  ('lesson-h2-dla-2', 's-h2-103'),
  ('lesson-h2-dla-3', 's-h2-104'),
  ('lesson-h2-dla-4', 's-h2-105'),
  ('lesson-h2-dla-5', 's-h2-106'),
  ('lesson-h2-dla-6', 's-h2-107'),
  ('lesson-h2-dla-7', 's-h2-108'),
  ('lesson-h2-dla-8', 's-h2-109'),
  ('lesson-h2-dla-9', 's-h2-110'),
  ('lesson-h2-dla-10', 's-h2-111'),
  ('lesson-h2-dla-11', 's-h2-112'),
  ('lesson-h2-dla-12', 's-h2-113'),
  ('lesson-h2-dla-13', 's-h2-114'),
  ('lesson-h2-dla-14', 's-h2-115'),
  ('lesson-h2-dla-15', 's-h2-116'),
  ('lesson-h2-dla-16', 's-h2-117'),
  ('lesson-h2-dla-17', 's-h2-118'),
  ('lesson-h2-dla-18', 's-h2-119'),
  ('lesson-h2-dla-19', 's-h2-120'),
  ('lesson-h2-dla-20', 's-h2-121'),
  ('lesson-h2-dla-21', 's-h2-122'),
  ('lesson-h2-dla-22', 's-h2-123'),
  ('lesson-h2-dla-23', 's-h2-124'),
  ('lesson-h2-dla-24', 's-h2-125'),
  ('lesson-h2-dla-25', 's-h2-126'),
  ('lesson-h2-dla-26', 's-h2-127'),
  ('lesson-h2-dla-27', 's-h2-128'),
  ('lesson-h2-dla-28', 's-h2-129'),
  ('lesson-h2-dla-29', 's-h2-130'),
  ('lesson-h2-dla-30', 's-h2-101'),
  ('lesson-h2-dla-31', 's-h2-102'),
  ('lesson-h2-dla-32', 's-h2-103'),
  ('lesson-h2-dla-33', 's-h2-104'),
  ('lesson-h2-dla-34', 's-h2-105'),
  ('lesson-h2-dla-35', 's-h2-106'),
  ('lesson-h2-dla-36', 's-h2-107'),
  ('lesson-h2-dla-37', 's-h2-108'),
  ('lesson-h2-dla-38', 's-h2-109'),
  ('lesson-h2-dla-39', 's-h2-110'),
  ('lesson-h2-dla-40', 's-h2-111'),
  ('lesson-h2-dla-41', 's-h2-112'),
  ('lesson-h2-dla-42', 's-h2-113'),
  ('lesson-h2-dla-43', 's-h2-114'),
  ('lesson-h2-dla-44', 's-h2-115'),
  ('lesson-h2-dla-45', 's-h2-116'),
  ('lesson-h2-dla-46', 's-h2-117'),
  ('lesson-h2-dla-47', 's-h2-118'),
  ('lesson-h2-dla-48', 's-h2-119'),
  ('lesson-h2-dla-49', 's-h2-120'),
  ('lesson-h2-dla-50', 's-h2-121'),
  ('lesson-h2-dla-51', 's-h2-122'),
  ('lesson-h2-dla-52', 's-h2-123'),
  ('lesson-h2-dla-53', 's-h2-124'),
  ('lesson-h2-dla-54', 's-h2-125'),
  ('lesson-h2-dla-55', 's-h2-126'),
  ('lesson-h2-dla-56', 's-h2-127'),
  ('lesson-h2-dla-57', 's-h2-128'),
  ('lesson-h2-dla-58', 's-h2-129'),
  ('lesson-h2-dla-59', 's-h2-130'),
  ('lesson-h2-dla-60', 's-h2-101'),
  ('lesson-h2-dla-61', 's-h2-102'),
  ('lesson-h2-dla-62', 's-h2-103'),
  ('lesson-h2-dla-63', 's-h2-104'),
  ('lesson-h2-dla-64', 's-h2-105'),
  ('lesson-h2-dla-65', 's-h2-106'),
  ('lesson-h2-dla-66', 's-h2-107'),
  ('lesson-h2-dla-67', 's-h2-108'),
  ('lesson-h2-dla-68', 's-h2-109'),
  ('lesson-h2-dla-69', 's-h2-110'),
  ('lesson-h2-dla-70', 's-h2-111'),
  ('lesson-h2-dla-71', 's-h2-112'),
  ('lesson-h2-dla-72', 's-h2-113'),
  ('lesson-h2-dla-73', 's-h2-114'),
  ('lesson-h2-dla-74', 's-h2-115'),
  ('lesson-h2-dla-75', 's-h2-116'),
  ('lesson-h2-dla-76', 's-h2-117'),
  ('lesson-h2-dla-77', 's-h2-118'),
  ('lesson-h2-dla-78', 's-h2-119'),
  ('lesson-h2-dla-79', 's-h2-120'),
  ('lesson-h2-dla-80', 's-h2-121'),
  ('lesson-h2-dla-81', 's-h2-122'),
  ('lesson-h2-dla-82', 's-h2-123'),
  ('lesson-h2-dla-83', 's-h2-124'),
  ('lesson-h2-dla-84', 's-h2-125'),
  ('lesson-h2-dla-85', 's-h2-126'),
  ('lesson-h2-dla-86', 's-h2-127'),
  ('lesson-h2-dla-87', 's-h2-128'),
  ('lesson-h2-dla-88', 's-h2-129'),
  ('lesson-h2-dla-89', 's-h2-130'),
  ('lesson-h2-dla-90', 's-h2-101'),
  ('lesson-h2-dlb-1', 's-h2-102'),
  ('lesson-h2-dlb-2', 's-h2-103'),
  ('lesson-h2-dlb-3', 's-h2-104'),
  ('lesson-h2-dlb-4', 's-h2-105'),
  ('lesson-h2-dlb-5', 's-h2-106'),
  ('lesson-h2-dlb-6', 's-h2-107'),
  ('lesson-h2-dlb-7', 's-h2-108'),
  ('lesson-h2-dlb-8', 's-h2-109'),
  ('lesson-h2-dlb-9', 's-h2-110'),
  ('lesson-h2-dlc-1', 's-h2-102'),
  ('lesson-h2-dlc-2', 's-h2-103'),
  ('lesson-h2-dlc-3', 's-h2-104'),
  ('lesson-h2-dlc-4', 's-h2-105'),
  ('lesson-h2-dlc-5', 's-h2-106'),
  ('lesson-h2-dlc-6', 's-h2-107'),
  ('lesson-h2-dlc-7', 's-h2-108'),
  ('lesson-h2-dlc-8', 's-h2-109'),
  ('lesson-h2-dlc-9', 's-h2-110'),
  ('lesson-h2-dlc-10', 's-h2-111'),
  ('lesson-h2-dlc-11', 's-h2-112'),
  ('lesson-h2-dlc-12', 's-h2-113'),
  ('lesson-h2-dlc-13', 's-h2-114'),
  ('lesson-h2-dlc-14', 's-h2-115'),
  ('lesson-h2-dlc-15', 's-h2-116'),
  ('lesson-h2-dlc-16', 's-h2-117'),
  ('lesson-h2-dlc-17', 's-h2-118'),
  ('lesson-h2-dlc-18', 's-h2-119'),
  ('lesson-h2-dlc-19', 's-h2-120'),
  ('lesson-h2-dlc-20', 's-h2-121'),
  ('lesson-h2-dlc-21', 's-h2-122'),
  ('lesson-h2-dlc-22', 's-h2-123'),
  ('lesson-h2-dlc-23', 's-h2-124'),
  ('lesson-h2-dlc-24', 's-h2-125'),
  ('lesson-h2-dlc-25', 's-h2-126'),
  ('lesson-h2-dlc-26', 's-h2-127'),
  ('lesson-h2-dlc-27', 's-h2-128'),
  ('lesson-h2-dlc-28', 's-h2-129'),
  ('lesson-h2-dlc-29', 's-h2-130'),
  ('lesson-h2-dlc-30', 's-h2-101'),
  ('lesson-h2-dlc-31', 's-h2-102'),
  ('lesson-h2-dlc-32', 's-h2-103'),
  ('lesson-h2-dlc-33', 's-h2-104'),
  ('lesson-h2-dlc-34', 's-h2-105'),
  ('lesson-h2-dlc-35', 's-h2-106'),
  ('lesson-h2-dlc-36', 's-h2-107'),
  ('lesson-h2-dlc-37', 's-h2-108'),
  ('lesson-h2-dlc-38', 's-h2-109'),
  ('lesson-h2-dlc-39', 's-h2-110'),
  ('lesson-h2-dlc-40', 's-h2-111'),
  ('lesson-h2-dld-1', 's-h2-102'),
  ('lesson-h2-dld-2', 's-h2-103'),
  ('lesson-h2-dld-3', 's-h2-104'),
  ('lesson-h2-dld-4', 's-h2-105'),
  ('lesson-h2-dld-5', 's-h2-106'),
  ('lesson-h2-dld-6', 's-h2-107'),
  ('lesson-h2-dld-7', 's-h2-108'),
  ('lesson-h2-dld-8', 's-h2-109'),
  ('lesson-h2-dld-9', 's-h2-110'),
  ('lesson-h2-dld-10', 's-h2-111'),
  ('lesson-h2-dld-11', 's-h2-112'),
  ('lesson-h2-dld-12', 's-h2-113'),
  ('lesson-h2-dld-13', 's-h2-114');
insert into exercises (id, lesson_id, type, prompt, payload_json, explanation, order_index) values
  ('lesson-h2-dla-1-ex-0', 'lesson-h2-dla-1', 'listening', 'Listen and select the meaning', '{"hanzi":"啊","options":["romance; love (romantic)","interjection of surprise","quiet","safe; secure"],"correctAnswer":"interjection of surprise","pinyin":"ā"}'::jsonb, 'You heard: 啊 (ā)', 0),
  ('lesson-h2-dla-1-ex-1', 'lesson-h2-dla-1', 'listening', 'Listen and select the meaning', '{"hanzi":"爱情","options":["romance; love (romantic)","safe; secure","spouse (PRC)","quiet"],"correctAnswer":"romance; love (romantic)","pinyin":"ài qíng"}'::jsonb, 'You heard: 爱情 (ài qíng)', 1),
  ('lesson-h2-dla-1-ex-2', 'lesson-h2-dla-1', 'listening', 'Listen and select the meaning', '{"hanzi":"爱人","options":["spouse (PRC)","safe; secure","quiet","romance; love (romantic)"],"correctAnswer":"spouse (PRC)","pinyin":"ài ren"}'::jsonb, 'You heard: 爱人 (ài ren)', 2),
  ('lesson-h2-dla-1-ex-3', 'lesson-h2-dla-1', 'pinyin_recognition', 'Select the correct pinyin', '{"hanzi":"安静","options":["ān jìng","ān quán","ài qíng","ā"],"correctAnswer":"ān jìng"}'::jsonb, '安静 is pronounced ān jìng.', 3),
  ('lesson-h2-dla-1-ex-4', 'lesson-h2-dla-1', 'pinyin_recognition', 'Select the correct pinyin', '{"hanzi":"安全","options":["ài ren","ān quán","ā","ān jìng"],"correctAnswer":"ān quán"}'::jsonb, '安全 is pronounced ān quán.', 4),
  ('lesson-h2-dla-1-ex-5', 'lesson-h2-dla-1', 'multiple_choice', 'Select the correct translation', '{"question":"What does \"啊\" mean?","options":["safe; secure","spouse (PRC)","interjection of surprise","romance; love (romantic)"],"correctAnswer":"interjection of surprise","displayHanzi":"啊","pinyin":"ā"}'::jsonb, '啊 (ā) means "interjection of surprise".', 5),
  ('lesson-h2-dla-1-ex-6', 'lesson-h2-dla-1', 'multiple_choice', 'Select the correct translation', '{"question":"What does \"爱情\" mean?","options":["interjection of surprise","safe; secure","romance; love (romantic)","quiet"],"correctAnswer":"romance; love (romantic)","displayHanzi":"爱情","pinyin":"ài qíng"}'::jsonb, '爱情 (ài qíng) means "romance; love (romantic)".', 6),
  ('lesson-h2-dla-1-ex-7', 'lesson-h2-dla-1', 'multiple_choice', 'Select the correct translation', '{"question":"What does \"爱人\" mean?","options":["interjection of surprise","spouse (PRC)","quiet","safe; secure"],"correctAnswer":"spouse (PRC)","displayHanzi":"爱人","pinyin":"ài ren"}'::jsonb, '爱人 (ài ren) means "spouse (PRC)".', 7),
  ('lesson-h2-dla-1-ex-8', 'lesson-h2-dla-1', 'multiple_choice', 'Select the correct translation', '{"question":"What does \"安静\" mean?","options":["spouse (PRC)","interjection of surprise","romance; love (romantic)","quiet"],"correctAnswer":"quiet","displayHanzi":"安静","pinyin":"ān jìng"}'::jsonb, '安静 (ān jìng) means "quiet".', 8),
  ('lesson-h2-dla-1-ex-9', 'lesson-h2-dla-1', 'hanzi_to_english', 'Type the English meaning', '{"hanzi":"安全","pinyin":"ān quán","acceptedAnswers":["safe; secure","safe; secure"]}'::jsonb, '安全 = safe; secure', 9),
  ('lesson-h2-dla-1-ex-10', 'lesson-h2-dla-1', 'hanzi_to_english', 'Type the English meaning', '{"hanzi":"啊","pinyin":"ā","acceptedAnswers":["interjection of surprise","interjection of surprise"]}'::jsonb, '啊 = interjection of surprise', 10),
  ('lesson-h2-dla-1-ex-11', 'lesson-h2-dla-1', 'hanzi_to_english', 'Type the English meaning', '{"hanzi":"爱情","pinyin":"ài qíng","acceptedAnswers":["romance; love (romantic)","romance; love (romantic)"]}'::jsonb, '爱情 = romance; love (romantic)', 11),
  ('lesson-h2-dla-1-ex-12', 'lesson-h2-dla-1', 'hanzi_to_english', 'Type the English meaning', '{"hanzi":"爱人","pinyin":"ài ren","acceptedAnswers":["spouse (PRC)","spouse (PRC)"]}'::jsonb, '爱人 = spouse (PRC)', 12),
  ('lesson-h2-dla-1-ex-13', 'lesson-h2-dla-1', 'hanzi_to_english', 'Type the English meaning', '{"hanzi":"安静","pinyin":"ān jìng","acceptedAnswers":["quiet","quiet"]}'::jsonb, '安静 = quiet', 13),
  ('lesson-h2-dla-1-ex-14', 'lesson-h2-dla-1', 'english_to_hanzi_word_bank', 'Build the hanzi for this word', '{"english":"safe; secure","wordBank":["安","人","静","爱","全","啊","爱","情","安"],"correctAnswer":["安","全"]}'::jsonb, 'The hanzi for "safe; secure" is 安全.', 14),
  ('lesson-h2-dla-1-ex-15', 'lesson-h2-dla-1', 'english_to_hanzi_word_bank', 'Build the hanzi for this word', '{"english":"interjection of surprise","wordBank":["安","静","情","安","啊","爱","爱","全","人"],"correctAnswer":["啊"]}'::jsonb, 'The hanzi for "interjection of surprise" is 啊.', 15),
  ('lesson-h2-dla-1-ex-16', 'lesson-h2-dla-1', 'english_to_hanzi_word_bank', 'Build the hanzi for this word', '{"english":"romance; love (romantic)","wordBank":["情","爱","安","爱","静","安","啊","人","全"],"correctAnswer":["爱","情"]}'::jsonb, 'The hanzi for "romance; love (romantic)" is 爱情.', 16),
  ('lesson-h2-dla-1-ex-17', 'lesson-h2-dla-1', 'reverse_pinyin', 'Which hanzi matches this pinyin?', '{"pinyin":"ài ren","options":["啊","爱人","安全","安静"],"correctAnswer":"爱人"}'::jsonb, 'ài ren → 爱人', 17),
  ('lesson-h2-dla-1-ex-18', 'lesson-h2-dla-1', 'reverse_pinyin', 'Which hanzi matches this pinyin?', '{"pinyin":"ān jìng","options":["啊","爱人","爱情","安静"],"correctAnswer":"安静"}'::jsonb, 'ān jìng → 安静', 18),
  ('lesson-h2-dla-1-ex-19', 'lesson-h2-dla-1', 'match_pairs', 'Match each hanzi to its meaning', '{"pairs":[{"id":"v-h2-a","left":"啊","right":"interjection of surprise"},{"id":"v-h2-an-jing","left":"安静","right":"quiet"},{"id":"v-h2-ai-ren","left":"爱人","right":"spouse (PRC)"},{"id":"v-h2-ai-qing","left":"爱情","right":"romance; love (romantic)"}]}'::jsonb, null, 19),
  ('lesson-h2-dla-1-ex-20', 'lesson-h2-dla-1', 'fill_in_blank', 'Fill in the missing character', '{"sentence":"___是啊。","blankIndex":0,"correctAnswer":"这","fullSentence":"这是啊。","fullPinyin":"Zhè shì ā.","options":["安","啊","爱","这"]}'::jsonb, 'Full sentence: 这是啊。 — This is interjection of surprise.', 20),
  ('lesson-h2-dla-1-ex-21', 'lesson-h2-dla-1', 'fill_in_blank', 'Fill in the missing character', '{"sentence":"___是爱情。","blankIndex":0,"correctAnswer":"这","fullSentence":"这是爱情。","fullPinyin":"Zhè shì ài qíng.","options":["这","啊","安","爱"]}'::jsonb, 'Full sentence: 这是爱情。 — This is romance; love (romantic).', 21),
  ('lesson-h2-dla-2-ex-0', 'lesson-h2-dla-2', 'listening', 'Listen and select the meaning', '{"hanzi":"白色","options":["newspaper","midnight","white","assistance; aid"],"correctAnswer":"white","pinyin":"bái sè"}'::jsonb, 'You heard: 白色 (bái sè)', 0),
  ('lesson-h2-dla-2-ex-1', 'lesson-h2-dla-2', 'listening', 'Listen and select the meaning', '{"hanzi":"办法","options":["assistance; aid","newspaper","means","midnight"],"correctAnswer":"means","pinyin":"bàn fǎ"}'::jsonb, 'You heard: 办法 (bàn fǎ)', 1),
  ('lesson-h2-dla-2-ex-2', 'lesson-h2-dla-2', 'listening', 'Listen and select the meaning', '{"hanzi":"半夜","options":["assistance; aid","white","means","midnight"],"correctAnswer":"midnight","pinyin":"bàn yè"}'::jsonb, 'You heard: 半夜 (bàn yè)', 2),
  ('lesson-h2-dla-2-ex-3', 'lesson-h2-dla-2', 'pinyin_recognition', 'Select the correct pinyin', '{"hanzi":"帮助","options":["bái sè","bàn fǎ","bàn yè","bāng zhù"],"correctAnswer":"bāng zhù"}'::jsonb, '帮助 is pronounced bāng zhù.', 3),
  ('lesson-h2-dla-2-ex-4', 'lesson-h2-dla-2', 'pinyin_recognition', 'Select the correct pinyin', '{"hanzi":"报纸","options":["bāng zhù","bào zhǐ","bái sè","bàn yè"],"correctAnswer":"bào zhǐ"}'::jsonb, '报纸 is pronounced bào zhǐ.', 4),
  ('lesson-h2-dla-2-ex-5', 'lesson-h2-dla-2', 'multiple_choice', 'Select the correct translation', '{"question":"What does \"白色\" mean?","options":["means","white","newspaper","assistance; aid"],"correctAnswer":"white","displayHanzi":"白色","pinyin":"bái sè"}'::jsonb, '白色 (bái sè) means "white".', 5),
  ('lesson-h2-dla-2-ex-6', 'lesson-h2-dla-2', 'multiple_choice', 'Select the correct translation', '{"question":"What does \"办法\" mean?","options":["assistance; aid","means","white","newspaper"],"correctAnswer":"means","displayHanzi":"办法","pinyin":"bàn fǎ"}'::jsonb, '办法 (bàn fǎ) means "means".', 6),
  ('lesson-h2-dla-2-ex-7', 'lesson-h2-dla-2', 'multiple_choice', 'Select the correct translation', '{"question":"What does \"半夜\" mean?","options":["midnight","assistance; aid","newspaper","means"],"correctAnswer":"midnight","displayHanzi":"半夜","pinyin":"bàn yè"}'::jsonb, '半夜 (bàn yè) means "midnight".', 7),
  ('lesson-h2-dla-2-ex-8', 'lesson-h2-dla-2', 'multiple_choice', 'Select the correct translation', '{"question":"What does \"帮助\" mean?","options":["newspaper","midnight","assistance; aid","means"],"correctAnswer":"assistance; aid","displayHanzi":"帮助","pinyin":"bāng zhù"}'::jsonb, '帮助 (bāng zhù) means "assistance; aid".', 8),
  ('lesson-h2-dla-2-ex-9', 'lesson-h2-dla-2', 'hanzi_to_english', 'Type the English meaning', '{"hanzi":"报纸","pinyin":"bào zhǐ","acceptedAnswers":["newspaper","newspaper"]}'::jsonb, '报纸 = newspaper', 9),
  ('lesson-h2-dla-2-ex-10', 'lesson-h2-dla-2', 'hanzi_to_english', 'Type the English meaning', '{"hanzi":"白色","pinyin":"bái sè","acceptedAnswers":["white","white"]}'::jsonb, '白色 = white', 10),
  ('lesson-h2-dla-2-ex-11', 'lesson-h2-dla-2', 'hanzi_to_english', 'Type the English meaning', '{"hanzi":"办法","pinyin":"bàn fǎ","acceptedAnswers":["means","means"]}'::jsonb, '办法 = means', 11),
  ('lesson-h2-dla-2-ex-12', 'lesson-h2-dla-2', 'hanzi_to_english', 'Type the English meaning', '{"hanzi":"半夜","pinyin":"bàn yè","acceptedAnswers":["midnight","midnight"]}'::jsonb, '半夜 = midnight', 12),
  ('lesson-h2-dla-2-ex-13', 'lesson-h2-dla-2', 'hanzi_to_english', 'Type the English meaning', '{"hanzi":"帮助","pinyin":"bāng zhù","acceptedAnswers":["assistance; aid","assistance; aid"]}'::jsonb, '帮助 = assistance; aid', 13),
  ('lesson-h2-dla-2-ex-14', 'lesson-h2-dla-2', 'english_to_hanzi_word_bank', 'Build the hanzi for this word', '{"english":"newspaper","wordBank":["帮","半","色","办","纸","白","报","助","夜","法"],"correctAnswer":["报","纸"]}'::jsonb, 'The hanzi for "newspaper" is 报纸.', 14),
  ('lesson-h2-dla-2-ex-15', 'lesson-h2-dla-2', 'english_to_hanzi_word_bank', 'Build the hanzi for this word', '{"english":"white","wordBank":["白","法","纸","夜","报","办","帮","助","半","色"],"correctAnswer":["白","色"]}'::jsonb, 'The hanzi for "white" is 白色.', 15),
  ('lesson-h2-dla-2-ex-16', 'lesson-h2-dla-2', 'english_to_hanzi_word_bank', 'Build the hanzi for this word', '{"english":"means","wordBank":["办","助","夜","报","色","帮","纸","法","白","半"],"correctAnswer":["办","法"]}'::jsonb, 'The hanzi for "means" is 办法.', 16),
  ('lesson-h2-dla-2-ex-17', 'lesson-h2-dla-2', 'reverse_pinyin', 'Which hanzi matches this pinyin?', '{"pinyin":"bàn yè","options":["报纸","帮助","半夜","办法"],"correctAnswer":"半夜"}'::jsonb, 'bàn yè → 半夜', 17),
  ('lesson-h2-dla-2-ex-18', 'lesson-h2-dla-2', 'reverse_pinyin', 'Which hanzi matches this pinyin?', '{"pinyin":"bāng zhù","options":["报纸","办法","帮助","半夜"],"correctAnswer":"帮助"}'::jsonb, 'bāng zhù → 帮助', 18),
  ('lesson-h2-dla-2-ex-19', 'lesson-h2-dla-2', 'match_pairs', 'Match each hanzi to its meaning', '{"pairs":[{"id":"v-h2-ban-fa","left":"办法","right":"means"},{"id":"v-h2-bao-zhi","left":"报纸","right":"newspaper"},{"id":"v-h2-bang-zhu","left":"帮助","right":"assistance; aid"},{"id":"v-h2-ban-ye","left":"半夜","right":"midnight"}]}'::jsonb, null, 19),
  ('lesson-h2-dla-2-ex-20', 'lesson-h2-dla-2', 'fill_in_blank', 'Fill in the missing character', '{"sentence":"___是啊。","blankIndex":0,"correctAnswer":"这","fullSentence":"这是啊。","fullPinyin":"Zhè shì ā.","options":["这","半","帮","白"]}'::jsonb, 'Full sentence: 这是啊。 — This is interjection of surprise.', 20),
  ('lesson-h2-dla-2-ex-21', 'lesson-h2-dla-2', 'fill_in_blank', 'Fill in the missing character', '{"sentence":"___是爱情。","blankIndex":0,"correctAnswer":"这","fullSentence":"这是爱情。","fullPinyin":"Zhè shì ài qíng.","options":["办","帮","白","这"]}'::jsonb, 'Full sentence: 这是爱情。 — This is romance; love (romantic).', 21),
  ('lesson-h2-dla-3-ex-0', 'lesson-h2-dla-3', 'listening', 'Listen and select the meaning', '{"hanzi":"北方","options":["variant of 背","side","north","cheap"],"correctAnswer":"north","pinyin":"běi fāng"}'::jsonb, 'You heard: 北方 (běi fāng)', 0),
  ('lesson-h2-dla-3-ex-1', 'lesson-h2-dla-3', 'listening', 'Listen and select the meaning', '{"hanzi":"背","options":["variant of 背","pen","cheap","north"],"correctAnswer":"variant of 背","pinyin":"bēi"}'::jsonb, 'You heard: 背 (bēi)', 1),
  ('lesson-h2-dla-3-ex-2', 'lesson-h2-dla-3', 'listening', 'Listen and select the meaning', '{"hanzi":"笔","options":["pen","north","variant of 背","cheap"],"correctAnswer":"pen","pinyin":"bǐ"}'::jsonb, 'You heard: 笔 (bǐ)', 2),
  ('lesson-h2-dla-3-ex-3', 'lesson-h2-dla-3', 'pinyin_recognition', 'Select the correct pinyin', '{"hanzi":"边","options":["biān","bǐ","piányi","bēi"],"correctAnswer":"biān"}'::jsonb, '边 is pronounced biān.', 3),
  ('lesson-h2-dla-3-ex-4', 'lesson-h2-dla-3', 'pinyin_recognition', 'Select the correct pinyin', '{"hanzi":"便宜","options":["běi fāng","bǐ","bēi","piányi"],"correctAnswer":"piányi"}'::jsonb, '便宜 is pronounced piányi.', 4),
  ('lesson-h2-dla-3-ex-5', 'lesson-h2-dla-3', 'multiple_choice', 'Select the correct translation', '{"question":"What does \"北方\" mean?","options":["north","cheap","variant of 背","pen"],"correctAnswer":"north","displayHanzi":"北方","pinyin":"běi fāng"}'::jsonb, '北方 (běi fāng) means "north".', 5),
  ('lesson-h2-dla-3-ex-6', 'lesson-h2-dla-3', 'multiple_choice', 'Select the correct translation', '{"question":"What does \"背\" mean?","options":["pen","north","side","variant of 背"],"correctAnswer":"variant of 背","displayHanzi":"背","pinyin":"bēi"}'::jsonb, '背 (bēi) means "variant of 背".', 6),
  ('lesson-h2-dla-3-ex-7', 'lesson-h2-dla-3', 'multiple_choice', 'Select the correct translation', '{"question":"What does \"笔\" mean?","options":["north","variant of 背","side","pen"],"correctAnswer":"pen","displayHanzi":"笔","pinyin":"bǐ"}'::jsonb, '笔 (bǐ) means "pen".', 7),
  ('lesson-h2-dla-3-ex-8', 'lesson-h2-dla-3', 'multiple_choice', 'Select the correct translation', '{"question":"What does \"边\" mean?","options":["north","side","pen","cheap"],"correctAnswer":"side","displayHanzi":"边","pinyin":"biān"}'::jsonb, '边 (biān) means "side".', 8),
  ('lesson-h2-dla-3-ex-9', 'lesson-h2-dla-3', 'hanzi_to_english', 'Type the English meaning', '{"hanzi":"便宜","pinyin":"piányi","acceptedAnswers":["cheap","cheap"]}'::jsonb, '便宜 = cheap', 9),
  ('lesson-h2-dla-3-ex-10', 'lesson-h2-dla-3', 'hanzi_to_english', 'Type the English meaning', '{"hanzi":"北方","pinyin":"běi fāng","acceptedAnswers":["north","north"]}'::jsonb, '北方 = north', 10),
  ('lesson-h2-dla-3-ex-11', 'lesson-h2-dla-3', 'hanzi_to_english', 'Type the English meaning', '{"hanzi":"背","pinyin":"bēi","acceptedAnswers":["variant of 背","variant of 背"]}'::jsonb, '背 = variant of 背', 11),
  ('lesson-h2-dla-3-ex-12', 'lesson-h2-dla-3', 'hanzi_to_english', 'Type the English meaning', '{"hanzi":"笔","pinyin":"bǐ","acceptedAnswers":["pen","pen"]}'::jsonb, '笔 = pen', 12),
  ('lesson-h2-dla-3-ex-13', 'lesson-h2-dla-3', 'hanzi_to_english', 'Type the English meaning', '{"hanzi":"边","pinyin":"biān","acceptedAnswers":["side","side"]}'::jsonb, '边 = side', 13),
  ('lesson-h2-dla-3-ex-14', 'lesson-h2-dla-3', 'english_to_hanzi_word_bank', 'Build the hanzi for this word', '{"english":"cheap","wordBank":["便","方","边","笔","背","宜","北"],"correctAnswer":["便","宜"]}'::jsonb, 'The hanzi for "cheap" is 便宜.', 14),
  ('lesson-h2-dla-3-ex-15', 'lesson-h2-dla-3', 'english_to_hanzi_word_bank', 'Build the hanzi for this word', '{"english":"north","wordBank":["便","背","北","笔","宜","方","边"],"correctAnswer":["北","方"]}'::jsonb, 'The hanzi for "north" is 北方.', 15),
  ('lesson-h2-dla-3-ex-16', 'lesson-h2-dla-3', 'english_to_hanzi_word_bank', 'Build the hanzi for this word', '{"english":"variant of 背","wordBank":["方","笔","便","北","边","背","宜"],"correctAnswer":["背"]}'::jsonb, 'The hanzi for "variant of 背" is 背.', 16),
  ('lesson-h2-dla-3-ex-17', 'lesson-h2-dla-3', 'reverse_pinyin', 'Which hanzi matches this pinyin?', '{"pinyin":"bǐ","options":["北方","边","背","笔"],"correctAnswer":"笔"}'::jsonb, 'bǐ → 笔', 17),
  ('lesson-h2-dla-3-ex-18', 'lesson-h2-dla-3', 'reverse_pinyin', 'Which hanzi matches this pinyin?', '{"pinyin":"biān","options":["笔","边","北方","便宜"],"correctAnswer":"边"}'::jsonb, 'biān → 边', 18),
  ('lesson-h2-dla-3-ex-19', 'lesson-h2-dla-3', 'match_pairs', 'Match each hanzi to its meaning', '{"pairs":[{"id":"v-pianyi","left":"便宜","right":"cheap"},{"id":"v-h2-bei","left":"背","right":"variant of 背"},{"id":"v-bi","left":"笔","right":"pen"},{"id":"v-h2-bian","left":"边","right":"side"}]}'::jsonb, null, 19),
  ('lesson-h2-dla-3-ex-20', 'lesson-h2-dla-3', 'fill_in_blank', 'Fill in the missing character', '{"sentence":"___是啊。","blankIndex":0,"correctAnswer":"这","fullSentence":"这是啊。","fullPinyin":"Zhè shì ā.","options":["背","笔","这","边"]}'::jsonb, 'Full sentence: 这是啊。 — This is interjection of surprise.', 20),
  ('lesson-h2-dla-3-ex-21', 'lesson-h2-dla-3', 'fill_in_blank', 'Fill in the missing character', '{"sentence":"___是爱情。","blankIndex":0,"correctAnswer":"这","fullSentence":"这是爱情。","fullPinyin":"Zhè shì ài qíng.","options":["边","北","这","笔"]}'::jsonb, 'Full sentence: 这是爱情。 — This is romance; love (romantic).', 21),
  ('lesson-h2-dla-4-ex-0', 'lesson-h2-dla-4', 'listening', 'Listen and select the meaning', '{"hanzi":"遍","options":["exterior surface","only","variant of 遍","correct"],"correctAnswer":"variant of 遍","pinyin":"biàn"}'::jsonb, 'You heard: 遍 (biàn)', 0),
  ('lesson-h2-dla-4-ex-1', 'lesson-h2-dla-4', 'listening', 'Listen and select the meaning', '{"hanzi":"表","options":["exterior surface","correct","variant of 遍","only"],"correctAnswer":"exterior surface","pinyin":"biǎo"}'::jsonb, 'You heard: 表 (biǎo)', 1),
  ('lesson-h2-dla-4-ex-2', 'lesson-h2-dla-4', 'listening', 'Listen and select the meaning', '{"hanzi":"不错","options":["only","not enough","correct","exterior surface"],"correctAnswer":"correct","pinyin":"bù cuò"}'::jsonb, 'You heard: 不错 (bù cuò)', 2),
  ('lesson-h2-dla-4-ex-3', 'lesson-h2-dla-4', 'pinyin_recognition', 'Select the correct pinyin', '{"hanzi":"不够","options":["bù gòu","bù guò","bù cuò","biǎo"],"correctAnswer":"bù gòu"}'::jsonb, '不够 is pronounced bù gòu.', 3),
  ('lesson-h2-dla-4-ex-4', 'lesson-h2-dla-4', 'pinyin_recognition', 'Select the correct pinyin', '{"hanzi":"不过","options":["bù guò","bù gòu","bù cuò","biǎo"],"correctAnswer":"bù guò"}'::jsonb, '不过 is pronounced bù guò.', 4),
  ('lesson-h2-dla-4-ex-5', 'lesson-h2-dla-4', 'multiple_choice', 'Select the correct translation', '{"question":"What does \"遍\" mean?","options":["exterior surface","correct","not enough","variant of 遍"],"correctAnswer":"variant of 遍","displayHanzi":"遍","pinyin":"biàn"}'::jsonb, '遍 (biàn) means "variant of 遍".', 5),
  ('lesson-h2-dla-4-ex-6', 'lesson-h2-dla-4', 'multiple_choice', 'Select the correct translation', '{"question":"What does \"表\" mean?","options":["correct","not enough","variant of 遍","exterior surface"],"correctAnswer":"exterior surface","displayHanzi":"表","pinyin":"biǎo"}'::jsonb, '表 (biǎo) means "exterior surface".', 6),
  ('lesson-h2-dla-4-ex-7', 'lesson-h2-dla-4', 'multiple_choice', 'Select the correct translation', '{"question":"What does \"不错\" mean?","options":["variant of 遍","correct","not enough","only"],"correctAnswer":"correct","displayHanzi":"不错","pinyin":"bù cuò"}'::jsonb, '不错 (bù cuò) means "correct".', 7),
  ('lesson-h2-dla-4-ex-8', 'lesson-h2-dla-4', 'multiple_choice', 'Select the correct translation', '{"question":"What does \"不够\" mean?","options":["correct","variant of 遍","not enough","only"],"correctAnswer":"not enough","displayHanzi":"不够","pinyin":"bù gòu"}'::jsonb, '不够 (bù gòu) means "not enough".', 8),
  ('lesson-h2-dla-4-ex-9', 'lesson-h2-dla-4', 'hanzi_to_english', 'Type the English meaning', '{"hanzi":"不过","pinyin":"bù guò","acceptedAnswers":["only","only"]}'::jsonb, '不过 = only', 9),
  ('lesson-h2-dla-4-ex-10', 'lesson-h2-dla-4', 'hanzi_to_english', 'Type the English meaning', '{"hanzi":"遍","pinyin":"biàn","acceptedAnswers":["variant of 遍","variant of 遍"]}'::jsonb, '遍 = variant of 遍', 10),
  ('lesson-h2-dla-4-ex-11', 'lesson-h2-dla-4', 'hanzi_to_english', 'Type the English meaning', '{"hanzi":"表","pinyin":"biǎo","acceptedAnswers":["exterior surface","exterior surface"]}'::jsonb, '表 = exterior surface', 11),
  ('lesson-h2-dla-4-ex-12', 'lesson-h2-dla-4', 'hanzi_to_english', 'Type the English meaning', '{"hanzi":"不错","pinyin":"bù cuò","acceptedAnswers":["correct","correct"]}'::jsonb, '不错 = correct', 12),
  ('lesson-h2-dla-4-ex-13', 'lesson-h2-dla-4', 'hanzi_to_english', 'Type the English meaning', '{"hanzi":"不够","pinyin":"bù gòu","acceptedAnswers":["not enough","not enough"]}'::jsonb, '不够 = not enough', 13),
  ('lesson-h2-dla-4-ex-14', 'lesson-h2-dla-4', 'english_to_hanzi_word_bank', 'Build the hanzi for this word', '{"english":"only","wordBank":["表","过","不","不","错","够","不","遍"],"correctAnswer":["不","过"]}'::jsonb, 'The hanzi for "only" is 不过.', 14),
  ('lesson-h2-dla-4-ex-15', 'lesson-h2-dla-4', 'english_to_hanzi_word_bank', 'Build the hanzi for this word', '{"english":"variant of 遍","wordBank":["遍","错","不","过","够","不","表","不"],"correctAnswer":["遍"]}'::jsonb, 'The hanzi for "variant of 遍" is 遍.', 15),
  ('lesson-h2-dla-4-ex-16', 'lesson-h2-dla-4', 'english_to_hanzi_word_bank', 'Build the hanzi for this word', '{"english":"exterior surface","wordBank":["过","够","表","不","不","不","错","遍"],"correctAnswer":["表"]}'::jsonb, 'The hanzi for "exterior surface" is 表.', 16),
  ('lesson-h2-dla-4-ex-17', 'lesson-h2-dla-4', 'reverse_pinyin', 'Which hanzi matches this pinyin?', '{"pinyin":"bù cuò","options":["遍","不错","不过","不够"],"correctAnswer":"不错"}'::jsonb, 'bù cuò → 不错', 17),
  ('lesson-h2-dla-4-ex-18', 'lesson-h2-dla-4', 'reverse_pinyin', 'Which hanzi matches this pinyin?', '{"pinyin":"bù gòu","options":["遍","不错","不够","不过"],"correctAnswer":"不够"}'::jsonb, 'bù gòu → 不够', 18),
  ('lesson-h2-dla-4-ex-19', 'lesson-h2-dla-4', 'match_pairs', 'Match each hanzi to its meaning', '{"pairs":[{"id":"v-h2-bu-cuo","left":"不错","right":"correct"},{"id":"v-h2-bu-gou","left":"不够","right":"not enough"},{"id":"v-h2-bu-guo","left":"不过","right":"only"},{"id":"v-h2-bian-2","left":"遍","right":"variant of 遍"}]}'::jsonb, null, 19),
  ('lesson-h2-dla-4-ex-20', 'lesson-h2-dla-4', 'fill_in_blank', 'Fill in the missing character', '{"sentence":"___是啊。","blankIndex":0,"correctAnswer":"这","fullSentence":"这是啊。","fullPinyin":"Zhè shì ā.","options":["不","表","这","遍"]}'::jsonb, 'Full sentence: 这是啊。 — This is interjection of surprise.', 20),
  ('lesson-h2-dla-4-ex-21', 'lesson-h2-dla-4', 'fill_in_blank', 'Fill in the missing character', '{"sentence":"___是爱情。","blankIndex":0,"correctAnswer":"这","fullSentence":"这是爱情。","fullPinyin":"Zhè shì ài qíng.","options":["遍","这","不","表"]}'::jsonb, 'Full sentence: 这是爱情。 — This is romance; love (romantic).', 21),
  ('lesson-h2-dla-5-ex-0', 'lesson-h2-dla-5', 'listening', 'Listen and select the meaning', '{"hanzi":"不久","options":["resentful","many","not long (after)","won''t do"],"correctAnswer":"not long (after)","pinyin":"bù jiǔ"}'::jsonb, 'You heard: 不久 (bù jiǔ)', 0),
  ('lesson-h2-dla-5-ex-1', 'lesson-h2-dla-5', 'listening', 'Listen and select the meaning', '{"hanzi":"不满","options":["resentful","not long (after)","won''t do","many"],"correctAnswer":"resentful","pinyin":"bù mǎn"}'::jsonb, 'You heard: 不满 (bù mǎn)', 1),
  ('lesson-h2-dla-5-ex-2', 'lesson-h2-dla-5', 'listening', 'Listen and select the meaning', '{"hanzi":"不少","options":["different","not long (after)","many","won''t do"],"correctAnswer":"many","pinyin":"bù shǎo"}'::jsonb, 'You heard: 不少 (bù shǎo)', 2),
  ('lesson-h2-dla-5-ex-3', 'lesson-h2-dla-5', 'pinyin_recognition', 'Select the correct pinyin', '{"hanzi":"不同","options":["bù tóng","bù xíng","bù mǎn","bù shǎo"],"correctAnswer":"bù tóng"}'::jsonb, '不同 is pronounced bù tóng.', 3),
  ('lesson-h2-dla-5-ex-4', 'lesson-h2-dla-5', 'pinyin_recognition', 'Select the correct pinyin', '{"hanzi":"不行","options":["bù xíng","bù jiǔ","bù mǎn","bù tóng"],"correctAnswer":"bù xíng"}'::jsonb, '不行 is pronounced bù xíng.', 4),
  ('lesson-h2-dla-5-ex-5', 'lesson-h2-dla-5', 'multiple_choice', 'Select the correct translation', '{"question":"What does \"不久\" mean?","options":["resentful","different","many","not long (after)"],"correctAnswer":"not long (after)","displayHanzi":"不久","pinyin":"bù jiǔ"}'::jsonb, '不久 (bù jiǔ) means "not long (after)".', 5),
  ('lesson-h2-dla-5-ex-6', 'lesson-h2-dla-5', 'multiple_choice', 'Select the correct translation', '{"question":"What does \"不满\" mean?","options":["not long (after)","different","many","resentful"],"correctAnswer":"resentful","displayHanzi":"不满","pinyin":"bù mǎn"}'::jsonb, '不满 (bù mǎn) means "resentful".', 6),
  ('lesson-h2-dla-5-ex-7', 'lesson-h2-dla-5', 'multiple_choice', 'Select the correct translation', '{"question":"What does \"不少\" mean?","options":["many","resentful","won''t do","not long (after)"],"correctAnswer":"many","displayHanzi":"不少","pinyin":"bù shǎo"}'::jsonb, '不少 (bù shǎo) means "many".', 7),
  ('lesson-h2-dla-5-ex-8', 'lesson-h2-dla-5', 'multiple_choice', 'Select the correct translation', '{"question":"What does \"不同\" mean?","options":["not long (after)","different","won''t do","many"],"correctAnswer":"different","displayHanzi":"不同","pinyin":"bù tóng"}'::jsonb, '不同 (bù tóng) means "different".', 8),
  ('lesson-h2-dla-5-ex-9', 'lesson-h2-dla-5', 'hanzi_to_english', 'Type the English meaning', '{"hanzi":"不行","pinyin":"bù xíng","acceptedAnswers":["won''t do","won''t do"]}'::jsonb, '不行 = won''t do', 9),
  ('lesson-h2-dla-5-ex-10', 'lesson-h2-dla-5', 'hanzi_to_english', 'Type the English meaning', '{"hanzi":"不久","pinyin":"bù jiǔ","acceptedAnswers":["not long (after)","not long (after)"]}'::jsonb, '不久 = not long (after)', 10),
  ('lesson-h2-dla-5-ex-11', 'lesson-h2-dla-5', 'hanzi_to_english', 'Type the English meaning', '{"hanzi":"不满","pinyin":"bù mǎn","acceptedAnswers":["resentful","resentful"]}'::jsonb, '不满 = resentful', 11);
insert into exercises (id, lesson_id, type, prompt, payload_json, explanation, order_index) values
  ('lesson-h2-dla-5-ex-12', 'lesson-h2-dla-5', 'hanzi_to_english', 'Type the English meaning', '{"hanzi":"不少","pinyin":"bù shǎo","acceptedAnswers":["many","many"]}'::jsonb, '不少 = many', 12),
  ('lesson-h2-dla-5-ex-13', 'lesson-h2-dla-5', 'hanzi_to_english', 'Type the English meaning', '{"hanzi":"不同","pinyin":"bù tóng","acceptedAnswers":["different","different"]}'::jsonb, '不同 = different', 13),
  ('lesson-h2-dla-5-ex-14', 'lesson-h2-dla-5', 'english_to_hanzi_word_bank', 'Build the hanzi for this word', '{"english":"won''t do","wordBank":["不","行","久","少","满","不","不","不","不","同"],"correctAnswer":["不","行"]}'::jsonb, 'The hanzi for "won''t do" is 不行.', 14),
  ('lesson-h2-dla-5-ex-15', 'lesson-h2-dla-5', 'english_to_hanzi_word_bank', 'Build the hanzi for this word', '{"english":"not long (after)","wordBank":["少","久","满","不","不","同","不","不","行","不"],"correctAnswer":["不","久"]}'::jsonb, 'The hanzi for "not long (after)" is 不久.', 15),
  ('lesson-h2-dla-5-ex-16', 'lesson-h2-dla-5', 'english_to_hanzi_word_bank', 'Build the hanzi for this word', '{"english":"resentful","wordBank":["久","满","不","少","不","不","不","不","同","行"],"correctAnswer":["不","满"]}'::jsonb, 'The hanzi for "resentful" is 不满.', 16),
  ('lesson-h2-dla-5-ex-17', 'lesson-h2-dla-5', 'reverse_pinyin', 'Which hanzi matches this pinyin?', '{"pinyin":"bù shǎo","options":["不少","不满","不久","不行"],"correctAnswer":"不少"}'::jsonb, 'bù shǎo → 不少', 17),
  ('lesson-h2-dla-5-ex-18', 'lesson-h2-dla-5', 'reverse_pinyin', 'Which hanzi matches this pinyin?', '{"pinyin":"bù tóng","options":["不久","不同","不少","不行"],"correctAnswer":"不同"}'::jsonb, 'bù tóng → 不同', 18),
  ('lesson-h2-dla-5-ex-19', 'lesson-h2-dla-5', 'match_pairs', 'Match each hanzi to its meaning', '{"pairs":[{"id":"v-h2-bu-jiu","left":"不久","right":"not long (after)"},{"id":"v-h2-bu-xing","left":"不行","right":"won''t do"},{"id":"v-h2-bu-tong","left":"不同","right":"different"},{"id":"v-h2-bu-man","left":"不满","right":"resentful"}]}'::jsonb, null, 19),
  ('lesson-h2-dla-5-ex-20', 'lesson-h2-dla-5', 'fill_in_blank', 'Fill in the missing character', '{"sentence":"___是啊。","blankIndex":0,"correctAnswer":"这","fullSentence":"这是啊。","fullPinyin":"Zhè shì ā.","options":["不","这"]}'::jsonb, 'Full sentence: 这是啊。 — This is interjection of surprise.', 20),
  ('lesson-h2-dla-5-ex-21', 'lesson-h2-dla-5', 'fill_in_blank', 'Fill in the missing character', '{"sentence":"___是爱情。","blankIndex":0,"correctAnswer":"这","fullSentence":"这是爱情。","fullPinyin":"Zhè shì ài qíng.","options":["这","不"]}'::jsonb, 'Full sentence: 这是爱情。 — This is romance; love (romantic).', 21),
  ('lesson-h2-dla-6-ex-0', 'lesson-h2-dla-6', 'listening', 'Listen and select the meaning', '{"hanzi":"不要","options":["don''t!","variant of 草","menu","part"],"correctAnswer":"don''t!","pinyin":"bù yào"}'::jsonb, 'You heard: 不要 (bù yào)', 0),
  ('lesson-h2-dla-6-ex-1', 'lesson-h2-dla-6', 'listening', 'Listen and select the meaning', '{"hanzi":"不一定","options":["not necessarily","variant of 草","part","menu"],"correctAnswer":"not necessarily","pinyin":"bù yī dìng"}'::jsonb, 'You heard: 不一定 (bù yī dìng)', 1),
  ('lesson-h2-dla-6-ex-2', 'lesson-h2-dla-6', 'listening', 'Listen and select the meaning', '{"hanzi":"部分","options":["part","variant of 草","menu","not necessarily"],"correctAnswer":"part","pinyin":"bù fen"}'::jsonb, 'You heard: 部分 (bù fen)', 2),
  ('lesson-h2-dla-6-ex-3', 'lesson-h2-dla-6', 'pinyin_recognition', 'Select the correct pinyin', '{"hanzi":"菜单","options":["bù yào","cǎo","càidān","bù yī dìng"],"correctAnswer":"càidān"}'::jsonb, '菜单 is pronounced càidān.', 3),
  ('lesson-h2-dla-6-ex-4', 'lesson-h2-dla-6', 'pinyin_recognition', 'Select the correct pinyin', '{"hanzi":"草","options":["cǎo","bù yī dìng","càidān","bù yào"],"correctAnswer":"cǎo"}'::jsonb, '草 is pronounced cǎo.', 4),
  ('lesson-h2-dla-6-ex-5', 'lesson-h2-dla-6', 'multiple_choice', 'Select the correct translation', '{"question":"What does \"不要\" mean?","options":["menu","not necessarily","don''t!","variant of 草"],"correctAnswer":"don''t!","displayHanzi":"不要","pinyin":"bù yào"}'::jsonb, '不要 (bù yào) means "don''t!".', 5),
  ('lesson-h2-dla-6-ex-6', 'lesson-h2-dla-6', 'multiple_choice', 'Select the correct translation', '{"question":"What does \"不一定\" mean?","options":["don''t!","not necessarily","variant of 草","menu"],"correctAnswer":"not necessarily","displayHanzi":"不一定","pinyin":"bù yī dìng"}'::jsonb, '不一定 (bù yī dìng) means "not necessarily".', 6),
  ('lesson-h2-dla-6-ex-7', 'lesson-h2-dla-6', 'multiple_choice', 'Select the correct translation', '{"question":"What does \"部分\" mean?","options":["don''t!","part","variant of 草","menu"],"correctAnswer":"part","displayHanzi":"部分","pinyin":"bù fen"}'::jsonb, '部分 (bù fen) means "part".', 7),
  ('lesson-h2-dla-6-ex-8', 'lesson-h2-dla-6', 'multiple_choice', 'Select the correct translation', '{"question":"What does \"菜单\" mean?","options":["not necessarily","part","don''t!","menu"],"correctAnswer":"menu","displayHanzi":"菜单","pinyin":"càidān"}'::jsonb, '菜单 (càidān) means "menu".', 8),
  ('lesson-h2-dla-6-ex-9', 'lesson-h2-dla-6', 'hanzi_to_english', 'Type the English meaning', '{"hanzi":"草","pinyin":"cǎo","acceptedAnswers":["variant of 草","variant of 草"]}'::jsonb, '草 = variant of 草', 9),
  ('lesson-h2-dla-6-ex-10', 'lesson-h2-dla-6', 'hanzi_to_english', 'Type the English meaning', '{"hanzi":"不要","pinyin":"bù yào","acceptedAnswers":["don''t!","don''t!"]}'::jsonb, '不要 = don''t!', 10),
  ('lesson-h2-dla-6-ex-11', 'lesson-h2-dla-6', 'hanzi_to_english', 'Type the English meaning', '{"hanzi":"不一定","pinyin":"bù yī dìng","acceptedAnswers":["not necessarily","not necessarily"]}'::jsonb, '不一定 = not necessarily', 11),
  ('lesson-h2-dla-6-ex-12', 'lesson-h2-dla-6', 'hanzi_to_english', 'Type the English meaning', '{"hanzi":"部分","pinyin":"bù fen","acceptedAnswers":["part","part"]}'::jsonb, '部分 = part', 12),
  ('lesson-h2-dla-6-ex-13', 'lesson-h2-dla-6', 'hanzi_to_english', 'Type the English meaning', '{"hanzi":"菜单","pinyin":"càidān","acceptedAnswers":["menu","menu"]}'::jsonb, '菜单 = menu', 13),
  ('lesson-h2-dla-6-ex-14', 'lesson-h2-dla-6', 'english_to_hanzi_word_bank', 'Build the hanzi for this word', '{"english":"variant of 草","wordBank":["分","不","一","部","不","单","草","菜","定","要"],"correctAnswer":["草"]}'::jsonb, 'The hanzi for "variant of 草" is 草.', 14),
  ('lesson-h2-dla-6-ex-15', 'lesson-h2-dla-6', 'english_to_hanzi_word_bank', 'Build the hanzi for this word', '{"english":"don''t!","wordBank":["一","部","单","分","草","不","不","要","定","菜"],"correctAnswer":["不","要"]}'::jsonb, 'The hanzi for "don''t!" is 不要.', 15),
  ('lesson-h2-dla-6-ex-16', 'lesson-h2-dla-6', 'english_to_hanzi_word_bank', 'Build the hanzi for this word', '{"english":"not necessarily","wordBank":["单","菜","定","要","分","部","不","草","一","不"],"correctAnswer":["不","一","定"]}'::jsonb, 'The hanzi for "not necessarily" is 不一定.', 16),
  ('lesson-h2-dla-6-ex-17', 'lesson-h2-dla-6', 'reverse_pinyin', 'Which hanzi matches this pinyin?', '{"pinyin":"bù fen","options":["不要","部分","草","菜单"],"correctAnswer":"部分"}'::jsonb, 'bù fen → 部分', 17),
  ('lesson-h2-dla-6-ex-18', 'lesson-h2-dla-6', 'reverse_pinyin', 'Which hanzi matches this pinyin?', '{"pinyin":"càidān","options":["部分","不一定","不要","菜单"],"correctAnswer":"菜单"}'::jsonb, 'càidān → 菜单', 18),
  ('lesson-h2-dla-6-ex-19', 'lesson-h2-dla-6', 'match_pairs', 'Match each hanzi to its meaning', '{"pairs":[{"id":"v-h2-cao","left":"草","right":"variant of 草"},{"id":"v-h2-bu-yao","left":"不要","right":"don''t!"},{"id":"v-h2-bu-yi-ding","left":"不一定","right":"not necessarily"},{"id":"v-h2-bu-fen","left":"部分","right":"part"}]}'::jsonb, null, 19),
  ('lesson-h2-dla-6-ex-20', 'lesson-h2-dla-6', 'fill_in_blank', 'Fill in the missing character', '{"sentence":"___是啊。","blankIndex":0,"correctAnswer":"这","fullSentence":"这是啊。","fullPinyin":"Zhè shì ā.","options":["这","部","菜","不"]}'::jsonb, 'Full sentence: 这是啊。 — This is interjection of surprise.', 20),
  ('lesson-h2-dla-6-ex-21', 'lesson-h2-dla-6', 'fill_in_blank', 'Fill in the missing character', '{"sentence":"___是爱情。","blankIndex":0,"correctAnswer":"这","fullSentence":"这是爱情。","fullPinyin":"Zhè shì ài qíng.","options":["不","草","菜","这"]}'::jsonb, 'Full sentence: 这是爱情。 — This is romance; love (romantic).', 21),
  ('lesson-h2-dla-7-ex-0', 'lesson-h2-dla-7', 'listening', 'Listen and select the meaning', '{"hanzi":"草地","options":["surname Zha","commonly seen","almost","lawn"],"correctAnswer":"lawn","pinyin":"cǎo dì"}'::jsonb, 'You heard: 草地 (cǎo dì)', 0),
  ('lesson-h2-dla-7-ex-1', 'lesson-h2-dla-7', 'listening', 'Listen and select the meaning', '{"hanzi":"查","options":["commonly seen","surname Zha","lawn","in common usage"],"correctAnswer":"surname Zha","pinyin":"Zhā"}'::jsonb, 'You heard: 查 (Zhā)', 1),
  ('lesson-h2-dla-7-ex-2', 'lesson-h2-dla-7', 'listening', 'Listen and select the meaning', '{"hanzi":"差不多","options":["commonly seen","lawn","surname Zha","almost"],"correctAnswer":"almost","pinyin":"chà bu duō"}'::jsonb, 'You heard: 差不多 (chà bu duō)', 2),
  ('lesson-h2-dla-7-ex-3', 'lesson-h2-dla-7', 'pinyin_recognition', 'Select the correct pinyin', '{"hanzi":"常见","options":["cháng jiàn","cháng yòng","Zhā","chà bu duō"],"correctAnswer":"cháng jiàn"}'::jsonb, '常见 is pronounced cháng jiàn.', 3),
  ('lesson-h2-dla-7-ex-4', 'lesson-h2-dla-7', 'pinyin_recognition', 'Select the correct pinyin', '{"hanzi":"常用","options":["cǎo dì","cháng yòng","cháng jiàn","chà bu duō"],"correctAnswer":"cháng yòng"}'::jsonb, '常用 is pronounced cháng yòng.', 4),
  ('lesson-h2-dla-7-ex-5', 'lesson-h2-dla-7', 'multiple_choice', 'Select the correct translation', '{"question":"What does \"草地\" mean?","options":["lawn","almost","in common usage","commonly seen"],"correctAnswer":"lawn","displayHanzi":"草地","pinyin":"cǎo dì"}'::jsonb, '草地 (cǎo dì) means "lawn".', 5),
  ('lesson-h2-dla-7-ex-6', 'lesson-h2-dla-7', 'multiple_choice', 'Select the correct translation', '{"question":"What does \"查\" mean?","options":["surname Zha","in common usage","almost","lawn"],"correctAnswer":"surname Zha","displayHanzi":"查","pinyin":"Zhā"}'::jsonb, '查 (Zhā) means "surname Zha".', 6),
  ('lesson-h2-dla-7-ex-7', 'lesson-h2-dla-7', 'multiple_choice', 'Select the correct translation', '{"question":"What does \"差不多\" mean?","options":["almost","commonly seen","in common usage","surname Zha"],"correctAnswer":"almost","displayHanzi":"差不多","pinyin":"chà bu duō"}'::jsonb, '差不多 (chà bu duō) means "almost".', 7),
  ('lesson-h2-dla-7-ex-8', 'lesson-h2-dla-7', 'multiple_choice', 'Select the correct translation', '{"question":"What does \"常见\" mean?","options":["almost","commonly seen","lawn","in common usage"],"correctAnswer":"commonly seen","displayHanzi":"常见","pinyin":"cháng jiàn"}'::jsonb, '常见 (cháng jiàn) means "commonly seen".', 8),
  ('lesson-h2-dla-7-ex-9', 'lesson-h2-dla-7', 'hanzi_to_english', 'Type the English meaning', '{"hanzi":"常用","pinyin":"cháng yòng","acceptedAnswers":["in common usage","in common usage"]}'::jsonb, '常用 = in common usage', 9),
  ('lesson-h2-dla-7-ex-10', 'lesson-h2-dla-7', 'hanzi_to_english', 'Type the English meaning', '{"hanzi":"草地","pinyin":"cǎo dì","acceptedAnswers":["lawn","lawn"]}'::jsonb, '草地 = lawn', 10),
  ('lesson-h2-dla-7-ex-11', 'lesson-h2-dla-7', 'hanzi_to_english', 'Type the English meaning', '{"hanzi":"查","pinyin":"Zhā","acceptedAnswers":["surname Zha","surname Zha"]}'::jsonb, '查 = surname Zha', 11),
  ('lesson-h2-dla-7-ex-12', 'lesson-h2-dla-7', 'hanzi_to_english', 'Type the English meaning', '{"hanzi":"差不多","pinyin":"chà bu duō","acceptedAnswers":["almost","almost"]}'::jsonb, '差不多 = almost', 12),
  ('lesson-h2-dla-7-ex-13', 'lesson-h2-dla-7', 'hanzi_to_english', 'Type the English meaning', '{"hanzi":"常见","pinyin":"cháng jiàn","acceptedAnswers":["commonly seen","commonly seen"]}'::jsonb, '常见 = commonly seen', 13),
  ('lesson-h2-dla-7-ex-14', 'lesson-h2-dla-7', 'english_to_hanzi_word_bank', 'Build the hanzi for this word', '{"english":"in common usage","wordBank":["差","见","地","常","用","常","不","草","多","查"],"correctAnswer":["常","用"]}'::jsonb, 'The hanzi for "in common usage" is 常用.', 14),
  ('lesson-h2-dla-7-ex-15', 'lesson-h2-dla-7', 'english_to_hanzi_word_bank', 'Build the hanzi for this word', '{"english":"lawn","wordBank":["常","见","不","用","多","查","地","差","常","草"],"correctAnswer":["草","地"]}'::jsonb, 'The hanzi for "lawn" is 草地.', 15),
  ('lesson-h2-dla-7-ex-16', 'lesson-h2-dla-7', 'english_to_hanzi_word_bank', 'Build the hanzi for this word', '{"english":"surname Zha","wordBank":["差","查","地","多","常","草","见","常","不","用"],"correctAnswer":["查"]}'::jsonb, 'The hanzi for "surname Zha" is 查.', 16),
  ('lesson-h2-dla-7-ex-17', 'lesson-h2-dla-7', 'reverse_pinyin', 'Which hanzi matches this pinyin?', '{"pinyin":"chà bu duō","options":["差不多","常用","常见","查"],"correctAnswer":"差不多"}'::jsonb, 'chà bu duō → 差不多', 17),
  ('lesson-h2-dla-7-ex-18', 'lesson-h2-dla-7', 'reverse_pinyin', 'Which hanzi matches this pinyin?', '{"pinyin":"cháng jiàn","options":["常用","常见","草地","差不多"],"correctAnswer":"常见"}'::jsonb, 'cháng jiàn → 常见', 18),
  ('lesson-h2-dla-7-ex-19', 'lesson-h2-dla-7', 'match_pairs', 'Match each hanzi to its meaning', '{"pairs":[{"id":"v-h2-cao-di","left":"草地","right":"lawn"},{"id":"v-h2-cha-bu-duo","left":"差不多","right":"almost"},{"id":"v-h2-zha","left":"查","right":"surname Zha"},{"id":"v-h2-chang-jian","left":"常见","right":"commonly seen"}]}'::jsonb, null, 19),
  ('lesson-h2-dla-7-ex-20', 'lesson-h2-dla-7', 'fill_in_blank', 'Fill in the missing character', '{"sentence":"___是啊。","blankIndex":0,"correctAnswer":"这","fullSentence":"这是啊。","fullPinyin":"Zhè shì ā.","options":["查","差","这","常"]}'::jsonb, 'Full sentence: 这是啊。 — This is interjection of surprise.', 20),
  ('lesson-h2-dla-7-ex-21', 'lesson-h2-dla-7', 'fill_in_blank', 'Fill in the missing character', '{"sentence":"___是爱情。","blankIndex":0,"correctAnswer":"这","fullSentence":"这是爱情。","fullPinyin":"Zhè shì ài qíng.","options":["常","草","这","差"]}'::jsonb, 'Full sentence: 这是爱情。 — This is romance; love (romantic).', 21),
  ('lesson-h2-dla-8-ex-0', 'lesson-h2-dla-8', 'listening', 'Listen and select the meaning', '{"hanzi":"场","options":["threshing floor","achievement","surname Cheng","vehicle"],"correctAnswer":"threshing floor","pinyin":"cháng"}'::jsonb, 'You heard: 场 (cháng)', 0),
  ('lesson-h2-dla-8-ex-1', 'lesson-h2-dla-8', 'listening', 'Listen and select the meaning', '{"hanzi":"超市","options":["threshing floor","supermarket","achievement","surname Cheng"],"correctAnswer":"supermarket","pinyin":"chāoshì"}'::jsonb, 'You heard: 超市 (chāoshì)', 1),
  ('lesson-h2-dla-8-ex-2', 'lesson-h2-dla-8', 'listening', 'Listen and select the meaning', '{"hanzi":"车辆","options":["threshing floor","vehicle","surname Cheng","achievement"],"correctAnswer":"vehicle","pinyin":"chē liàng"}'::jsonb, 'You heard: 车辆 (chē liàng)', 2),
  ('lesson-h2-dla-8-ex-3', 'lesson-h2-dla-8', 'pinyin_recognition', 'Select the correct pinyin', '{"hanzi":"成","options":["chéng jì","chē liàng","Chéng","chāoshì"],"correctAnswer":"Chéng"}'::jsonb, '成 is pronounced Chéng.', 3),
  ('lesson-h2-dla-8-ex-4', 'lesson-h2-dla-8', 'pinyin_recognition', 'Select the correct pinyin', '{"hanzi":"成绩","options":["chéng jì","Chéng","chē liàng","chāoshì"],"correctAnswer":"chéng jì"}'::jsonb, '成绩 is pronounced chéng jì.', 4),
  ('lesson-h2-dla-8-ex-5', 'lesson-h2-dla-8', 'multiple_choice', 'Select the correct translation', '{"question":"What does \"场\" mean?","options":["supermarket","surname Cheng","threshing floor","achievement"],"correctAnswer":"threshing floor","displayHanzi":"场","pinyin":"cháng"}'::jsonb, '场 (cháng) means "threshing floor".', 5),
  ('lesson-h2-dla-8-ex-6', 'lesson-h2-dla-8', 'multiple_choice', 'Select the correct translation', '{"question":"What does \"超市\" mean?","options":["achievement","vehicle","supermarket","threshing floor"],"correctAnswer":"supermarket","displayHanzi":"超市","pinyin":"chāoshì"}'::jsonb, '超市 (chāoshì) means "supermarket".', 6),
  ('lesson-h2-dla-8-ex-7', 'lesson-h2-dla-8', 'multiple_choice', 'Select the correct translation', '{"question":"What does \"车辆\" mean?","options":["vehicle","supermarket","threshing floor","achievement"],"correctAnswer":"vehicle","displayHanzi":"车辆","pinyin":"chē liàng"}'::jsonb, '车辆 (chē liàng) means "vehicle".', 7),
  ('lesson-h2-dla-8-ex-8', 'lesson-h2-dla-8', 'multiple_choice', 'Select the correct translation', '{"question":"What does \"成\" mean?","options":["threshing floor","vehicle","surname Cheng","achievement"],"correctAnswer":"surname Cheng","displayHanzi":"成","pinyin":"Chéng"}'::jsonb, '成 (Chéng) means "surname Cheng".', 8),
  ('lesson-h2-dla-8-ex-9', 'lesson-h2-dla-8', 'hanzi_to_english', 'Type the English meaning', '{"hanzi":"成绩","pinyin":"chéng jì","acceptedAnswers":["achievement","achievement"]}'::jsonb, '成绩 = achievement', 9),
  ('lesson-h2-dla-8-ex-10', 'lesson-h2-dla-8', 'hanzi_to_english', 'Type the English meaning', '{"hanzi":"场","pinyin":"cháng","acceptedAnswers":["threshing floor","threshing floor"]}'::jsonb, '场 = threshing floor', 10),
  ('lesson-h2-dla-8-ex-11', 'lesson-h2-dla-8', 'hanzi_to_english', 'Type the English meaning', '{"hanzi":"超市","pinyin":"chāoshì","acceptedAnswers":["supermarket","supermarket"]}'::jsonb, '超市 = supermarket', 11),
  ('lesson-h2-dla-8-ex-12', 'lesson-h2-dla-8', 'hanzi_to_english', 'Type the English meaning', '{"hanzi":"车辆","pinyin":"chē liàng","acceptedAnswers":["vehicle","vehicle"]}'::jsonb, '车辆 = vehicle', 12),
  ('lesson-h2-dla-8-ex-13', 'lesson-h2-dla-8', 'hanzi_to_english', 'Type the English meaning', '{"hanzi":"成","pinyin":"Chéng","acceptedAnswers":["surname Cheng","surname Cheng"]}'::jsonb, '成 = surname Cheng', 13),
  ('lesson-h2-dla-8-ex-14', 'lesson-h2-dla-8', 'english_to_hanzi_word_bank', 'Build the hanzi for this word', '{"english":"achievement","wordBank":["成","绩","成","车","市","场","超","辆"],"correctAnswer":["成","绩"]}'::jsonb, 'The hanzi for "achievement" is 成绩.', 14),
  ('lesson-h2-dla-8-ex-15', 'lesson-h2-dla-8', 'english_to_hanzi_word_bank', 'Build the hanzi for this word', '{"english":"threshing floor","wordBank":["成","绩","辆","成","场","市","车","超"],"correctAnswer":["场"]}'::jsonb, 'The hanzi for "threshing floor" is 场.', 15),
  ('lesson-h2-dla-8-ex-16', 'lesson-h2-dla-8', 'english_to_hanzi_word_bank', 'Build the hanzi for this word', '{"english":"supermarket","wordBank":["车","场","辆","成","绩","成","市","超"],"correctAnswer":["超","市"]}'::jsonb, 'The hanzi for "supermarket" is 超市.', 16),
  ('lesson-h2-dla-8-ex-17', 'lesson-h2-dla-8', 'reverse_pinyin', 'Which hanzi matches this pinyin?', '{"pinyin":"chē liàng","options":["车辆","成绩","场","超市"],"correctAnswer":"车辆"}'::jsonb, 'chē liàng → 车辆', 17),
  ('lesson-h2-dla-8-ex-18', 'lesson-h2-dla-8', 'reverse_pinyin', 'Which hanzi matches this pinyin?', '{"pinyin":"Chéng","options":["场","成绩","成","车辆"],"correctAnswer":"成"}'::jsonb, 'Chéng → 成', 18),
  ('lesson-h2-dla-8-ex-19', 'lesson-h2-dla-8', 'match_pairs', 'Match each hanzi to its meaning', '{"pairs":[{"id":"v-h2-che-liang","left":"车辆","right":"vehicle"},{"id":"v-h2-cheng","left":"成","right":"surname Cheng"},{"id":"v-chaoshi","left":"超市","right":"supermarket"},{"id":"v-h2-chang","left":"场","right":"threshing floor"}]}'::jsonb, null, 19),
  ('lesson-h2-dla-8-ex-20', 'lesson-h2-dla-8', 'fill_in_blank', 'Fill in the missing character', '{"sentence":"___是啊。","blankIndex":0,"correctAnswer":"这","fullSentence":"这是啊。","fullPinyin":"Zhè shì ā.","options":["这","车","超","场"]}'::jsonb, 'Full sentence: 这是啊。 — This is interjection of surprise.', 20),
  ('lesson-h2-dla-8-ex-21', 'lesson-h2-dla-8', 'fill_in_blank', 'Fill in the missing character', '{"sentence":"___是爱情。","blankIndex":0,"correctAnswer":"这","fullSentence":"这是爱情。","fullPinyin":"Zhè shì ài qíng.","options":["超","这","车","成"]}'::jsonb, 'Full sentence: 这是爱情。 — This is romance; love (romantic).', 21),
  ('lesson-h2-dla-9-ex-0', 'lesson-h2-dla-9', 'listening', 'Listen and select the meaning', '{"hanzi":"出院","options":["to leave hospital","old variant of 词","dictionary","Spring Festival (Chinese New Year)"],"correctAnswer":"to leave hospital","pinyin":"chū yuàn"}'::jsonb, 'You heard: 出院 (chū yuàn)', 0),
  ('lesson-h2-dla-9-ex-1', 'lesson-h2-dla-9', 'listening', 'Listen and select the meaning', '{"hanzi":"船","options":["old variant of 词","to leave hospital","variant of 船","dictionary"],"correctAnswer":"variant of 船","pinyin":"chuán"}'::jsonb, 'You heard: 船 (chuán)', 1),
  ('lesson-h2-dla-9-ex-2', 'lesson-h2-dla-9', 'listening', 'Listen and select the meaning', '{"hanzi":"春节","options":["to leave hospital","variant of 船","old variant of 词","Spring Festival (Chinese New Year)"],"correctAnswer":"Spring Festival (Chinese New Year)","pinyin":"Chūn jié"}'::jsonb, 'You heard: 春节 (Chūn jié)', 2),
  ('lesson-h2-dla-9-ex-3', 'lesson-h2-dla-9', 'pinyin_recognition', 'Select the correct pinyin', '{"hanzi":"词","options":["cí","chuán","cí diǎn","Chūn jié"],"correctAnswer":"cí"}'::jsonb, '词 is pronounced cí.', 3),
  ('lesson-h2-dla-9-ex-4', 'lesson-h2-dla-9', 'pinyin_recognition', 'Select the correct pinyin', '{"hanzi":"词典","options":["cí","cí diǎn","chū yuàn","Chūn jié"],"correctAnswer":"cí diǎn"}'::jsonb, '词典 is pronounced cí diǎn.', 4),
  ('lesson-h2-dla-9-ex-5', 'lesson-h2-dla-9', 'multiple_choice', 'Select the correct translation', '{"question":"What does \"出院\" mean?","options":["old variant of 词","variant of 船","to leave hospital","dictionary"],"correctAnswer":"to leave hospital","displayHanzi":"出院","pinyin":"chū yuàn"}'::jsonb, '出院 (chū yuàn) means "to leave hospital".', 5),
  ('lesson-h2-dla-9-ex-6', 'lesson-h2-dla-9', 'multiple_choice', 'Select the correct translation', '{"question":"What does \"船\" mean?","options":["variant of 船","Spring Festival (Chinese New Year)","dictionary","to leave hospital"],"correctAnswer":"variant of 船","displayHanzi":"船","pinyin":"chuán"}'::jsonb, '船 (chuán) means "variant of 船".', 6),
  ('lesson-h2-dla-9-ex-7', 'lesson-h2-dla-9', 'multiple_choice', 'Select the correct translation', '{"question":"What does \"春节\" mean?","options":["Spring Festival (Chinese New Year)","old variant of 词","dictionary","variant of 船"],"correctAnswer":"Spring Festival (Chinese New Year)","displayHanzi":"春节","pinyin":"Chūn jié"}'::jsonb, '春节 (Chūn jié) means "Spring Festival (Chinese New Year)".', 7),
  ('lesson-h2-dla-9-ex-8', 'lesson-h2-dla-9', 'multiple_choice', 'Select the correct translation', '{"question":"What does \"词\" mean?","options":["to leave hospital","old variant of 词","dictionary","Spring Festival (Chinese New Year)"],"correctAnswer":"old variant of 词","displayHanzi":"词","pinyin":"cí"}'::jsonb, '词 (cí) means "old variant of 词".', 8),
  ('lesson-h2-dla-9-ex-9', 'lesson-h2-dla-9', 'hanzi_to_english', 'Type the English meaning', '{"hanzi":"词典","pinyin":"cí diǎn","acceptedAnswers":["dictionary","dictionary"]}'::jsonb, '词典 = dictionary', 9),
  ('lesson-h2-dla-9-ex-10', 'lesson-h2-dla-9', 'hanzi_to_english', 'Type the English meaning', '{"hanzi":"出院","pinyin":"chū yuàn","acceptedAnswers":["to leave hospital","to leave hospital"]}'::jsonb, '出院 = to leave hospital', 10),
  ('lesson-h2-dla-9-ex-11', 'lesson-h2-dla-9', 'hanzi_to_english', 'Type the English meaning', '{"hanzi":"船","pinyin":"chuán","acceptedAnswers":["variant of 船","variant of 船"]}'::jsonb, '船 = variant of 船', 11),
  ('lesson-h2-dla-9-ex-12', 'lesson-h2-dla-9', 'hanzi_to_english', 'Type the English meaning', '{"hanzi":"春节","pinyin":"Chūn jié","acceptedAnswers":["Spring Festival (Chinese New Year)","Spring Festival (Chinese New Year)"]}'::jsonb, '春节 = Spring Festival (Chinese New Year)', 12),
  ('lesson-h2-dla-9-ex-13', 'lesson-h2-dla-9', 'hanzi_to_english', 'Type the English meaning', '{"hanzi":"词","pinyin":"cí","acceptedAnswers":["old variant of 词","old variant of 词"]}'::jsonb, '词 = old variant of 词', 13),
  ('lesson-h2-dla-9-ex-14', 'lesson-h2-dla-9', 'english_to_hanzi_word_bank', 'Build the hanzi for this word', '{"english":"dictionary","wordBank":["院","船","春","词","典","节","出","词"],"correctAnswer":["词","典"]}'::jsonb, 'The hanzi for "dictionary" is 词典.', 14),
  ('lesson-h2-dla-9-ex-15', 'lesson-h2-dla-9', 'english_to_hanzi_word_bank', 'Build the hanzi for this word', '{"english":"to leave hospital","wordBank":["出","船","词","节","春","院","典","词"],"correctAnswer":["出","院"]}'::jsonb, 'The hanzi for "to leave hospital" is 出院.', 15),
  ('lesson-h2-dla-9-ex-16', 'lesson-h2-dla-9', 'english_to_hanzi_word_bank', 'Build the hanzi for this word', '{"english":"variant of 船","wordBank":["词","典","春","船","院","节","出","词"],"correctAnswer":["船"]}'::jsonb, 'The hanzi for "variant of 船" is 船.', 16),
  ('lesson-h2-dla-9-ex-17', 'lesson-h2-dla-9', 'reverse_pinyin', 'Which hanzi matches this pinyin?', '{"pinyin":"Chūn jié","options":["春节","词典","船","词"],"correctAnswer":"春节"}'::jsonb, 'Chūn jié → 春节', 17),
  ('lesson-h2-dla-9-ex-18', 'lesson-h2-dla-9', 'reverse_pinyin', 'Which hanzi matches this pinyin?', '{"pinyin":"cí","options":["春节","词","出院","词典"],"correctAnswer":"词"}'::jsonb, 'cí → 词', 18),
  ('lesson-h2-dla-9-ex-19', 'lesson-h2-dla-9', 'match_pairs', 'Match each hanzi to its meaning', '{"pairs":[{"id":"v-h2-ci-dian","left":"词典","right":"dictionary"},{"id":"v-h2-chun-jie","left":"春节","right":"Spring Festival (Chinese New Year)"},{"id":"v-h2-ci","left":"词","right":"old variant of 词"},{"id":"v-h2-chuan","left":"船","right":"variant of 船"}]}'::jsonb, null, 19),
  ('lesson-h2-dla-9-ex-20', 'lesson-h2-dla-9', 'fill_in_blank', 'Fill in the missing character', '{"sentence":"___是啊。","blankIndex":0,"correctAnswer":"这","fullSentence":"这是啊。","fullPinyin":"Zhè shì ā.","options":["出","船","词","这"]}'::jsonb, 'Full sentence: 这是啊。 — This is interjection of surprise.', 20),
  ('lesson-h2-dla-9-ex-21', 'lesson-h2-dla-9', 'fill_in_blank', 'Fill in the missing character', '{"sentence":"___是爱情。","blankIndex":0,"correctAnswer":"这","fullSentence":"这是爱情。","fullPinyin":"Zhè shì ài qíng.","options":["这","船","春","出"]}'::jsonb, 'Full sentence: 这是爱情。 — This is romance; love (romantic).', 21),
  ('lesson-h2-dla-10-ex-0', 'lesson-h2-dla-10', 'listening', 'Listen and select the meaning', '{"hanzi":"大部分","options":["sea","(great) majority","greatly","in large part"],"correctAnswer":"in large part","pinyin":"dà bù fen"}'::jsonb, 'You heard: 大部分 (dà bù fen)', 0),
  ('lesson-h2-dla-10-ex-1', 'lesson-h2-dla-10', 'listening', 'Listen and select the meaning', '{"hanzi":"大大","options":["in large part","(great) majority","sea","greatly"],"correctAnswer":"greatly","pinyin":"dà dà"}'::jsonb, 'You heard: 大大 (dà dà)', 1);
insert into exercises (id, lesson_id, type, prompt, payload_json, explanation, order_index) values
  ('lesson-h2-dla-10-ex-2', 'lesson-h2-dla-10', 'listening', 'Listen and select the meaning', '{"hanzi":"大多数","options":["in large part","greatly","sea","(great) majority"],"correctAnswer":"(great) majority","pinyin":"dà duō shù"}'::jsonb, 'You heard: 大多数 (dà duō shù)', 2),
  ('lesson-h2-dla-10-ex-3', 'lesson-h2-dla-10', 'pinyin_recognition', 'Select the correct pinyin', '{"hanzi":"大海","options":["dà hǎi","dà duō shù","dà jiā","dà dà"],"correctAnswer":"dà hǎi"}'::jsonb, '大海 is pronounced dà hǎi.', 3),
  ('lesson-h2-dla-10-ex-4', 'lesson-h2-dla-10', 'pinyin_recognition', 'Select the correct pinyin', '{"hanzi":"大家","options":["dà jiā","dà bù fen","dà hǎi","dà dà"],"correctAnswer":"dà jiā"}'::jsonb, '大家 is pronounced dà jiā.', 4),
  ('lesson-h2-dla-10-ex-5', 'lesson-h2-dla-10', 'multiple_choice', 'Select the correct translation', '{"question":"What does \"大部分\" mean?","options":["everyone","(great) majority","in large part","sea"],"correctAnswer":"in large part","displayHanzi":"大部分","pinyin":"dà bù fen"}'::jsonb, '大部分 (dà bù fen) means "in large part".', 5),
  ('lesson-h2-dla-10-ex-6', 'lesson-h2-dla-10', 'multiple_choice', 'Select the correct translation', '{"question":"What does \"大大\" mean?","options":["greatly","sea","everyone","(great) majority"],"correctAnswer":"greatly","displayHanzi":"大大","pinyin":"dà dà"}'::jsonb, '大大 (dà dà) means "greatly".', 6),
  ('lesson-h2-dla-10-ex-7', 'lesson-h2-dla-10', 'multiple_choice', 'Select the correct translation', '{"question":"What does \"大多数\" mean?","options":["(great) majority","everyone","greatly","sea"],"correctAnswer":"(great) majority","displayHanzi":"大多数","pinyin":"dà duō shù"}'::jsonb, '大多数 (dà duō shù) means "(great) majority".', 7),
  ('lesson-h2-dla-10-ex-8', 'lesson-h2-dla-10', 'multiple_choice', 'Select the correct translation', '{"question":"What does \"大海\" mean?","options":["(great) majority","sea","in large part","everyone"],"correctAnswer":"sea","displayHanzi":"大海","pinyin":"dà hǎi"}'::jsonb, '大海 (dà hǎi) means "sea".', 8),
  ('lesson-h2-dla-10-ex-9', 'lesson-h2-dla-10', 'hanzi_to_english', 'Type the English meaning', '{"hanzi":"大家","pinyin":"dà jiā","acceptedAnswers":["everyone","everyone"]}'::jsonb, '大家 = everyone', 9),
  ('lesson-h2-dla-10-ex-10', 'lesson-h2-dla-10', 'hanzi_to_english', 'Type the English meaning', '{"hanzi":"大部分","pinyin":"dà bù fen","acceptedAnswers":["in large part","in large part"]}'::jsonb, '大部分 = in large part', 10),
  ('lesson-h2-dla-10-ex-11', 'lesson-h2-dla-10', 'hanzi_to_english', 'Type the English meaning', '{"hanzi":"大大","pinyin":"dà dà","acceptedAnswers":["greatly","greatly"]}'::jsonb, '大大 = greatly', 11),
  ('lesson-h2-dla-10-ex-12', 'lesson-h2-dla-10', 'hanzi_to_english', 'Type the English meaning', '{"hanzi":"大多数","pinyin":"dà duō shù","acceptedAnswers":["(great) majority","(great) majority"]}'::jsonb, '大多数 = (great) majority', 12),
  ('lesson-h2-dla-10-ex-13', 'lesson-h2-dla-10', 'hanzi_to_english', 'Type the English meaning', '{"hanzi":"大海","pinyin":"dà hǎi","acceptedAnswers":["sea","sea"]}'::jsonb, '大海 = sea', 13),
  ('lesson-h2-dla-10-ex-14', 'lesson-h2-dla-10', 'english_to_hanzi_word_bank', 'Build the hanzi for this word', '{"english":"everyone","wordBank":["大","海","大","多","部","家","大","大","大","大"],"correctAnswer":["大","家"]}'::jsonb, 'The hanzi for "everyone" is 大家.', 14),
  ('lesson-h2-dla-10-ex-15', 'lesson-h2-dla-10', 'english_to_hanzi_word_bank', 'Build the hanzi for this word', '{"english":"in large part","wordBank":["多","大","部","海","大","大","家","大","分","大"],"correctAnswer":["大","部","分"]}'::jsonb, 'The hanzi for "in large part" is 大部分.', 15),
  ('lesson-h2-dla-10-ex-16', 'lesson-h2-dla-10', 'english_to_hanzi_word_bank', 'Build the hanzi for this word', '{"english":"greatly","wordBank":["分","大","部","大","数","多","大","家","大","大"],"correctAnswer":["大","大"]}'::jsonb, 'The hanzi for "greatly" is 大大.', 16),
  ('lesson-h2-dla-10-ex-17', 'lesson-h2-dla-10', 'reverse_pinyin', 'Which hanzi matches this pinyin?', '{"pinyin":"dà duō shù","options":["大多数","大海","大家","大大"],"correctAnswer":"大多数"}'::jsonb, 'dà duō shù → 大多数', 17),
  ('lesson-h2-dla-10-ex-18', 'lesson-h2-dla-10', 'reverse_pinyin', 'Which hanzi matches this pinyin?', '{"pinyin":"dà hǎi","options":["大部分","大海","大多数","大家"],"correctAnswer":"大海"}'::jsonb, 'dà hǎi → 大海', 18),
  ('lesson-h2-dla-10-ex-19', 'lesson-h2-dla-10', 'match_pairs', 'Match each hanzi to its meaning', '{"pairs":[{"id":"v-h2-da-duo-shu","left":"大多数","right":"(great) majority"},{"id":"v-h2-da-da","left":"大大","right":"greatly"},{"id":"v-h2-da-bu-fen","left":"大部分","right":"in large part"},{"id":"v-h2-da-hai","left":"大海","right":"sea"}]}'::jsonb, null, 19),
  ('lesson-h2-dla-10-ex-20', 'lesson-h2-dla-10', 'fill_in_blank', 'Fill in the missing character', '{"sentence":"___是啊。","blankIndex":0,"correctAnswer":"这","fullSentence":"这是啊。","fullPinyin":"Zhè shì ā.","options":["大","这"]}'::jsonb, 'Full sentence: 这是啊。 — This is interjection of surprise.', 20),
  ('lesson-h2-dla-10-ex-21', 'lesson-h2-dla-10', 'fill_in_blank', 'Fill in the missing character', '{"sentence":"___是爱情。","blankIndex":0,"correctAnswer":"这","fullSentence":"这是爱情。","fullPinyin":"Zhè shì ài qíng.","options":["这","大"]}'::jsonb, 'Full sentence: 这是爱情。 — This is romance; love (romantic).', 21),
  ('lesson-h2-dla-11-ex-0', 'lesson-h2-dla-11', 'listening', 'Listen and select the meaning', '{"hanzi":"大量","options":["great amount","the Doors, US rock band","dimension","adult"],"correctAnswer":"great amount","pinyin":"dà liàng"}'::jsonb, 'You heard: 大量 (dà liàng)', 0),
  ('lesson-h2-dla-11-ex-1', 'lesson-h2-dla-11', 'listening', 'Listen and select the meaning', '{"hanzi":"大门","options":["great amount","the Doors, US rock band","loud voice","dimension"],"correctAnswer":"the Doors, US rock band","pinyin":"Dà mén"}'::jsonb, 'You heard: 大门 (Dà mén)', 1),
  ('lesson-h2-dla-11-ex-2', 'lesson-h2-dla-11', 'listening', 'Listen and select the meaning', '{"hanzi":"大人","options":["adult","dimension","loud voice","the Doors, US rock band"],"correctAnswer":"adult","pinyin":"dà ren"}'::jsonb, 'You heard: 大人 (dà ren)', 2),
  ('lesson-h2-dla-11-ex-3', 'lesson-h2-dla-11', 'pinyin_recognition', 'Select the correct pinyin', '{"hanzi":"大声","options":["dà shēng","dà xiǎo","dà liàng","Dà mén"],"correctAnswer":"dà shēng"}'::jsonb, '大声 is pronounced dà shēng.', 3),
  ('lesson-h2-dla-11-ex-4', 'lesson-h2-dla-11', 'pinyin_recognition', 'Select the correct pinyin', '{"hanzi":"大小","options":["dà liàng","Dà mén","dà xiǎo","dà shēng"],"correctAnswer":"dà xiǎo"}'::jsonb, '大小 is pronounced dà xiǎo.', 4),
  ('lesson-h2-dla-11-ex-5', 'lesson-h2-dla-11', 'multiple_choice', 'Select the correct translation', '{"question":"What does \"大量\" mean?","options":["the Doors, US rock band","loud voice","adult","great amount"],"correctAnswer":"great amount","displayHanzi":"大量","pinyin":"dà liàng"}'::jsonb, '大量 (dà liàng) means "great amount".', 5),
  ('lesson-h2-dla-11-ex-6', 'lesson-h2-dla-11', 'multiple_choice', 'Select the correct translation', '{"question":"What does \"大门\" mean?","options":["the Doors, US rock band","great amount","dimension","adult"],"correctAnswer":"the Doors, US rock band","displayHanzi":"大门","pinyin":"Dà mén"}'::jsonb, '大门 (Dà mén) means "the Doors, US rock band".', 6),
  ('lesson-h2-dla-11-ex-7', 'lesson-h2-dla-11', 'multiple_choice', 'Select the correct translation', '{"question":"What does \"大人\" mean?","options":["great amount","loud voice","adult","dimension"],"correctAnswer":"adult","displayHanzi":"大人","pinyin":"dà ren"}'::jsonb, '大人 (dà ren) means "adult".', 7),
  ('lesson-h2-dla-11-ex-8', 'lesson-h2-dla-11', 'multiple_choice', 'Select the correct translation', '{"question":"What does \"大声\" mean?","options":["great amount","the Doors, US rock band","adult","loud voice"],"correctAnswer":"loud voice","displayHanzi":"大声","pinyin":"dà shēng"}'::jsonb, '大声 (dà shēng) means "loud voice".', 8),
  ('lesson-h2-dla-11-ex-9', 'lesson-h2-dla-11', 'hanzi_to_english', 'Type the English meaning', '{"hanzi":"大小","pinyin":"dà xiǎo","acceptedAnswers":["dimension","dimension"]}'::jsonb, '大小 = dimension', 9),
  ('lesson-h2-dla-11-ex-10', 'lesson-h2-dla-11', 'hanzi_to_english', 'Type the English meaning', '{"hanzi":"大量","pinyin":"dà liàng","acceptedAnswers":["great amount","great amount"]}'::jsonb, '大量 = great amount', 10),
  ('lesson-h2-dla-11-ex-11', 'lesson-h2-dla-11', 'hanzi_to_english', 'Type the English meaning', '{"hanzi":"大门","pinyin":"Dà mén","acceptedAnswers":["the Doors, US rock band","the Doors, US rock band"]}'::jsonb, '大门 = the Doors, US rock band', 11),
  ('lesson-h2-dla-11-ex-12', 'lesson-h2-dla-11', 'hanzi_to_english', 'Type the English meaning', '{"hanzi":"大人","pinyin":"dà ren","acceptedAnswers":["adult","adult"]}'::jsonb, '大人 = adult', 12),
  ('lesson-h2-dla-11-ex-13', 'lesson-h2-dla-11', 'hanzi_to_english', 'Type the English meaning', '{"hanzi":"大声","pinyin":"dà shēng","acceptedAnswers":["loud voice","loud voice"]}'::jsonb, '大声 = loud voice', 13),
  ('lesson-h2-dla-11-ex-14', 'lesson-h2-dla-11', 'english_to_hanzi_word_bank', 'Build the hanzi for this word', '{"english":"dimension","wordBank":["大","门","量","大","人","大","小","大","大","声"],"correctAnswer":["大","小"]}'::jsonb, 'The hanzi for "dimension" is 大小.', 14),
  ('lesson-h2-dla-11-ex-15', 'lesson-h2-dla-11', 'english_to_hanzi_word_bank', 'Build the hanzi for this word', '{"english":"great amount","wordBank":["大","声","小","大","门","量","大","大","大","人"],"correctAnswer":["大","量"]}'::jsonb, 'The hanzi for "great amount" is 大量.', 15),
  ('lesson-h2-dla-11-ex-16', 'lesson-h2-dla-11', 'english_to_hanzi_word_bank', 'Build the hanzi for this word', '{"english":"the Doors, US rock band","wordBank":["门","大","人","大","大","小","声","量","大","大"],"correctAnswer":["大","门"]}'::jsonb, 'The hanzi for "the Doors, US rock band" is 大门.', 16),
  ('lesson-h2-dla-11-ex-17', 'lesson-h2-dla-11', 'reverse_pinyin', 'Which hanzi matches this pinyin?', '{"pinyin":"dà ren","options":["大量","大小","大人","大声"],"correctAnswer":"大人"}'::jsonb, 'dà ren → 大人', 17),
  ('lesson-h2-dla-11-ex-18', 'lesson-h2-dla-11', 'reverse_pinyin', 'Which hanzi matches this pinyin?', '{"pinyin":"dà shēng","options":["大人","大量","大门","大声"],"correctAnswer":"大声"}'::jsonb, 'dà shēng → 大声', 18),
  ('lesson-h2-dla-11-ex-19', 'lesson-h2-dla-11', 'match_pairs', 'Match each hanzi to its meaning', '{"pairs":[{"id":"v-h2-da-men","left":"大门","right":"the Doors, US rock band"},{"id":"v-h2-da-ren","left":"大人","right":"adult"},{"id":"v-h2-da-sheng","left":"大声","right":"loud voice"},{"id":"v-h2-da-xiao","left":"大小","right":"dimension"}]}'::jsonb, null, 19),
  ('lesson-h2-dla-11-ex-20', 'lesson-h2-dla-11', 'fill_in_blank', 'Fill in the missing character', '{"sentence":"___是啊。","blankIndex":0,"correctAnswer":"这","fullSentence":"这是啊。","fullPinyin":"Zhè shì ā.","options":["这","大"]}'::jsonb, 'Full sentence: 这是啊。 — This is interjection of surprise.', 20),
  ('lesson-h2-dla-11-ex-21', 'lesson-h2-dla-11', 'fill_in_blank', 'Fill in the missing character', '{"sentence":"___是爱情。","blankIndex":0,"correctAnswer":"这","fullSentence":"这是爱情。","fullPinyin":"Zhè shì ài qíng.","options":["大","这"]}'::jsonb, 'Full sentence: 这是爱情。 — This is romance; love (romantic).', 21),
  ('lesson-h2-dla-12-ex-0', 'lesson-h2-dla-12', 'listening', 'Listen and select the meaning', '{"hanzi":"大衣","options":["overcoat","band","nature (the natural world)","variant of 蜑"],"correctAnswer":"overcoat","pinyin":"dà yī"}'::jsonb, 'You heard: 大衣 (dà yī)', 0),
  ('lesson-h2-dla-12-ex-1', 'lesson-h2-dla-12', 'listening', 'Listen and select the meaning', '{"hanzi":"大自然","options":["unit (of measure)","overcoat","nature (the natural world)","variant of 蜑"],"correctAnswer":"nature (the natural world)","pinyin":"dà zì rán"}'::jsonb, 'You heard: 大自然 (dà zì rán)', 1),
  ('lesson-h2-dla-12-ex-2', 'lesson-h2-dla-12', 'listening', 'Listen and select the meaning', '{"hanzi":"带","options":["overcoat","nature (the natural world)","band","variant of 蜑"],"correctAnswer":"band","pinyin":"dài"}'::jsonb, 'You heard: 带 (dài)', 2),
  ('lesson-h2-dla-12-ex-3', 'lesson-h2-dla-12', 'pinyin_recognition', 'Select the correct pinyin', '{"hanzi":"单位","options":["dà zì rán","dà yī","dài","dān wèi"],"correctAnswer":"dān wèi"}'::jsonb, '单位 is pronounced dān wèi.', 3),
  ('lesson-h2-dla-12-ex-4', 'lesson-h2-dla-12', 'pinyin_recognition', 'Select the correct pinyin', '{"hanzi":"蛋","options":["dān wèi","Dàn","dà yī","dài"],"correctAnswer":"Dàn"}'::jsonb, '蛋 is pronounced Dàn.', 4),
  ('lesson-h2-dla-12-ex-5', 'lesson-h2-dla-12', 'multiple_choice', 'Select the correct translation', '{"question":"What does \"大衣\" mean?","options":["band","unit (of measure)","nature (the natural world)","overcoat"],"correctAnswer":"overcoat","displayHanzi":"大衣","pinyin":"dà yī"}'::jsonb, '大衣 (dà yī) means "overcoat".', 5),
  ('lesson-h2-dla-12-ex-6', 'lesson-h2-dla-12', 'multiple_choice', 'Select the correct translation', '{"question":"What does \"大自然\" mean?","options":["nature (the natural world)","band","variant of 蜑","overcoat"],"correctAnswer":"nature (the natural world)","displayHanzi":"大自然","pinyin":"dà zì rán"}'::jsonb, '大自然 (dà zì rán) means "nature (the natural world)".', 6),
  ('lesson-h2-dla-12-ex-7', 'lesson-h2-dla-12', 'multiple_choice', 'Select the correct translation', '{"question":"What does \"带\" mean?","options":["overcoat","unit (of measure)","nature (the natural world)","band"],"correctAnswer":"band","displayHanzi":"带","pinyin":"dài"}'::jsonb, '带 (dài) means "band".', 7),
  ('lesson-h2-dla-12-ex-8', 'lesson-h2-dla-12', 'multiple_choice', 'Select the correct translation', '{"question":"What does \"单位\" mean?","options":["unit (of measure)","band","variant of 蜑","nature (the natural world)"],"correctAnswer":"unit (of measure)","displayHanzi":"单位","pinyin":"dān wèi"}'::jsonb, '单位 (dān wèi) means "unit (of measure)".', 8),
  ('lesson-h2-dla-12-ex-9', 'lesson-h2-dla-12', 'hanzi_to_english', 'Type the English meaning', '{"hanzi":"蛋","pinyin":"Dàn","acceptedAnswers":["variant of 蜑","variant of 蜑"]}'::jsonb, '蛋 = variant of 蜑', 9),
  ('lesson-h2-dla-12-ex-10', 'lesson-h2-dla-12', 'hanzi_to_english', 'Type the English meaning', '{"hanzi":"大衣","pinyin":"dà yī","acceptedAnswers":["overcoat","overcoat"]}'::jsonb, '大衣 = overcoat', 10),
  ('lesson-h2-dla-12-ex-11', 'lesson-h2-dla-12', 'hanzi_to_english', 'Type the English meaning', '{"hanzi":"大自然","pinyin":"dà zì rán","acceptedAnswers":["nature (the natural world)","nature (the natural world)"]}'::jsonb, '大自然 = nature (the natural world)', 11),
  ('lesson-h2-dla-12-ex-12', 'lesson-h2-dla-12', 'hanzi_to_english', 'Type the English meaning', '{"hanzi":"带","pinyin":"dài","acceptedAnswers":["band","band"]}'::jsonb, '带 = band', 12),
  ('lesson-h2-dla-12-ex-13', 'lesson-h2-dla-12', 'hanzi_to_english', 'Type the English meaning', '{"hanzi":"单位","pinyin":"dān wèi","acceptedAnswers":["unit (of measure)","unit (of measure)"]}'::jsonb, '单位 = unit (of measure)', 13),
  ('lesson-h2-dla-12-ex-14', 'lesson-h2-dla-12', 'english_to_hanzi_word_bank', 'Build the hanzi for this word', '{"english":"variant of 蜑","wordBank":["蛋","衣","单","自","然","大","带","位","大"],"correctAnswer":["蛋"]}'::jsonb, 'The hanzi for "variant of 蜑" is 蛋.', 14),
  ('lesson-h2-dla-12-ex-15', 'lesson-h2-dla-12', 'english_to_hanzi_word_bank', 'Build the hanzi for this word', '{"english":"overcoat","wordBank":["位","蛋","大","大","自","单","衣","带","然"],"correctAnswer":["大","衣"]}'::jsonb, 'The hanzi for "overcoat" is 大衣.', 15),
  ('lesson-h2-dla-12-ex-16', 'lesson-h2-dla-12', 'english_to_hanzi_word_bank', 'Build the hanzi for this word', '{"english":"nature (the natural world)","wordBank":["大","带","衣","蛋","位","自","单","大","然"],"correctAnswer":["大","自","然"]}'::jsonb, 'The hanzi for "nature (the natural world)" is 大自然.', 16),
  ('lesson-h2-dla-12-ex-17', 'lesson-h2-dla-12', 'reverse_pinyin', 'Which hanzi matches this pinyin?', '{"pinyin":"dài","options":["单位","大自然","大衣","带"],"correctAnswer":"带"}'::jsonb, 'dài → 带', 17),
  ('lesson-h2-dla-12-ex-18', 'lesson-h2-dla-12', 'reverse_pinyin', 'Which hanzi matches this pinyin?', '{"pinyin":"dān wèi","options":["单位","蛋","带","大自然"],"correctAnswer":"单位"}'::jsonb, 'dān wèi → 单位', 18),
  ('lesson-h2-dla-12-ex-19', 'lesson-h2-dla-12', 'match_pairs', 'Match each hanzi to its meaning', '{"pairs":[{"id":"v-h2-dai","left":"带","right":"band"},{"id":"v-h2-dan-wei","left":"单位","right":"unit (of measure)"},{"id":"v-h2-da-yi","left":"大衣","right":"overcoat"},{"id":"v-h2-dan","left":"蛋","right":"variant of 蜑"}]}'::jsonb, null, 19),
  ('lesson-h2-dla-12-ex-20', 'lesson-h2-dla-12', 'fill_in_blank', 'Fill in the missing character', '{"sentence":"___是啊。","blankIndex":0,"correctAnswer":"这","fullSentence":"这是啊。","fullPinyin":"Zhè shì ā.","options":["大","蛋","单","这"]}'::jsonb, 'Full sentence: 这是啊。 — This is interjection of surprise.', 20),
  ('lesson-h2-dla-12-ex-21', 'lesson-h2-dla-12', 'fill_in_blank', 'Fill in the missing character', '{"sentence":"___是爱情。","blankIndex":0,"correctAnswer":"这","fullSentence":"这是爱情。","fullPinyin":"Zhè shì ài qíng.","options":["这","带","蛋","大"]}'::jsonb, 'Full sentence: 这是爱情。 — This is romance; love (romantic).', 21),
  ('lesson-h2-dla-13-ex-0', 'lesson-h2-dla-13', 'listening', 'Listen and select the meaning', '{"hanzi":"当","options":["then","road","everywhere","(onom.) dong"],"correctAnswer":"(onom.) dong","pinyin":"dāng"}'::jsonb, 'You heard: 当 (dāng)', 0),
  ('lesson-h2-dla-13-ex-1', 'lesson-h2-dla-13', 'listening', 'Listen and select the meaning', '{"hanzi":"当时","options":["everywhere","(onom.) dong","then","road"],"correctAnswer":"then","pinyin":"dāng shí"}'::jsonb, 'You heard: 当时 (dāng shí)', 1),
  ('lesson-h2-dla-13-ex-2', 'lesson-h2-dla-13', 'listening', 'Listen and select the meaning', '{"hanzi":"到处","options":["everywhere","road","(onom.) dong","then"],"correctAnswer":"everywhere","pinyin":"dào chù"}'::jsonb, 'You heard: 到处 (dào chù)', 2),
  ('lesson-h2-dla-13-ex-3', 'lesson-h2-dla-13', 'pinyin_recognition', 'Select the correct pinyin', '{"hanzi":"道","options":["dāng","dào lù","dào","dào chù"],"correctAnswer":"dào"}'::jsonb, '道 is pronounced dào.', 3),
  ('lesson-h2-dla-13-ex-4', 'lesson-h2-dla-13', 'pinyin_recognition', 'Select the correct pinyin', '{"hanzi":"道路","options":["dāng","dào","dào lù","dào chù"],"correctAnswer":"dào lù"}'::jsonb, '道路 is pronounced dào lù.', 4),
  ('lesson-h2-dla-13-ex-5', 'lesson-h2-dla-13', 'multiple_choice', 'Select the correct translation', '{"question":"What does \"当\" mean?","options":["(onom.) dong","everywhere","then","road"],"correctAnswer":"(onom.) dong","displayHanzi":"当","pinyin":"dāng"}'::jsonb, '当 (dāng) means "(onom.) dong".', 5),
  ('lesson-h2-dla-13-ex-6', 'lesson-h2-dla-13', 'multiple_choice', 'Select the correct translation', '{"question":"What does \"当时\" mean?","options":["everywhere","then","(onom.) dong","road"],"correctAnswer":"then","displayHanzi":"当时","pinyin":"dāng shí"}'::jsonb, '当时 (dāng shí) means "then".', 6),
  ('lesson-h2-dla-13-ex-7', 'lesson-h2-dla-13', 'multiple_choice', 'Select the correct translation', '{"question":"What does \"到处\" mean?","options":["road","then","(onom.) dong","everywhere"],"correctAnswer":"everywhere","displayHanzi":"到处","pinyin":"dào chù"}'::jsonb, '到处 (dào chù) means "everywhere".', 7),
  ('lesson-h2-dla-13-ex-8', 'lesson-h2-dla-13', 'multiple_choice', 'Select the correct translation', '{"question":"What does \"道\" mean?","options":["then","(onom.) dong","road","everywhere"],"correctAnswer":"road","displayHanzi":"道","pinyin":"dào"}'::jsonb, '道 (dào) means "road".', 8),
  ('lesson-h2-dla-13-ex-9', 'lesson-h2-dla-13', 'hanzi_to_english', 'Type the English meaning', '{"hanzi":"道路","pinyin":"dào lù","acceptedAnswers":["road","road"]}'::jsonb, '道路 = road', 9),
  ('lesson-h2-dla-13-ex-10', 'lesson-h2-dla-13', 'hanzi_to_english', 'Type the English meaning', '{"hanzi":"当","pinyin":"dāng","acceptedAnswers":["(onom.) dong","(onom.) dong"]}'::jsonb, '当 = (onom.) dong', 10),
  ('lesson-h2-dla-13-ex-11', 'lesson-h2-dla-13', 'hanzi_to_english', 'Type the English meaning', '{"hanzi":"当时","pinyin":"dāng shí","acceptedAnswers":["then","then"]}'::jsonb, '当时 = then', 11),
  ('lesson-h2-dla-13-ex-12', 'lesson-h2-dla-13', 'hanzi_to_english', 'Type the English meaning', '{"hanzi":"到处","pinyin":"dào chù","acceptedAnswers":["everywhere","everywhere"]}'::jsonb, '到处 = everywhere', 12),
  ('lesson-h2-dla-13-ex-13', 'lesson-h2-dla-13', 'hanzi_to_english', 'Type the English meaning', '{"hanzi":"道","pinyin":"dào","acceptedAnswers":["road","road"]}'::jsonb, '道 = road', 13),
  ('lesson-h2-dla-13-ex-14', 'lesson-h2-dla-13', 'english_to_hanzi_word_bank', 'Build the hanzi for this word', '{"english":"road","wordBank":["当","当","路","道","处","道","到","时"],"correctAnswer":["道","路"]}'::jsonb, 'The hanzi for "road" is 道路.', 14),
  ('lesson-h2-dla-13-ex-15', 'lesson-h2-dla-13', 'english_to_hanzi_word_bank', 'Build the hanzi for this word', '{"english":"(onom.) dong","wordBank":["路","当","时","道","当","到","道","处"],"correctAnswer":["当"]}'::jsonb, 'The hanzi for "(onom.) dong" is 当.', 15),
  ('lesson-h2-dla-13-ex-16', 'lesson-h2-dla-13', 'english_to_hanzi_word_bank', 'Build the hanzi for this word', '{"english":"then","wordBank":["路","到","处","道","当","当","时","道"],"correctAnswer":["当","时"]}'::jsonb, 'The hanzi for "then" is 当时.', 16),
  ('lesson-h2-dla-13-ex-17', 'lesson-h2-dla-13', 'reverse_pinyin', 'Which hanzi matches this pinyin?', '{"pinyin":"dào chù","options":["当","当时","道","到处"],"correctAnswer":"到处"}'::jsonb, 'dào chù → 到处', 17),
  ('lesson-h2-dla-13-ex-18', 'lesson-h2-dla-13', 'reverse_pinyin', 'Which hanzi matches this pinyin?', '{"pinyin":"dào","options":["道路","当时","道","当"],"correctAnswer":"道"}'::jsonb, 'dào → 道', 18),
  ('lesson-h2-dla-13-ex-19', 'lesson-h2-dla-13', 'match_pairs', 'Match each hanzi to its meaning', '{"pairs":[{"id":"v-h2-dang-shi","left":"当时","right":"then"},{"id":"v-h2-dao","left":"道","right":"road"},{"id":"v-h2-dang","left":"当","right":"(onom.) dong"},{"id":"v-h2-dao-lu","left":"道路","right":"road"}]}'::jsonb, null, 19),
  ('lesson-h2-dla-13-ex-20', 'lesson-h2-dla-13', 'fill_in_blank', 'Fill in the missing character', '{"sentence":"___是啊。","blankIndex":0,"correctAnswer":"这","fullSentence":"这是啊。","fullPinyin":"Zhè shì ā.","options":["这","到","道","当"]}'::jsonb, 'Full sentence: 这是啊。 — This is interjection of surprise.', 20),
  ('lesson-h2-dla-13-ex-21', 'lesson-h2-dla-13', 'fill_in_blank', 'Fill in the missing character', '{"sentence":"___是爱情。","blankIndex":0,"correctAnswer":"这","fullSentence":"这是爱情。","fullPinyin":"Zhè shì ài qíng.","options":["道","到","当","这"]}'::jsonb, 'Full sentence: 这是爱情。 — This is romance; love (romantic).', 21),
  ('lesson-h2-dla-14-ex-0', 'lesson-h2-dla-14', 'listening', 'Listen and select the meaning', '{"hanzi":"地球","options":["if (coming after a conditional clause)","lamp","low","the earth"],"correctAnswer":"the earth","pinyin":"dì qiú"}'::jsonb, 'You heard: 地球 (dì qiú)', 0),
  ('lesson-h2-dla-14-ex-1', 'lesson-h2-dla-14', 'listening', 'Listen and select the meaning', '{"hanzi":"的话","options":["low","shop / store","if (coming after a conditional clause)","lamp"],"correctAnswer":"if (coming after a conditional clause)","pinyin":"de huà"}'::jsonb, 'You heard: 的话 (de huà)', 1),
  ('lesson-h2-dla-14-ex-2', 'lesson-h2-dla-14', 'listening', 'Listen and select the meaning', '{"hanzi":"灯","options":["shop / store","if (coming after a conditional clause)","lamp","the earth"],"correctAnswer":"lamp","pinyin":"dēng"}'::jsonb, 'You heard: 灯 (dēng)', 2),
  ('lesson-h2-dla-14-ex-3', 'lesson-h2-dla-14', 'pinyin_recognition', 'Select the correct pinyin', '{"hanzi":"低","options":["de huà","dēng","dì qiú","dī"],"correctAnswer":"dī"}'::jsonb, '低 is pronounced dī.', 3),
  ('lesson-h2-dla-14-ex-4', 'lesson-h2-dla-14', 'pinyin_recognition', 'Select the correct pinyin', '{"hanzi":"店","options":["diàn","de huà","dī","dì qiú"],"correctAnswer":"diàn"}'::jsonb, '店 is pronounced diàn.', 4),
  ('lesson-h2-dla-14-ex-5', 'lesson-h2-dla-14', 'multiple_choice', 'Select the correct translation', '{"question":"What does \"地球\" mean?","options":["the earth","low","shop / store","lamp"],"correctAnswer":"the earth","displayHanzi":"地球","pinyin":"dì qiú"}'::jsonb, '地球 (dì qiú) means "the earth".', 5),
  ('lesson-h2-dla-14-ex-6', 'lesson-h2-dla-14', 'multiple_choice', 'Select the correct translation', '{"question":"What does \"的话\" mean?","options":["the earth","if (coming after a conditional clause)","low","shop / store"],"correctAnswer":"if (coming after a conditional clause)","displayHanzi":"的话","pinyin":"de huà"}'::jsonb, '的话 (de huà) means "if (coming after a conditional clause)".', 6),
  ('lesson-h2-dla-14-ex-7', 'lesson-h2-dla-14', 'multiple_choice', 'Select the correct translation', '{"question":"What does \"灯\" mean?","options":["low","the earth","if (coming after a conditional clause)","lamp"],"correctAnswer":"lamp","displayHanzi":"灯","pinyin":"dēng"}'::jsonb, '灯 (dēng) means "lamp".', 7),
  ('lesson-h2-dla-14-ex-8', 'lesson-h2-dla-14', 'multiple_choice', 'Select the correct translation', '{"question":"What does \"低\" mean?","options":["low","shop / store","lamp","if (coming after a conditional clause)"],"correctAnswer":"low","displayHanzi":"低","pinyin":"dī"}'::jsonb, '低 (dī) means "low".', 8),
  ('lesson-h2-dla-14-ex-9', 'lesson-h2-dla-14', 'hanzi_to_english', 'Type the English meaning', '{"hanzi":"店","pinyin":"diàn","acceptedAnswers":["shop / store","shop"]}'::jsonb, '店 = shop / store', 9),
  ('lesson-h2-dla-14-ex-10', 'lesson-h2-dla-14', 'hanzi_to_english', 'Type the English meaning', '{"hanzi":"地球","pinyin":"dì qiú","acceptedAnswers":["the earth","the earth"]}'::jsonb, '地球 = the earth', 10),
  ('lesson-h2-dla-14-ex-11', 'lesson-h2-dla-14', 'hanzi_to_english', 'Type the English meaning', '{"hanzi":"的话","pinyin":"de huà","acceptedAnswers":["if (coming after a conditional clause)","if (coming after a conditional clause)"]}'::jsonb, '的话 = if (coming after a conditional clause)', 11),
  ('lesson-h2-dla-14-ex-12', 'lesson-h2-dla-14', 'hanzi_to_english', 'Type the English meaning', '{"hanzi":"灯","pinyin":"dēng","acceptedAnswers":["lamp","lamp"]}'::jsonb, '灯 = lamp', 12),
  ('lesson-h2-dla-14-ex-13', 'lesson-h2-dla-14', 'hanzi_to_english', 'Type the English meaning', '{"hanzi":"低","pinyin":"dī","acceptedAnswers":["low","low"]}'::jsonb, '低 = low', 13);
