-- 20260705000000_hsk4.sql
insert into units (id, course_id, title, order_index) values
  ('unit-h4-ia', 'course-mandarin-1', 'Housing & Home Life', 31),
  ('unit-h4-ib', 'course-mandarin-1', 'Work & Career', 32),
  ('unit-h4-ic', 'course-mandarin-1', 'Technology & Society', 33),
  ('unit-h4-id', 'course-mandarin-1', 'Narration & Problem-Solving', 34),
  ('unit-h4-ie', 'course-mandarin-1', 'Culture, Travel & Integration', 35);
insert into lessons (id, unit_id, title, order_index) values
  ('lesson-h4-ia-1', 'unit-h4-ia', '阿姨 · 矮', 1),
  ('lesson-h4-ia-2', 'unit-h4-ia', '按时 · 暗', 2),
  ('lesson-h4-ia-3', 'unit-h4-ia', '败 · 包裹', 3),
  ('lesson-h4-ia-4', 'unit-h4-ia', '宝贝 · 宝贵', 4),
  ('lesson-h4-ia-5', 'unit-h4-ia', '被迫 · 本科', 5),
  ('lesson-h4-ia-6', 'unit-h4-ia', '避免 · 编', 6),
  ('lesson-h4-ia-7', 'unit-h4-ia', '冰箱 · 冰雪', 7),
  ('lesson-h4-ia-8', 'unit-h4-ia', '布置 · 步行', 8),
  ('lesson-h4-ia-9', 'unit-h4-ia', '参与 · 操场', 9),
  ('lesson-h4-ia-10', 'unit-h4-ia', '茶叶 · 产品', 10),
  ('lesson-h4-ia-11', 'unit-h4-ia', '潮湿 · 彻底', 11),
  ('lesson-h4-ia-12', 'unit-h4-ia', '承担 · 承认', 12),
  ('lesson-h4-ia-13', 'unit-h4-ia', '迟到 · 尺寸', 13),
  ('lesson-h4-ia-14', 'unit-h4-ia', '虫子 · 抽', 14),
  ('lesson-h4-ia-15', 'unit-h4-ia', '处 · 处于', 15),
  ('lesson-h4-ia-16', 'unit-h4-ia', '纯 · 纯净水', 16),
  ('lesson-h4-ia-17', 'unit-h4-ia', '粗 · 粗心', 17),
  ('lesson-h4-ia-18', 'unit-h4-ia', '打扫 · 打折', 18),
  ('lesson-h4-ia-19', 'unit-h4-ia', '大规模 · 大会', 19),
  ('lesson-h4-ia-20', 'unit-h4-ia', '代替 · 待遇', 20),
  ('lesson-h4-ia-21', 'unit-h4-ia', '单独 · 担保', 21),
  ('lesson-h4-ia-22', 'unit-h4-ia', '得意 · 地面', 22),
  ('lesson-h4-ia-23', 'unit-h4-ia', '登 · 登记', 23),
  ('lesson-h4-ia-24', 'unit-h4-ia', '点名 · 电灯', 24),
  ('lesson-h4-ia-25', 'unit-h4-ia', '定 · 冬季', 25),
  ('lesson-h4-ia-26', 'unit-h4-ia', '独自 · 堵', 26),
  ('lesson-h4-ia-27', 'unit-h4-ia', '对于 · 多次', 27),
  ('lesson-h4-ia-28', 'unit-h4-ia', '而 · 而是', 28),
  ('lesson-h4-ia-29', 'unit-h4-ia', '法 · 法官', 29),
  ('lesson-h4-ia-30', 'unit-h4-ia', '反而 · 反映', 30),
  ('lesson-h4-ia-31', 'unit-h4-ia', '分布 · 分散', 31),
  ('lesson-h4-ia-32', 'unit-h4-ia', '风格 · 风景', 32),
  ('lesson-h4-ia-33', 'unit-h4-ia', '附近 · 复制', 33),
  ('lesson-h4-ia-34', 'unit-h4-ia', '高尚 · 高铁', 34),
  ('lesson-h4-ia-35', 'unit-h4-ia', '各个 · 根', 35),
  ('lesson-h4-ia-36', 'unit-h4-ia', '构成 · 构造', 36),
  ('lesson-h4-ia-37', 'unit-h4-ia', '怪 · 关于', 37),
  ('lesson-h4-ia-38', 'unit-h4-ia', '归 · 规律', 38),
  ('lesson-h4-ia-39', 'unit-h4-ia', '海鲜 · 含量', 39),
  ('lesson-h4-ia-40', 'unit-h4-ia', '航空 · 毫米', 40),
  ('lesson-h4-ia-41', 'unit-h4-ia', '厚 · 呼吸', 41),
  ('lesson-h4-ia-42', 'unit-h4-ia', '怀疑 · 缓解', 42),
  ('lesson-h4-ia-43', 'unit-h4-ia', '婚礼 · 伙', 43),
  ('lesson-h4-ia-44', 'unit-h4-ia', '获奖 · 获取', 44),
  ('lesson-h4-ia-45', 'unit-h4-ia', '即将 · 极', 45),
  ('lesson-h4-ia-46', 'unit-h4-ia', '纪律 · 技巧', 46),
  ('lesson-h4-ia-47', 'unit-h4-ia', '寄 · 加入', 47),
  ('lesson-h4-ia-48', 'unit-h4-ia', '检测 · 简历', 48),
  ('lesson-h4-ia-49', 'unit-h4-ia', '奖金 · 奖学金', 49),
  ('lesson-h4-ia-50', 'unit-h4-ia', '交换 · 交际', 50),
  ('lesson-h4-ia-51', 'unit-h4-ia', '节省 · 结', 51),
  ('lesson-h4-ia-52', 'unit-h4-ia', '尽力 · 近代', 52),
  ('lesson-h4-ia-53', 'unit-h4-ia', '镜头 · 镜子', 53),
  ('lesson-h4-ia-54', 'unit-h4-ia', '巨大 · 具备', 54),
  ('lesson-h4-ia-55', 'unit-h4-ia', '开水 · 看不起', 55),
  ('lesson-h4-ia-56', 'unit-h4-ia', '空间 · 口袋', 56),
  ('lesson-h4-ia-57', 'unit-h4-ia', '扩大 · 扩展', 57),
  ('lesson-h4-ia-58', 'unit-h4-ia', '来得及 · 老公', 58),
  ('lesson-h4-ia-59', 'unit-h4-ia', '泪 · 泪水', 59),
  ('lesson-h4-ia-60', 'unit-h4-ia', '立即 · 利息', 60),
  ('lesson-h4-ia-61', 'unit-h4-ia', '量 · 疗养', 61),
  ('lesson-h4-ia-62', 'unit-h4-ia', '楼梯 · 陆地', 62),
  ('lesson-h4-ia-63', 'unit-h4-ia', '轮椅 · 轮子', 63),
  ('lesson-h4-ia-64', 'unit-h4-ia', '没错 · 没想到', 64),
  ('lesson-h4-ia-65', 'unit-h4-ia', '秘书 · 密', 65),
  ('lesson-h4-ia-66', 'unit-h4-ia', '名牌儿 · 名片', 66),
  ('lesson-h4-ia-67', 'unit-h4-ia', '默默 · 哪怕', 67),
  ('lesson-h4-ia-68', 'unit-h4-ia', '闹钟 · 内部', 68),
  ('lesson-h4-ia-69', 'unit-h4-ia', '暖气 · 拍照', 69),
  ('lesson-h4-ia-70', 'unit-h4-ia', '培训 · 培养', 70),
  ('lesson-h4-ia-71', 'unit-h4-ia', '平均 · 平稳', 71),
  ('lesson-h4-ia-72', 'unit-h4-ia', '期限 · 期中', 72),
  ('lesson-h4-ia-73', 'unit-h4-ia', '前头 · 前途', 73),
  ('lesson-h4-ia-74', 'unit-h4-ia', '青春 · 轻松', 74),
  ('lesson-h4-ia-75', 'unit-h4-ia', '秋季 · 趋势', 75),
  ('lesson-h4-ia-76', 'unit-h4-ia', '燃烧 · 热闹', 76),
  ('lesson-h4-ia-77', 'unit-h4-ia', '弱 · 伞', 77),
  ('lesson-h4-ia-78', 'unit-h4-ia', '闪 · 闪电', 78),
  ('lesson-h4-ia-79', 'unit-h4-ia', '上楼 · 上门', 79),
  ('lesson-h4-ia-80', 'unit-h4-ia', '深厚 · 神话', 80),
  ('lesson-h4-ia-81', 'unit-h4-ia', '诗人 · 湿', 81),
  ('lesson-h4-ia-82', 'unit-h4-ia', '市区 · 事物', 82),
  ('lesson-h4-ia-83', 'unit-h4-ia', '收益 · 手工', 83),
  ('lesson-h4-ia-84', 'unit-h4-ia', '受不了 · 售货员', 84),
  ('lesson-h4-ia-85', 'unit-h4-ia', '树叶 · 数码', 85),
  ('lesson-h4-ia-86', 'unit-h4-ia', '顺序 · 说不定', 86),
  ('lesson-h4-ia-87', 'unit-h4-ia', '酸 · 酸奶', 87),
  ('lesson-h4-ia-88', 'unit-h4-ia', '躺 · 套餐', 88),
  ('lesson-h4-ia-89', 'unit-h4-ia', '体操 · 体检', 89),
  ('lesson-h4-ia-90', 'unit-h4-ia', '填空 · 挑', 90),
  ('lesson-h4-ia-91', 'unit-h4-ia', '童话 · 童年', 91),
  ('lesson-h4-ia-92', 'unit-h4-ia', '投资 · 透', 92),
  ('lesson-h4-ia-93', 'unit-h4-ia', '推销 · 脱', 93),
  ('lesson-h4-ia-94', 'unit-h4-ia', '万一 · 王', 94),
  ('lesson-h4-ia-95', 'unit-h4-ia', '未必 · 未来', 95),
  ('lesson-h4-ia-96', 'unit-h4-ia', '无 · 无法', 96),
  ('lesson-h4-ia-97', 'unit-h4-ia', '五颜六色 · 误会', 97),
  ('lesson-h4-ia-98', 'unit-h4-ia', '喜爱 · 系列', 98),
  ('lesson-h4-ia-99', 'unit-h4-ia', '夏季 · 鲜', 99),
  ('lesson-h4-ia-100', 'unit-h4-ia', '限制 · 相处', 100),
  ('lesson-h4-ia-101', 'unit-h4-ia', '想象 · 项', 101),
  ('lesson-h4-ia-102', 'unit-h4-ia', '小型 · 心理', 102),
  ('lesson-h4-ia-103', 'unit-h4-ia', '形势 · 型', 103),
  ('lesson-h4-ia-104', 'unit-h4-ia', '兄弟 · 胸部', 104),
  ('lesson-h4-ia-105', 'unit-h4-ia', '学术 · 学问', 105),
  ('lesson-h4-ia-106', 'unit-h4-ia', '呀 · 延期', 106),
  ('lesson-h4-ia-107', 'unit-h4-ia', '研究 · 研究生', 107),
  ('lesson-h4-ia-108', 'unit-h4-ia', '阳台 · 养成', 108),
  ('lesson-h4-ia-109', 'unit-h4-ia', '一般来说 · 一律', 109),
  ('lesson-h4-ia-110', 'unit-h4-ia', '依然 · 移', 110),
  ('lesson-h4-ia-111', 'unit-h4-ia', '以及 · 以内', 111),
  ('lesson-h4-ia-112', 'unit-h4-ia', '英勇 · 营业', 112),
  ('lesson-h4-ia-113', 'unit-h4-ia', '优美 · 优秀', 113),
  ('lesson-h4-ia-114', 'unit-h4-ia', '语音 · 玉', 114),
  ('lesson-h4-ia-115', 'unit-h4-ia', '遇见 · 原料', 115),
  ('lesson-h4-ia-116', 'unit-h4-ia', '运动会 · 运动员', 116),
  ('lesson-h4-ia-117', 'unit-h4-ia', '赞赏 · 赞助', 117),
  ('lesson-h4-ia-118', 'unit-h4-ia', '长途 · 丈夫', 118),
  ('lesson-h4-ia-119', 'unit-h4-ia', '针对 · 阵', 119),
  ('lesson-h4-ia-120', 'unit-h4-ia', '之后 · 之间', 120),
  ('lesson-h4-ia-121', 'unit-h4-ia', '治 · 治疗', 121),
  ('lesson-h4-ia-122', 'unit-h4-ia', '种类 · 种植', 122),
  ('lesson-h4-ia-123', 'unit-h4-ia', '著名 · 著作', 123),
  ('lesson-h4-ia-124', 'unit-h4-ia', '装修 · 追求', 124),
  ('lesson-h4-ia-125', 'unit-h4-ia', '自信 · 综合', 125),
  ('lesson-h4-ia-126', 'unit-h4-ia', '嘴巴 · 作出', 126),
  ('lesson-h4-ia-review', 'unit-h4-ia', 'Housing & Home Life Review', 127),
  ('lesson-h4-ib-1', 'unit-h4-ib', '暗示 · 采访', 1),
  ('lesson-h4-ib-2', 'unit-h4-ib', '回复 · 机遇', 2),
  ('lesson-h4-ib-3', 'unit-h4-ib', '申请 · 晚点', 3),
  ('lesson-h4-ib-4', 'unit-h4-ib', '召开', 4),
  ('lesson-h4-ib-review', 'unit-h4-ib', 'Work & Career Review', 5),
  ('lesson-h4-ic-1', 'unit-h4-ic', '唱片 · 尺', 1),
  ('lesson-h4-ic-2', 'unit-h4-ic', '来源 · 录取', 2),
  ('lesson-h4-ic-3', 'unit-h4-ic', '随手 · 挑战', 3),
  ('lesson-h4-ic-4', 'unit-h4-ic', '约会 · 赞成', 4),
  ('lesson-h4-ic-review', 'unit-h4-ic', 'Technology & Society Review', 5),
  ('lesson-h4-id-1', 'unit-h4-id', '办事 · 大妈', 1),
  ('lesson-h4-id-2', 'unit-h4-id', '棵 · 老婆', 2),
  ('lesson-h4-id-3', 'unit-h4-id', '说服 · 似的', 3),
  ('lesson-h4-id-4', 'unit-h4-id', '引起 · 于是', 4),
  ('lesson-h4-id-review', 'unit-h4-id', 'Narration & Problem-Solving Review', 5),
  ('lesson-h4-ie-1', 'unit-h4-ie', 'HSK 4 Review 1', 1),
  ('lesson-h4-ie-2', 'unit-h4-ie', 'HSK 4 Review 2', 2),
  ('lesson-h4-ie-3', 'unit-h4-ie', 'HSK 4 Graduation Exam', 3);
insert into vocab_items (id, course_id, hanzi, pinyin, english, part_of_speech, difficulty, image_url, emoji) values
  ('v-h4-a-yi', 'course-mandarin-1', '阿姨', 'ā yí', 'maternal aunt', 'word', 4, null, null),
  ('v-h4-ai', 'course-mandarin-1', '矮', 'ǎi', 'low', 'word', 4, null, null),
  ('v-h4-ai-xiao', 'course-mandarin-1', '矮小', 'ǎi xiǎo', 'short and small', 'word', 4, null, null),
  ('v-h4-ai-guo', 'course-mandarin-1', '爱国', 'ài guó', 'to love one''s country', 'word', 4, null, null),
  ('v-h4-ai-hu', 'course-mandarin-1', '爱护', 'ài hù', 'to cherish', 'word', 4, null, null),
  ('v-h4-an', 'course-mandarin-1', '安', 'Ān', 'surname An', 'word', 4, null, null),
  ('v-h4-an-zhi', 'course-mandarin-1', '安置', 'ān zhì', 'to find a place for', 'word', 4, null, null),
  ('v-h4-an-shi', 'course-mandarin-1', '按时', 'àn shí', 'on time', 'word', 4, null, null),
  ('v-h4-an-2', 'course-mandarin-1', '暗', 'àn', 'variant of 暗', 'word', 4, null, null),
  ('v-h4-ba-shi', 'course-mandarin-1', '巴士', 'bā shì', 'bus (loanword)', 'word', 4, null, null),
  ('v-h4-bai-huo', 'course-mandarin-1', '百货', 'bǎi huò', 'general merchandise', 'word', 4, null, null),
  ('v-h4-bai', 'course-mandarin-1', '摆', 'bǎi', 'to arrange', 'word', 4, null, null),
  ('v-h4-bai-dong', 'course-mandarin-1', '摆动', 'bǎi dòng', 'to sway', 'word', 4, null, null),
  ('v-h4-bai-tuo', 'course-mandarin-1', '摆脱', 'bǎi tuō', 'to break away from', 'word', 4, null, null),
  ('v-h4-bai-2', 'course-mandarin-1', '败', 'bài', 'to defeat', 'word', 4, null, null),
  ('v-h4-bao-guo', 'course-mandarin-1', '包裹', 'bāo guǒ', 'to wrap up', 'word', 4, null, null),
  ('v-h4-bao-han', 'course-mandarin-1', '包含', 'bāo hán', 'to contain', 'word', 4, null, null),
  ('v-h4-bao-kuo', 'course-mandarin-1', '包括', 'bāo kuò', 'to comprise', 'word', 4, null, null),
  ('v-h4-bo', 'course-mandarin-1', '薄', 'Bó', 'surname Bo', 'word', 4, null, null),
  ('v-h4-bao', 'course-mandarin-1', '宝', 'bǎo', 'variant of 宝', 'word', 4, null, null),
  ('v-h4-bao-bao', 'course-mandarin-1', '宝宝', 'bǎo bao', 'darling; baby', 'word', 4, null, null),
  ('v-h4-bao-bei', 'course-mandarin-1', '宝贝', 'bǎo bèi', 'treasured object', 'word', 4, null, null),
  ('v-h4-bao-gui', 'course-mandarin-1', '宝贵', 'bǎo guì', 'valuable', 'word', 4, null, null),
  ('v-h4-bao-shi', 'course-mandarin-1', '宝石', 'bǎo shí', 'precious stone; gem', 'word', 4, null, null),
  ('v-h4-bao-shou', 'course-mandarin-1', '保守', 'bǎo shǒu', 'conservative', 'word', 4, null, null),
  ('v-h4-bao-2', 'course-mandarin-1', '抱', 'bào', 'to hold', 'word', 4, null, null),
  ('v-h4-bei-jing', 'course-mandarin-1', '背景', 'bèi jǐng', 'background; backdrop; context', 'word', 4, null, null),
  ('v-h4-bei', 'course-mandarin-1', '倍', 'bèi', '(two, three etc) -fold', 'word', 4, null, null),
  ('v-h4-bei-po', 'course-mandarin-1', '被迫', 'bèi pò', 'to be compelled', 'word', 4, null, null),
  ('v-h4-ben-ke', 'course-mandarin-1', '本科', 'běn kē', 'undergraduate course', 'word', 4, null, null),
  ('v-h4-ben', 'course-mandarin-1', '笨', 'bèn', 'stupid', 'word', 4, null, null),
  ('v-h4-bi-fen', 'course-mandarin-1', '比分', 'bǐ fēn', 'score', 'word', 4, null, null),
  ('v-h4-bi-ye', 'course-mandarin-1', '毕业', 'bì yè', 'graduation', 'word', 4, null, null),
  ('v-h4-bi-ye-sheng', 'course-mandarin-1', '毕业生', 'bì yè shēng', 'graduate', 'word', 4, null, null),
  ('v-h4-bi', 'course-mandarin-1', '避', 'bì', 'to avoid', 'word', 4, null, null),
  ('v-h4-bi-mian', 'course-mandarin-1', '避免', 'bì miǎn', 'to avert', 'word', 4, null, null),
  ('v-h4-bian', 'course-mandarin-1', '编', 'biān', 'to weave', 'word', 4, null, null),
  ('v-h4-bian-lun', 'course-mandarin-1', '辩论', 'biàn lùn', 'debate', 'verb', 4, null, null),
  ('v-h4-biao-zhi', 'course-mandarin-1', '标志', 'biāo zhì', 'sign', 'word', 4, null, null),
  ('v-h4-biao-qing', 'course-mandarin-1', '表情', 'biǎo qíng', '(facial) expression', 'word', 4, null, null),
  ('v-h4-biao-yang', 'course-mandarin-1', '表扬', 'biǎo yáng', 'to praise', 'word', 4, null, null),
  ('v-h4-bing', 'course-mandarin-1', '冰', 'bīng', 'ice', 'word', 4, null, null),
  ('v-h4-bing-xiang', 'course-mandarin-1', '冰箱', 'bīng xiāng', 'icebox', 'word', 4, null, null),
  ('v-h4-bing-xue', 'course-mandarin-1', '冰雪', 'bīng xuě', 'ice and snow', 'word', 4, null, null),
  ('v-h4-bing-2', 'course-mandarin-1', '兵', 'bīng', 'soldiers', 'word', 4, null, null),
  ('v-h4-bu-guan', 'course-mandarin-1', '不管', 'bù guǎn', 'not to be concerned', 'word', 4, null, null),
  ('v-h4-bu-ran', 'course-mandarin-1', '不然', 'bù rán', 'not so', 'word', 4, null, null),
  ('v-h4-bu-yao-jin', 'course-mandarin-1', '不要紧', 'bù yào jǐn', 'unimportant', 'word', 4, null, null),
  ('v-h4-bu-zai-hu', 'course-mandarin-1', '不在乎', 'bù zài hu', 'not to care', 'word', 4, null, null),
  ('v-h4-bu-zhi', 'course-mandarin-1', '布置', 'bù zhì', 'to put in order', 'word', 4, null, null),
  ('v-h4-bu-xing', 'course-mandarin-1', '步行', 'bù xíng', 'to go on foot', 'word', 4, null, null),
  ('v-h4-ca', 'course-mandarin-1', '擦', 'cā', 'to rub; to scratch', 'word', 4, null, null),
  ('v-h4-cai-liao', 'course-mandarin-1', '材料', 'cái liào', '(raw) material', 'word', 4, null, null),
  ('v-h4-cai-chan', 'course-mandarin-1', '财产', 'cái chǎn', 'property', 'word', 4, null, null),
  ('v-h4-cai-fu', 'course-mandarin-1', '财富', 'cái fù', 'wealth', 'word', 4, null, null),
  ('v-h4-can-kao', 'course-mandarin-1', '参考', 'cān kǎo', 'consultation', 'word', 4, null, null),
  ('v-h4-can-yu', 'course-mandarin-1', '参与', 'cān yù', 'to participate (in sth)', 'word', 4, null, null),
  ('v-h4-cao-chang', 'course-mandarin-1', '操场', 'cāo chǎng', 'playground', 'word', 4, null, null),
  ('v-h4-cao-zuo', 'course-mandarin-1', '操作', 'cāo zuò', 'to work', 'word', 4, null, null),
  ('v-h4-ce', 'course-mandarin-1', '测', 'cè', 'to survey', 'word', 4, null, null),
  ('v-h4-ce-liang', 'course-mandarin-1', '测量', 'cè liáng', 'survey', 'verb', 4, null, null),
  ('v-h4-ce-shi', 'course-mandarin-1', '测试', 'cè shì', 'to test (machinery etc)', 'verb', 4, null, null),
  ('v-h4-zeng', 'course-mandarin-1', '曾', 'Zēng', 'surname Zeng', 'word', 4, null, null),
  ('v-h4-cha-ye', 'course-mandarin-1', '茶叶', 'chá yè', 'tea', 'word', 4, null, null),
  ('v-h4-chan-pin', 'course-mandarin-1', '产品', 'chǎn pǐn', 'goods', 'word', 4, null, null),
  ('v-h4-chang-shi', 'course-mandarin-1', '常识', 'cháng shí', 'common sense', 'word', 4, null, null),
  ('v-h4-chao', 'course-mandarin-1', '抄', 'chāo', 'to make a copy', 'word', 4, null, null),
  ('v-h4-chao-xie', 'course-mandarin-1', '抄写', 'chāo xiě', 'to copy', 'word', 4, null, null),
  ('v-h4-chao-2', 'course-mandarin-1', '潮', 'cháo', 'tide', 'word', 4, null, null),
  ('v-h4-chao-liu', 'course-mandarin-1', '潮流', 'cháo liú', 'tide', 'word', 4, null, null),
  ('v-h4-chao-shi', 'course-mandarin-1', '潮湿', 'cháo shī', 'damp', 'word', 4, null, null),
  ('v-h4-che-di', 'course-mandarin-1', '彻底', 'chè dǐ', 'thorough', 'word', 4, null, null),
  ('v-h4-chen', 'course-mandarin-1', '沉', 'chén', 'to submerge', 'word', 4, null, null),
  ('v-h4-chen-mo', 'course-mandarin-1', '沉默', 'chén mò', 'taciturn', 'adjective', 4, null, null),
  ('v-h4-chen-zhong', 'course-mandarin-1', '沉重', 'chén zhòng', 'heavy', 'word', 4, null, null),
  ('v-h4-cheng-zan', 'course-mandarin-1', '称赞', 'chēng zàn', 'to praise', 'word', 4, null, null),
  ('v-h4-cheng-ren', 'course-mandarin-1', '成人', 'chéng rén', 'adult', 'word', 4, null, null),
  ('v-h4-cheng-dan', 'course-mandarin-1', '承担', 'chéng dān', 'to undertake', 'word', 4, null, null),
  ('v-h4-cheng-ren-2', 'course-mandarin-1', '承认', 'chéng rèn', 'to admit', 'word', 4, null, null),
  ('v-h4-cheng-shou', 'course-mandarin-1', '承受', 'chéng shòu', 'to bear', 'word', 4, null, null),
  ('v-h4-cheng-shi', 'course-mandarin-1', '诚实', 'chéng shí', 'honest', 'word', 4, null, null),
  ('v-h4-cheng-xin', 'course-mandarin-1', '诚信', 'chéng xìn', 'genuine', 'word', 4, null, null),
  ('v-h4-cheng-xu', 'course-mandarin-1', '程序', 'chéng xù', 'procedures', 'word', 4, null, null),
  ('v-h4-chi-jing', 'course-mandarin-1', '吃惊', 'chī jīng', 'to be startled', 'word', 4, null, null),
  ('v-h4-chi-dao', 'course-mandarin-1', '迟到', 'chí dào', 'to arrive late', 'word', 4, null, null),
  ('v-h4-chi-cun', 'course-mandarin-1', '尺寸', 'chǐ cun', 'size; dimensions; measurements (esp. of clothes)', 'word', 4, null, null),
  ('v-h4-chi-zi', 'course-mandarin-1', '尺子', 'chǐ zi', 'ruler (measuring instrument)', 'word', 4, null, null),
  ('v-h4-chong-dian', 'course-mandarin-1', '充电', 'chōng diàn', 'to recharge (a battery)', 'word', 4, null, null),
  ('v-h4-chong-dian-qi', 'course-mandarin-1', '充电器', 'chōng diàn qì', 'battery charger', 'word', 4, null, null),
  ('v-h4-chong-fen', 'course-mandarin-1', '充分', 'chōng fèn', 'ample', 'word', 4, null, null),
  ('v-h4-chong', 'course-mandarin-1', '冲', 'chōng', '(of water) to dash against', 'word', 4, null, null),
  ('v-h4-chong-zi', 'course-mandarin-1', '虫子', 'chóng zi', 'insect', 'word', 4, null, null),
  ('v-h4-chou', 'course-mandarin-1', '抽', 'chōu', 'to draw out', 'word', 4, null, null),
  ('v-h4-chou-jiang', 'course-mandarin-1', '抽奖', 'chōu jiǎng', 'to draw a prize', 'word', 4, null, null),
  ('v-h4-chou-yan', 'course-mandarin-1', '抽烟', 'chōu yān', 'to smoke (a cigarette, tobacco)', 'word', 4, null, null),
  ('v-h4-chu-se', 'course-mandarin-1', '出色', 'chū sè', 'remarkable; outstanding', 'word', 4, null, null),
  ('v-h4-chu-shou', 'course-mandarin-1', '出售', 'chū shòu', 'to sell', 'word', 4, null, null),
  ('v-h4-chu-xi', 'course-mandarin-1', '出席', 'chū xí', 'to attend', 'word', 4, null, null),
  ('v-h4-chu', 'course-mandarin-1', '处', 'chǔ', 'to reside', 'word', 4, null, null),
  ('v-h4-chu-yu', 'course-mandarin-1', '处于', 'chǔ yú', 'to be in (some state, position, or condition)', 'word', 4, null, null),
  ('v-h4-chuan-shang', 'course-mandarin-1', '穿上', 'chuān shang', 'to put on (clothes etc)', 'noun', 4, null, null),
  ('v-h4-chuang-hu', 'course-mandarin-1', '窗户', 'chuāng hu', 'window', 'word', 4, null, null),
  ('v-h4-chuang-tai', 'course-mandarin-1', '窗台', 'chuāng tái', 'window sill', 'word', 4, null, null),
  ('v-h4-chuang-zi', 'course-mandarin-1', '窗子', 'chuāng zi', 'window', 'word', 4, null, null),
  ('v-h4-chun-ji', 'course-mandarin-1', '春季', 'chūn jì', 'springtime', 'word', 4, null, null),
  ('v-h4-chun', 'course-mandarin-1', '纯', 'chún', 'pure', 'word', 4, null, null),
  ('v-h4-chun-jing-shui', 'course-mandarin-1', '纯净水', 'chún jìng shuǐ', 'purified water', 'word', 4, null, null),
  ('v-h4-ci-hui', 'course-mandarin-1', '词汇', 'cí huì', 'variant of 词汇', 'word', 4, null, null),
  ('v-h4-ci', 'course-mandarin-1', '此', 'cǐ', 'this; these', 'word', 4, null, null),
  ('v-h4-ci-2', 'course-mandarin-1', '刺', 'cī', '(onom.) whoosh', 'word', 4, null, null),
  ('v-h4-ci-ji', 'course-mandarin-1', '刺激', 'cì jī', 'to provoke; to irritate; to upset; to stimulate; to excite', 'word', 4, null, null),
  ('v-h4-cong-ci', 'course-mandarin-1', '从此', 'cóng cǐ', 'from now on', 'word', 4, null, null),
  ('v-h4-cu', 'course-mandarin-1', '粗', 'cū', 'coarse', 'word', 4, null, null),
  ('v-h4-cu-xin', 'course-mandarin-1', '粗心', 'cū xīn', 'careless', 'word', 4, null, null),
  ('v-h4-cu-shi', 'course-mandarin-1', '促使', 'cù shǐ', 'to induce', 'word', 4, null, null),
  ('v-h4-cuo-shi', 'course-mandarin-1', '措施', 'cuò shī', 'measure', 'word', 4, null, null),
  ('v-h4-da-an', 'course-mandarin-1', '答案', 'dá àn', 'answer', 'word', 4, null, null),
  ('v-h4-da-bai', 'course-mandarin-1', '打败', 'dǎ bài', 'to defeat', 'word', 4, null, null),
  ('v-h4-da-lei', 'course-mandarin-1', '打雷', 'dǎ léi', 'to rumble with thunder', 'word', 4, null, null),
  ('v-h4-da-sao', 'course-mandarin-1', '打扫', 'dǎ sǎo', 'to clean', 'word', 4, null, null),
  ('v-h4-da-zhe', 'course-mandarin-1', '打折', 'dǎ zhé', 'to give a discount', 'word', 4, null, null),
  ('v-h4-da-zhen', 'course-mandarin-1', '打针', 'dǎ zhēn', 'to give or have an injection', 'word', 4, null, null),
  ('v-h4-da-ba', 'course-mandarin-1', '大巴', 'dà bā', '(coll.) large bus', 'word', 4, null, null),
  ('v-h4-da-duo', 'course-mandarin-1', '大多', 'dà duō', 'for the most part', 'word', 4, null, null),
  ('v-h4-da-fang', 'course-mandarin-1', '大方', 'dà fāng', 'expert', 'word', 4, null, null),
  ('v-h4-da-ge', 'course-mandarin-1', '大哥', 'dà gē', 'eldest brother', 'word', 4, null, null),
  ('v-h4-da-gui-mo', 'course-mandarin-1', '大规模', 'dà guī mó', 'large scale', 'word', 4, null, null),
  ('v-h4-da-hui', 'course-mandarin-1', '大会', 'dà huì', 'general assembly', 'word', 4, null, null),
  ('v-h4-da-jie', 'course-mandarin-1', '大姐', 'dà jiě', 'big sister', 'word', 4, null, null),
  ('v-h4-da-lou', 'course-mandarin-1', '大楼', 'dà lóu', 'building (a relatively large, multistory one)', 'word', 4, null, null),
  ('v-h4-da-xing', 'course-mandarin-1', '大型', 'dà xíng', 'large', 'word', 4, null, null),
  ('v-h4-da-ye', 'course-mandarin-1', '大爷', 'dà yé', 'arrogant idler', 'word', 4, null, null),
  ('v-h4-da-zhong', 'course-mandarin-1', '大众', 'Dà zhòng', 'Volkswagen (automobile manufacturer)', 'word', 4, null, null),
  ('v-h4-dai-ti', 'course-mandarin-1', '代替', 'dài tì', 'to replace', 'word', 4, null, null),
  ('v-h4-dai-yu', 'course-mandarin-1', '待遇', 'dài yù', 'treatment', 'word', 4, null, null),
  ('v-h4-dai', 'course-mandarin-1', '袋', 'dài', 'pouch', 'word', 4, null, null),
  ('v-h4-dai-2', 'course-mandarin-1', '戴', 'Dài', 'surname Dai', 'word', 4, null, null),
  ('v-h4-shan', 'course-mandarin-1', '单', 'Shàn', 'surname Shan', 'word', 4, null, null),
  ('v-h4-dan-chun', 'course-mandarin-1', '单纯', 'dān chún', 'simple', 'word', 4, null, null),
  ('v-h4-dan-diao', 'course-mandarin-1', '单调', 'dān diào', 'monotonous', 'word', 4, null, null),
  ('v-h4-dan-du', 'course-mandarin-1', '单独', 'dān dú', 'alone', 'word', 4, null, null),
  ('v-h4-dan-bao', 'course-mandarin-1', '担保', 'dān bǎo', 'to guarantee', 'verb', 4, null, null),
  ('v-h4-dan-xin', 'course-mandarin-1', '担心', 'dān xīn', 'anxious', 'word', 4, null, null),
  ('v-h4-dan', 'course-mandarin-1', '淡', 'dàn', 'insipid', 'word', 4, null, null),
  ('v-h4-dao-you', 'course-mandarin-1', '导游', 'dǎo yóu', 'tour guide', 'word', 4, null, null),
  ('v-h4-dao-zhi', 'course-mandarin-1', '导致', 'dǎo zhì', 'to lead to', 'word', 4, null, null),
  ('v-h4-dao-bi', 'course-mandarin-1', '倒闭', 'dǎo bì', 'to go bankrupt', 'word', 4, null, null),
  ('v-h4-de-yi', 'course-mandarin-1', '得意', 'dé yì', 'proud of oneself', 'word', 4, null, null),
  ('v-h4-di-mian', 'course-mandarin-1', '地面', 'dì miàn', 'floor', 'word', 4, null, null),
  ('v-h4-di-wei', 'course-mandarin-1', '地位', 'dì wèi', 'position', 'word', 4, null, null),
  ('v-h4-di-xia', 'course-mandarin-1', '地下', 'dì xià', 'underground', 'word', 4, null, null),
  ('v-h4-di-zhi', 'course-mandarin-1', '地址', 'dì zhǐ', 'address', 'word', 4, null, null),
  ('v-h4-di-que', 'course-mandarin-1', '的确', 'dí què', 'really', 'word', 4, null, null),
  ('v-h4-deng-guang', 'course-mandarin-1', '灯光', 'dēng guāng', '(stage) lighting', 'word', 4, null, null),
  ('v-h4-deng', 'course-mandarin-1', '登', 'dēng', 'to scale (a height)', 'word', 4, null, null),
  ('v-h4-deng-ji', 'course-mandarin-1', '登记', 'dēng jì', 'to register (one''s name)', 'word', 4, null, null),
  ('v-h4-deng-lu', 'course-mandarin-1', '登录', 'dēng lù', 'to register', 'word', 4, null, null),
  ('v-h4-deng-shan', 'course-mandarin-1', '登山', 'dēng shān', 'to climb a mountain', 'verb', 4, null, null),
  ('v-h4-di-ren', 'course-mandarin-1', '敌人', 'dí rén', 'enemy', 'word', 4, null, null),
  ('v-h4-de', 'course-mandarin-1', '底', 'de', '(equivalent to 的 as possessive particle)', 'word', 4, null, null),
  ('v-h4-dian-xing', 'course-mandarin-1', '典型', 'diǎn xíng', 'model', 'word', 4, null, null),
  ('v-h4-dian-ming', 'course-mandarin-1', '点名', 'diǎn míng', 'roll call', 'word', 4, null, null),
  ('v-h4-dian-deng', 'course-mandarin-1', '电灯', 'diàn dēng', 'electric light', 'word', 4, null, null),
  ('v-h4-diandongche', 'course-mandarin-1', '电动车', 'diàndòngchē', 'Electric vehicle', 'word', 4, null, null),
  ('v-h4-dian-ti', 'course-mandarin-1', '电梯', 'diàn tī', 'elevator', 'word', 4, null, null),
  ('v-h4-dian-yuan', 'course-mandarin-1', '电源', 'diàn yuán', 'electric power source', 'word', 4, null, null),
  ('v-h4-tiao-pi', 'course-mandarin-1', '调皮', 'tiáo pí', 'naughty', 'word', 4, null, null),
  ('v-h4-ding', 'course-mandarin-1', '顶', 'dǐng', 'apex', 'word', 4, null, null),
  ('v-h4-ding-2', 'course-mandarin-1', '定', 'dìng', 'to set', 'word', 4, null, null),
  ('v-h4-dong-ji', 'course-mandarin-1', '冬季', 'dōng jì', 'winter', 'word', 4, null, null),
  ('v-h4-dong-hua-pian', 'course-mandarin-1', '动画片', 'dòng huà piàn', 'animated film', 'word', 4, null, null),
  ('v-h4-dong-yao', 'course-mandarin-1', '动摇', 'dòng yáo', 'to sway', 'word', 4, null, null),
  ('v-h4-dou-fu', 'course-mandarin-1', '豆腐', 'dòu fu', 'tofu', 'word', 4, null, null),
  ('v-h4-du-li', 'course-mandarin-1', '独立', 'dú lì', 'independent', 'word', 4, null, null),
  ('v-h4-du-te', 'course-mandarin-1', '独特', 'dú tè', 'unique; distinctive', 'word', 4, null, null),
  ('v-h4-du-zi', 'course-mandarin-1', '独自', 'dú zì', 'alone', 'word', 4, null, null),
  ('v-h4-du', 'course-mandarin-1', '堵', 'dǔ', 'to block up (a road, pipe etc)', 'word', 4, null, null),
  ('v-h4-du-che', 'course-mandarin-1', '堵车', 'dǔ chē', 'traffic jam', 'word', 4, null, null),
  ('v-h4-du-zi-2', 'course-mandarin-1', '肚子', 'dù zi', 'belly', 'word', 4, null, null),
  ('v-h4-du-guo', 'course-mandarin-1', '度过', 'dù guò', 'to pass', 'word', 4, null, null),
  ('v-h4-duan-lian', 'course-mandarin-1', '锻炼', 'duàn liàn', 'to toughen', 'word', 4, null, null),
  ('v-h4-dui-bi', 'course-mandarin-1', '对比', 'duì bǐ', 'to contrast', 'verb', 4, null, null),
  ('v-h4-dui-yu', 'course-mandarin-1', '对于', 'duì yú', 'regarding; as far as (sth) is concerned; with regard to', 'word', 4, null, null),
  ('v-h4-duo-ci', 'course-mandarin-1', '多次', 'duō cì', 'many times', 'word', 4, null, null),
  ('v-h4-duo-nian', 'course-mandarin-1', '多年', 'duō nián', 'many years', 'word', 4, null, null),
  ('v-h4-duo-yang', 'course-mandarin-1', '多样', 'duō yàng', 'diverse', 'word', 4, null, null),
  ('v-h4-duo-zhong', 'course-mandarin-1', '多种', 'duō zhǒng', 'many kinds of; multiple; diverse; multi-', 'word', 4, null, null),
  ('v-h4-e-xin', 'course-mandarin-1', '恶心', 'ě xīn', 'variant of 恶心', 'word', 4, null, null),
  ('v-h4-er-tong', 'course-mandarin-1', '儿童', 'ér tóng', 'child', 'word', 4, null, null),
  ('v-h4-er', 'course-mandarin-1', '而', 'ér', 'and', 'word', 4, null, null),
  ('v-h4-er-shi', 'course-mandarin-1', '而是', 'ér shì', 'rather', 'word', 4, null, null),
  ('v-h4-er-ji', 'course-mandarin-1', '耳机', 'ěr jī', 'headphones', 'word', 4, null, null),
  ('v-h4-er-shou', 'course-mandarin-1', '二手', 'èr shǒu', 'indirectly acquired', 'word', 4, null, null),
  ('v-h4-fa-hui', 'course-mandarin-1', '发挥', 'fā huī', 'to display', 'word', 4, null, null),
  ('v-h4-fa-piao', 'course-mandarin-1', '发票', 'fā piào', 'invoice', 'word', 4, null, null),
  ('v-h4-fa-shao', 'course-mandarin-1', '发烧', 'fā shāo', 'to have a high temperature (from illness)', 'word', 4, null, null),
  ('v-h4-fa', 'course-mandarin-1', '法', 'fǎ', 'variant of 法', 'word', 4, null, null),
  ('v-h4-fa-guan', 'course-mandarin-1', '法官', 'fǎ guān', 'judge (in court)', 'word', 4, null, null),
  ('v-h4-fa-lu', 'course-mandarin-1', '法律', 'fǎ lǜ', 'law', 'word', 4, null, null),
  ('v-h4-fa-yuan', 'course-mandarin-1', '法院', 'fǎ yuàn', 'court of law', 'word', 4, null, null),
  ('v-h4-fan', 'course-mandarin-1', '翻', 'fān', 'to turn over', 'word', 4, null, null),
  ('v-h4-fan-2', 'course-mandarin-1', '烦', 'fán', 'to feel vexed', 'word', 4, null, null),
  ('v-h4-fan-3', 'course-mandarin-1', '反', 'fǎn', 'contrary', 'word', 4, null, null),
  ('v-h4-fan-er', 'course-mandarin-1', '反而', 'fǎn ér', 'on the contrary; instead', 'word', 4, null, null),
  ('v-h4-fan-ying', 'course-mandarin-1', '反映', 'fǎn yìng', 'to mirror', 'word', 4, null, null),
  ('v-h4-fang', 'course-mandarin-1', '方', 'Fāng', 'surname Fang', 'word', 4, null, null),
  ('v-h4-fang-an', 'course-mandarin-1', '方案', 'fāng àn', 'plan', 'word', 4, null, null),
  ('v-h4-fang-zhen', 'course-mandarin-1', '方针', 'fāng zhēn', 'policy', 'word', 4, null, null),
  ('v-h4-fei', 'course-mandarin-1', '非', 'Fēi', 'abbr. for 洲, Africa', 'word', 4, null, null),
  ('v-h4-fei-2', 'course-mandarin-1', '肥', 'féi', 'fat', 'word', 4, null, null),
  ('v-h4-fen-bu', 'course-mandarin-1', '分布', 'fēn bù', 'to scatter', 'word', 4, null, null),
  ('v-h4-fen-san', 'course-mandarin-1', '分散', 'fēn sàn', 'to scatter', 'word', 4, null, null),
  ('v-h4-fen-shou', 'course-mandarin-1', '分手', 'fēn shǒu', 'to part company', 'word', 4, null, null),
  ('v-h4-fen-wei', 'course-mandarin-1', '分为', 'fēn wéi', 'to divide sth into (parts)', 'word', 4, null, null),
  ('v-h4-fen-zhi', 'course-mandarin-1', '分之', 'fēn zhī', '(indicating a fraction)', 'word', 4, null, null),
  ('v-h4-fen-fen', 'course-mandarin-1', '纷纷', 'fēn fēn', 'one after another', 'word', 4, null, null),
  ('v-h4-fen-dou', 'course-mandarin-1', '奋斗', 'fèn dòu', 'to strive; to struggle', 'word', 4, null, null),
  ('v-h4-feng-ge', 'course-mandarin-1', '风格', 'fēng gé', 'style', 'word', 4, null, null),
  ('v-h4-feng-jing', 'course-mandarin-1', '风景', 'fēng jǐng', 'scenery; landscape', 'word', 4, null, null),
  ('v-h4-feng-su', 'course-mandarin-1', '风俗', 'fēng sú', 'social custom', 'word', 4, null, null),
  ('v-h4-fu-fu', 'course-mandarin-1', '夫妇', 'fū fù', 'a (married) couple', 'word', 4, null, null),
  ('v-h4-fu-ren', 'course-mandarin-1', '夫人', 'fū ren', 'lady', 'word', 4, null, null),
  ('v-h4-fu-hao', 'course-mandarin-1', '符号', 'fú hào', 'symbol; mark; sign', 'word', 4, null, null),
  ('v-h4-fu-chu', 'course-mandarin-1', '付出', 'fù chū', 'to pay; to expend; to invest (energy or time)', 'word', 4, null, null),
  ('v-h4-fu-jin', 'course-mandarin-1', '附近', 'fù jìn', 'nearby; neighboring', 'word', 4, null, null),
  ('v-h4-fu-zhi', 'course-mandarin-1', '复制', 'fù zhì', 'to duplicate', 'word', 4, null, null),
  ('v-h4-gai-zheng', 'course-mandarin-1', '改正', 'gǎi zhèng', 'to correct', 'word', 4, null, null),
  ('v-h4-ge', 'course-mandarin-1', '盖', 'Gě', 'surname Ge', 'word', 4, null, null),
  ('v-h4-gan-xing-qu', 'course-mandarin-1', '感兴趣', 'gǎn xìng qù', 'to be interested', 'word', 4, null, null),
  ('v-h4-gao-chao', 'course-mandarin-1', '高潮', 'gāo cháo', 'high tide; high water', 'word', 4, null, null),
  ('v-h4-gao-jia', 'course-mandarin-1', '高价', 'gāo jià', 'high price', 'word', 4, null, null),
  ('v-h4-gao-shang', 'course-mandarin-1', '高尚', 'gāo shàng', 'noble', 'word', 4, null, null),
  ('v-h4-gao-tie', 'course-mandarin-1', '高铁', 'gāo tiě', 'high speed rail', 'noun', 4, null, null),
  ('v-h4-ge-wai', 'course-mandarin-1', '格外', 'gé wài', 'especially', 'word', 4, null, null),
  ('v-h4-ge-2', 'course-mandarin-1', '隔', 'gé', 'to separate', 'word', 4, null, null),
  ('v-h4-ge-kai', 'course-mandarin-1', '隔开', 'gé kāi', 'to separate', 'noun', 4, null, null),
  ('v-h4-ge-bie', 'course-mandarin-1', '个别', 'gè bié', 'individually; one by one', 'word', 4, null, null),
  ('v-h4-ge-ti', 'course-mandarin-1', '个体', 'gè tǐ', 'individual', 'word', 4, null, null),
  ('v-h4-ge-ge', 'course-mandarin-1', '各个', 'gè gè', 'every', 'word', 4, null, null),
  ('v-h4-gen', 'course-mandarin-1', '根', 'gēn', 'root', 'word', 4, null, null),
  ('v-h4-gen-ju', 'course-mandarin-1', '根据', 'gēn jù', 'according to', 'word', 4, null, null),
  ('v-h4-gong-cheng', 'course-mandarin-1', '工程', 'gōng chéng', 'engineering', 'word', 4, null, null),
  ('v-h4-gong-yuan', 'course-mandarin-1', '公元', 'gōng yuán', 'CE (Common Era)', 'word', 4, null, null),
  ('v-h4-gong-ying', 'course-mandarin-1', '供应', 'gōng yìng', 'to supply', 'verb', 4, null, null),
  ('v-h4-gong', 'course-mandarin-1', '共', 'gòng', 'common', 'word', 4, null, null),
  ('v-h4-gou-cheng', 'course-mandarin-1', '构成', 'gòu chéng', 'to constitute', 'word', 4, null, null),
  ('v-h4-gou-zao', 'course-mandarin-1', '构造', 'gòu zào', 'structure', 'word', 4, null, null),
  ('v-h4-gou-mai', 'course-mandarin-1', '购买', 'gòu mǎi', 'to purchase; to buy', 'word', 4, null, null),
  ('v-h4-gou-wu', 'course-mandarin-1', '购物', 'gòu wù', 'shopping', 'word', 4, null, null),
  ('v-h4-gu-tou', 'course-mandarin-1', '骨头', 'gǔ tou', 'bone', 'word', 4, null, null),
  ('v-h4-gu-ding', 'course-mandarin-1', '固定', 'gù dìng', 'to fix', 'word', 4, null, null),
  ('v-h4-gua', 'course-mandarin-1', '瓜', 'guā', 'melon', 'word', 4, null, null),
  ('v-h4-guai', 'course-mandarin-1', '怪', 'guài', 'bewildering', 'word', 4, null, null),
  ('v-h4-guan-yu', 'course-mandarin-1', '关于', 'guān yú', 'pertaining to', 'word', 4, null, null),
  ('v-h4-guan', 'course-mandarin-1', '官', 'Guān', 'surname Guan', 'word', 4, null, null),
  ('v-h4-guan-fang', 'course-mandarin-1', '官方', 'guān fāng', 'government', 'word', 4, null, null),
  ('v-h4-guang-lin', 'course-mandarin-1', '光临', 'guāng lín', '(formal) to honor with one''s presence', 'word', 4, null, null),
  ('v-h4-guang-pan', 'course-mandarin-1', '光盘', 'guāng pán', 'compact disc (CD); DVD; CD-ROM', 'word', 4, null, null),
  ('v-h4-guang', 'course-mandarin-1', '逛', 'guàng', 'to stroll', 'word', 4, null, null),
  ('v-h4-gui', 'course-mandarin-1', '归', 'Guī', 'surname Gui', 'word', 4, null, null),
  ('v-h4-gui-lu', 'course-mandarin-1', '规律', 'guī lǜ', 'rule (e.g. of science)', 'word', 4, null, null),
  ('v-h4-gui-mo', 'course-mandarin-1', '规模', 'guī mó', 'scale', 'word', 4, null, null),
  ('v-h4-gui-ze', 'course-mandarin-1', '规则', 'guī zé', 'rule', 'word', 4, null, null),
  ('v-h4-guo-shi', 'course-mandarin-1', '果实', 'guǒ shí', 'fruit (produced by a plant)', 'word', 4, null, null),
  ('v-h4-guo-fen', 'course-mandarin-1', '过分', 'guò fèn', 'excessive', 'word', 4, null, null),
  ('v-h4-hai-shui', 'course-mandarin-1', '海水', 'hǎi shuǐ', 'seawater', 'word', 4, null, null),
  ('v-h4-hai-xian', 'course-mandarin-1', '海鲜', 'hǎi xiān', 'seafood', 'word', 4, null, null),
  ('v-h4-han-liang', 'course-mandarin-1', '含量', 'hán liàng', 'content', 'word', 4, null, null),
  ('v-h4-han-yi', 'course-mandarin-1', '含义', 'hán yì', 'meaning (implicit in a phrase)', 'word', 4, null, null),
  ('v-h4-han-you', 'course-mandarin-1', '含有', 'hán yǒu', 'to contain', 'word', 4, null, null),
  ('v-h4-han-jia', 'course-mandarin-1', '寒假', 'hán jià', 'winter vacation', 'word', 4, null, null),
  ('v-h4-han-leng', 'course-mandarin-1', '寒冷', 'hán lěng', 'cold (climate)', 'word', 4, null, null),
  ('v-h4-hang-ban', 'course-mandarin-1', '航班', 'háng bān', '(scheduled) flight; (scheduled) sailing', 'word', 4, null, null),
  ('v-h4-hang-kong', 'course-mandarin-1', '航空', 'háng kōng', 'aviation', 'word', 4, null, null),
  ('v-h4-hao-mi', 'course-mandarin-1', '毫米', 'háo mǐ', 'millimeter', 'word', 4, null, null),
  ('v-h4-hao-sheng', 'course-mandarin-1', '毫升', 'háo shēng', 'milliliter', 'word', 4, null, null),
  ('v-h4-hao-ma', 'course-mandarin-1', '号码', 'hào mǎ', 'number', 'word', 4, null, null),
  ('v-h4-he-tong', 'course-mandarin-1', '合同', 'hé tong', '(business) contract', 'word', 4, null, null),
  ('v-h4-hei-an', 'course-mandarin-1', '黑暗', 'hēi àn', 'dark', 'word', 4, null, null),
  ('v-h4-hou-tou', 'course-mandarin-1', '后头', 'hòu tou', 'behind', 'word', 4, null, null),
  ('v-h4-hou', 'course-mandarin-1', '厚', 'hòu', 'thick', 'word', 4, null, null),
  ('v-h4-hu-xi', 'course-mandarin-1', '呼吸', 'hū xī', 'to breathe', 'word', 4, null, null),
  ('v-h4-hu-shi', 'course-mandarin-1', '忽视', 'hū shì', 'to neglect; to overlook; to disregard; to ignore', 'word', 4, null, null),
  ('v-h4-hu', 'course-mandarin-1', '户', 'hù', 'a household', 'word', 4, null, null),
  ('v-h4-hua', 'course-mandarin-1', '划', 'huá', 'to row', 'word', 4, null, null),
  ('v-h4-huai-nian', 'course-mandarin-1', '怀念', 'huái niàn', 'to cherish the memory of', 'word', 4, null, null),
  ('v-h4-huai-yi', 'course-mandarin-1', '怀疑', 'huái yí', 'to doubt (sth)', 'word', 4, null, null),
  ('v-h4-huan-jie', 'course-mandarin-1', '缓解', 'huǎn jiě', 'to bring relief', 'word', 4, null, null),
  ('v-h4-huang-gua', 'course-mandarin-1', '黄瓜', 'huáng guā', 'cucumber', 'word', 4, null, null),
  ('v-h4-huang-jin', 'course-mandarin-1', '黄金', 'huáng jīn', 'gold', 'word', 4, null, null),
  ('v-h4-hui', 'course-mandarin-1', '汇', 'huì', 'to remit', 'word', 4, null, null),
  ('v-h4-hui-lu', 'course-mandarin-1', '汇率', 'huì lǜ', 'exchange rate', 'word', 4, null, null),
  ('v-h4-kuai-ji', 'course-mandarin-1', '会计', 'kuài jì', 'accountant', 'word', 4, null, null),
  ('v-h4-hun-li', 'course-mandarin-1', '婚礼', 'hūn lǐ', 'wedding ceremony', 'word', 4, null, null),
  ('v-h4-huo', 'course-mandarin-1', '伙', 'huǒ', 'meals (abbr. for 食)', 'word', 4, null, null),
  ('v-h4-huo-ban', 'course-mandarin-1', '伙伴', 'huǒ bàn', 'partner', 'word', 4, null, null),
  ('v-h4-huo-xu', 'course-mandarin-1', '或许', 'huò xǔ', 'perhaps; maybe', 'word', 4, null, null),
  ('v-h4-huo-2', 'course-mandarin-1', '货', 'huò', 'goods', 'word', 4, null, null),
  ('v-h4-huo-3', 'course-mandarin-1', '获', 'huò', '(literary) to catch; to capture', 'word', 4, null, null),
  ('v-h4-huo-de', 'course-mandarin-1', '获得', 'huò dé', 'to obtain; to receive; to get', 'word', 4, null, null),
  ('v-h4-huo-jiang', 'course-mandarin-1', '获奖', 'huò jiǎng', 'to win an award', 'word', 4, null, null),
  ('v-h4-huo-qu', 'course-mandarin-1', '获取', 'huò qǔ', 'to gain; to get; to acquire', 'word', 4, null, null),
  ('v-h4-ji-gou', 'course-mandarin-1', '机构', 'jī gòu', 'mechanism', 'word', 4, null, null),
  ('v-h4-ji-lei', 'course-mandarin-1', '积累', 'jī lěi', 'to accumulate', 'word', 4, null, null),
  ('v-h4-ji-dong', 'course-mandarin-1', '激动', 'jī dòng', 'to move emotionally', 'word', 4, null, null),
  ('v-h4-ji-lie', 'course-mandarin-1', '激烈', 'jī liè', '(of competition or fighting) intense', 'word', 4, null, null),
  ('v-h4-ji-ge', 'course-mandarin-1', '及格', 'jí gé', 'to pass an exam or a test', 'word', 4, null, null),
  ('v-h4-ji-jiang', 'course-mandarin-1', '即将', 'jí jiāng', 'on the eve of', 'word', 4, null, null),
  ('v-h4-ji', 'course-mandarin-1', '极', 'jí', 'extremely', 'word', 4, null, null),
  ('v-h4-ji-qi', 'course-mandarin-1', '极其', 'jí qí', 'extremely', 'word', 4, null, null),
  ('v-h4-ji-mang', 'course-mandarin-1', '急忙', 'jí máng', 'hastily', 'word', 4, null, null),
  ('v-h4-ji-he', 'course-mandarin-1', '集合', 'jí hé', 'to gather; to assemble', 'word', 4, null, null),
  ('v-h4-ji-hu', 'course-mandarin-1', '几乎', 'jī hū', 'almost; nearly; practically', 'word', 4, null, null),
  ('v-h4-ji-zai', 'course-mandarin-1', '记载', 'jì zǎi', 'to write down', 'word', 4, null, null),
  ('v-h4-ji-lu', 'course-mandarin-1', '纪律', 'jì lǜ', 'discipline', 'word', 4, null, null),
  ('v-h4-ji-qiao', 'course-mandarin-1', '技巧', 'jì qiǎo', 'skill', 'word', 4, null, null),
  ('v-h4-ji-2', 'course-mandarin-1', '季', 'Jì', 'surname Ji', 'word', 4, null, null),
  ('v-h4-ji-du', 'course-mandarin-1', '季度', 'jì dù', 'quarter of a year', 'word', 4, null, null),
  ('v-h4-ji-jie', 'course-mandarin-1', '季节', 'jì jié', 'time', 'word', 4, null, null),
  ('v-h4-ji-3', 'course-mandarin-1', '既', 'jì', 'already', 'word', 4, null, null),
  ('v-h4-ji-ran', 'course-mandarin-1', '既然', 'jì rán', 'since', 'word', 4, null, null),
  ('v-h4-ji-4', 'course-mandarin-1', '寄', 'jì', 'to send', 'word', 4, null, null),
  ('v-h4-jia-ru', 'course-mandarin-1', '加入', 'jiā rù', 'to become a member', 'word', 4, null, null),
  ('v-h4-jia-you-zhan', 'course-mandarin-1', '加油站', 'jiā yóu zhàn', 'gas station', 'word', 4, null, null),
  ('v-h4-jia-wu', 'course-mandarin-1', '家务', 'jiā wù', 'household duties', 'word', 4, null, null),
  ('v-h4-jian-gu', 'course-mandarin-1', '坚固', 'jiān gù', 'firm', 'word', 4, null, null),
  ('v-h4-jian', 'course-mandarin-1', '减', 'jiǎn', 'to lower', 'word', 4, null, null),
  ('v-h4-jian-shao', 'course-mandarin-1', '减少', 'jiǎn shǎo', 'to lessen; to decrease; to reduce; to lower', 'word', 4, null, null),
  ('v-h4-jian-ce', 'course-mandarin-1', '检测', 'jiǎn cè', 'to detect', 'verb', 4, null, null),
  ('v-h4-jian-li', 'course-mandarin-1', '简历', 'jiǎn lì', 'curriculum vitae (CV)', 'word', 4, null, null),
  ('v-h4-jian-jian', 'course-mandarin-1', '渐渐', 'jiàn jiàn', 'gradually', 'word', 4, null, null),
  ('v-h4-jiang', 'course-mandarin-1', '江', 'Jiāng', 'surname Jiang', 'noun', 4, null, null),
  ('v-h4-jiang-jiu', 'course-mandarin-1', '讲究', 'jiǎng jiu', 'to pay particular attention to', 'word', 4, null, null),
  ('v-h4-jiang-zuo', 'course-mandarin-1', '讲座', 'jiǎng zuò', 'a course of lectures', 'word', 4, null, null),
  ('v-h4-jiang-2', 'course-mandarin-1', '奖', 'jiǎng', 'prize', 'word', 4, null, null),
  ('v-h4-jiang-jin', 'course-mandarin-1', '奖金', 'jiǎng jīn', 'premium', 'word', 4, null, null),
  ('v-h4-jiang-xue-jin', 'course-mandarin-1', '奖学金', 'jiǎng xué jīn', 'scholarship', 'word', 4, null, null),
  ('v-h4-jiang-3', 'course-mandarin-1', '降', 'jiàng', 'to drop', 'word', 4, null, null),
  ('v-h4-jiang-di', 'course-mandarin-1', '降低', 'jiàng dī', 'to reduce; to lower; to bring down', 'word', 4, null, null),
  ('v-h4-jiang-jia', 'course-mandarin-1', '降价', 'jiàng jià', 'to cut the price', 'word', 4, null, null),
  ('v-h4-jiang-luo', 'course-mandarin-1', '降落', 'jiàng luò', 'to descend', 'word', 4, null, null),
  ('v-h4-jiang-wen', 'course-mandarin-1', '降温', 'jiàng wēn', 'to become cooler', 'word', 4, null, null),
  ('v-h4-jiao-huan', 'course-mandarin-1', '交换', 'jiāo huàn', 'to exchange', 'word', 4, null, null),
  ('v-h4-jiao-ji', 'course-mandarin-1', '交际', 'jiāo jì', 'communication', 'word', 4, null, null),
  ('v-h4-jue-se', 'course-mandarin-1', '角色', 'jué sè', 'role', 'word', 4, null, null),
  ('v-h4-jiao-shou', 'course-mandarin-1', '教授', 'jiào shòu', 'professor', 'word', 4, null, null),
  ('v-h4-jiao-xun', 'course-mandarin-1', '教训', 'jiào xun', 'to provide guidance', 'word', 4, null, null),
  ('v-h4-jie-duan', 'course-mandarin-1', '阶段', 'jiē duàn', 'stage', 'word', 4, null, null),
  ('v-h4-jie-dao', 'course-mandarin-1', '街道', 'jiē dào', 'street', 'word', 4, null, null),
  ('v-h4-jie-sheng', 'course-mandarin-1', '节省', 'jié shěng', 'saving', 'word', 4, null, null),
  ('v-h4-jie', 'course-mandarin-1', '结', 'jiē', '(of a plant) to produce (fruit or seeds)', 'word', 4, null, null),
  ('v-h4-jie-gou', 'course-mandarin-1', '结构', 'jié gòu', 'structure', 'word', 4, null, null),
  ('v-h4-jie-lun', 'course-mandarin-1', '结论', 'jié lùn', 'conclusion', 'word', 4, null, null),
  ('v-h4-jie-mei', 'course-mandarin-1', '姐妹', 'jiě mèi', 'sisters', 'word', 4, null, null),
  ('v-h4-jie-shi', 'course-mandarin-1', '解释', 'jiě shì', 'explanation', 'word', 4, null, null),
  ('v-h4-jin-kuai', 'course-mandarin-1', '尽快', 'jǐn kuài', 'as quickly as possible; as soon as possible', 'word', 4, null, null),
  ('v-h4-jin-li', 'course-mandarin-1', '尽力', 'jìn lì', 'to strive one''s hardest', 'word', 4, null, null),
  ('v-h4-jin-dai', 'course-mandarin-1', '近代', 'jìn dài', 'the not-very-distant past', 'word', 4, null, null),
  ('v-h4-jin-kou', 'course-mandarin-1', '进口', 'jìn kǒu', 'to import', 'word', 4, null, null),
  ('v-h4-jin-zhi', 'course-mandarin-1', '禁止', 'jìn zhǐ', 'to prohibit', 'word', 4, null, null),
  ('v-h4-jing-dian', 'course-mandarin-1', '经典', 'jīng diǎn', 'the classics', 'word', 4, null, null),
  ('v-h4-jing-li', 'course-mandarin-1', '精力', 'jīng lì', 'energy', 'word', 4, null, null),
  ('v-h4-jing-ran', 'course-mandarin-1', '竟然', 'jìng rán', 'unexpectedly', 'word', 4, null, null),
  ('v-h4-jing-tou', 'course-mandarin-1', '镜头', 'jìng tóu', 'camera lens', 'word', 4, null, null),
  ('v-h4-jing-zi', 'course-mandarin-1', '镜子', 'jìng zi', 'mirror', 'word', 4, null, null),
  ('v-h4-jiu-jing', 'course-mandarin-1', '究竟', 'jiū jìng', 'to go to the bottom of a matter', 'word', 4, null, null),
  ('v-h4-jiu-ba', 'course-mandarin-1', '酒吧', 'jiǔ bā', 'bar', 'word', 4, null, null),
  ('v-h4-ju-min', 'course-mandarin-1', '居民', 'jū mín', 'resident; inhabitant', 'word', 4, null, null),
  ('v-h4-ju-zhu', 'course-mandarin-1', '居住', 'jū zhù', 'to reside', 'word', 4, null, null),
  ('v-h4-ju', 'course-mandarin-1', '局', 'jú', 'narrow', 'word', 4, null, null),
  ('v-h4-ju-da', 'course-mandarin-1', '巨大', 'jù dà', 'huge', 'word', 4, null, null),
  ('v-h4-ju-bei', 'course-mandarin-1', '具备', 'jù bèi', 'to possess', 'word', 4, null, null),
  ('v-h4-ju-li', 'course-mandarin-1', '距离', 'jù lí', 'distance', 'word', 4, null, null),
  ('v-h4-ju-2', 'course-mandarin-1', '聚', 'jù', 'to congregate', 'word', 4, null, null),
  ('v-h4-ju-hui', 'course-mandarin-1', '聚会', 'jù huì', 'party', 'word', 4, null, null),
  ('v-h4-juan', 'course-mandarin-1', '卷', 'juǎn', 'to roll up', 'word', 4, null, null),
  ('v-h4-kai-hua', 'course-mandarin-1', '开花', 'kāi huā', 'to bloom; to blossom; to flower', 'word', 4, null, null),
  ('v-h4-kai-shui', 'course-mandarin-1', '开水', 'kāi shuǐ', 'boiled water', 'word', 4, null, null),
  ('v-h4-kan-bu-qi', 'course-mandarin-1', '看不起', 'kàn bu qǐ', 'to look down upon', 'word', 4, null, null),
  ('v-h4-kan-lai', 'course-mandarin-1', '看来', 'kàn lai', 'apparently', 'word', 4, null, null),
  ('v-h4-kan-wang', 'course-mandarin-1', '看望', 'kàn wàng', 'to pay a visit to; to see (sb)', 'word', 4, null, null),
  ('v-h4-kao-cha', 'course-mandarin-1', '考察', 'kǎo chá', 'to inspect', 'word', 4, null, null),
  ('v-h4-kao-lu', 'course-mandarin-1', '考虑', 'kǎo lǜ', 'to think over', 'word', 4, null, null),
  ('v-h4-ke-jian', 'course-mandarin-1', '可见', 'kě jiàn', 'it can clearly be seen (that this is the case)', 'word', 4, null, null),
  ('v-h4-kong-jian', 'course-mandarin-1', '空间', 'kōng jiān', 'space; room', 'word', 4, null, null),
  ('v-h4-kou-dai', 'course-mandarin-1', '口袋', 'kǒu dài', 'pocket', 'word', 4, null, null),
  ('v-h4-kou-yu', 'course-mandarin-1', '口语', 'kǒu yǔ', 'colloquial speech', 'word', 4, null, null),
  ('v-h4-ku', 'course-mandarin-1', '苦', 'kǔ', 'bitter', 'word', 4, null, null),
  ('v-h4-kuan', 'course-mandarin-1', '宽', 'Kuān', 'surname Kuan', 'word', 4, null, null),
  ('v-h4-kuan-guang', 'course-mandarin-1', '宽广', 'kuān guǎng', 'wide', 'word', 4, null, null),
  ('v-h4-kuang-quan-shui', 'course-mandarin-1', '矿泉水', 'kuàng quán shuǐ', 'mineral water', 'word', 4, null, null),
  ('v-h4-kuo-da', 'course-mandarin-1', '扩大', 'kuò dà', 'to expand', 'word', 4, null, null),
  ('v-h4-kuo-zhan', 'course-mandarin-1', '扩展', 'kuò zhǎn', 'to extend', 'word', 4, null, null),
  ('v-h4-kuo-hao', 'course-mandarin-1', '括号', 'kuò hào', 'parentheses', 'word', 4, null, null),
  ('v-h4-la-ji', 'course-mandarin-1', '垃圾', 'lā jī', 'trash', 'word', 4, null, null),
  ('v-h4-la-kai', 'course-mandarin-1', '拉开', 'lā kāi', 'to pull open', 'word', 4, null, null),
  ('v-h4-la', 'course-mandarin-1', '辣', 'là', 'old variant of 辣', 'word', 4, null, null),
  ('v-h4-lai-bu-ji', 'course-mandarin-1', '来不及', 'lái bu jí', 'there''s not enough time (to do sth)', 'word', 4, null, null),
  ('v-h4-lai-de-ji', 'course-mandarin-1', '来得及', 'lái de jí', 'to have enough time; can do it in time; can still make it', 'word', 4, null, null),
  ('v-h4-lao-gong', 'course-mandarin-1', '老公', 'lǎo gōng', '(coll.) husband', 'word', 4, null, null),
  ('v-h4-lao-jia', 'course-mandarin-1', '老家', 'lǎo jiā', 'native place', 'word', 4, null, null),
  ('v-h4-lao-shi', 'course-mandarin-1', '老实', 'lǎo shi', 'honest; sincere', 'word', 4, null, null),
  ('v-h4-le-qu', 'course-mandarin-1', '乐趣', 'lè qù', 'delight; pleasure; joy', 'word', 4, null, null),
  ('v-h4-liao-bu-qi', 'course-mandarin-1', '了不起', 'liǎo bu qǐ', 'amazing', 'word', 4, null, null),
  ('v-h4-liao-jie', 'course-mandarin-1', '了解', 'liǎo jiě', 'to understand', 'word', 4, null, null),
  ('v-h4-lei', 'course-mandarin-1', '泪', 'lèi', 'tears', 'word', 4, null, null),
  ('v-h4-lei-shui', 'course-mandarin-1', '泪水', 'lèi shuǐ', 'teardrop', 'word', 4, null, null),
  ('v-h4-lei-xing', 'course-mandarin-1', '类型', 'lèi xíng', 'type; kind; category', 'word', 4, null, null),
  ('v-h4-leng-jing', 'course-mandarin-1', '冷静', 'lěng jìng', 'calm; cool-headed; dispassionate', 'word', 4, null, null),
  ('v-h4-li-mi', 'course-mandarin-1', '厘米', 'lí mǐ', 'centimeter', 'word', 4, null, null),
  ('v-h4-li-bu-kai', 'course-mandarin-1', '离不开', 'lí bu kāi', 'inseparable', 'word', 4, null, null),
  ('v-h4-li-qi', 'course-mandarin-1', '力气', 'lì qi', 'strength', 'word', 4, null, null),
  ('v-h4-li-ji', 'course-mandarin-1', '立即', 'lì jí', 'immediately', 'word', 4, null, null),
  ('v-h4-li-xi', 'course-mandarin-1', '利息', 'lì xī', 'interest (on a loan)', 'word', 4, null, null),
  ('v-h4-li-yi', 'course-mandarin-1', '利益', 'lì yì', 'benefit', 'word', 4, null, null),
  ('v-h4-lia', 'course-mandarin-1', '俩', 'liǎ', 'two (colloquial equivalent of 两个)', 'word', 4, null, null),
  ('v-h4-liang-hao', 'course-mandarin-1', '良好', 'liáng hǎo', 'good', 'word', 4, null, null),
  ('v-h4-liang-shi', 'course-mandarin-1', '粮食', 'liáng shi', 'foodstuff', 'word', 4, null, null),
  ('v-h4-liang-bian', 'course-mandarin-1', '两边', 'liǎng bian', 'either side', 'word', 4, null, null),
  ('v-h4-liang', 'course-mandarin-1', '量', 'liáng', 'to measure', 'word', 4, null, null),
  ('v-h4-liao-yang', 'course-mandarin-1', '疗养', 'liáo yǎng', 'to get well', 'word', 4, null, null),
  ('v-h4-lie', 'course-mandarin-1', '列', 'liè', 'to arrange', 'word', 4, null, null),
  ('v-h4-lie-ru', 'course-mandarin-1', '列入', 'liè rù', 'to include on a list', 'word', 4, null, null),
  ('v-h4-lin-shi', 'course-mandarin-1', '临时', 'lín shí', 'as the time draws near', 'word', 4, null, null),
  ('v-h4-ling-shi', 'course-mandarin-1', '零食', 'líng shí', 'between-meal nibbles', 'word', 4, null, null),
  ('v-h4-liu-chuan', 'course-mandarin-1', '流传', 'liú chuán', 'to spread', 'word', 4, null, null),
  ('v-h4-lou-ti', 'course-mandarin-1', '楼梯', 'lóu tī', 'stair', 'word', 4, null, null),
  ('v-h4-lu-di', 'course-mandarin-1', '陆地', 'lù dì', 'dry land (as opposed to the sea)', 'word', 4, null, null),
  ('v-h4-lu-xu', 'course-mandarin-1', '陆续', 'lù xù', 'in turn', 'word', 4, null, null),
  ('v-h4-lu-shi', 'course-mandarin-1', '律师', 'lǜ shī', 'lawyer', 'word', 4, null, null),
  ('v-h4-shuai-xian', 'course-mandarin-1', '率先', 'shuài xiān', 'to take the lead', 'word', 4, null, null),
  ('v-h4-lun', 'course-mandarin-1', '轮', 'lún', 'wheel; disk; ring', 'word', 4, null, null),
  ('v-h4-lun-chuan', 'course-mandarin-1', '轮船', 'lún chuán', 'steamship; steamer; steamboat', 'word', 4, null, null),
  ('v-h4-lun-yi', 'course-mandarin-1', '轮椅', 'lún yǐ', 'wheelchair', 'word', 4, null, null),
  ('v-h4-lun-zi', 'course-mandarin-1', '轮子', 'lún zi', 'wheel', 'word', 4, null, null),
  ('v-h4-lun-wen', 'course-mandarin-1', '论文', 'lùn wén', 'paper', 'word', 4, null, null),
  ('v-h4-la-2', 'course-mandarin-1', '落', 'là', 'to leave out', 'word', 4, null, null),
  ('v-h4-mao-jin', 'course-mandarin-1', '毛巾', 'máo jīn', 'towel', 'word', 4, null, null),
  ('v-h4-mao-yi', 'course-mandarin-1', '毛衣', 'máo yī', '(wool) sweater', 'word', 4, null, null),
  ('v-h4-mao-zi', 'course-mandarin-1', '帽子', 'mào zi', 'hat', 'word', 4, null, null),
  ('v-h4-mei-cuo', 'course-mandarin-1', '没错', 'méi cuò', 'that''s right', 'word', 4, null, null),
  ('v-h4-mei-xiang-dao', 'course-mandarin-1', '没想到', 'méi xiǎng dào', 'didn''t expect', 'noun', 4, null, null),
  ('v-h4-mei-jin', 'course-mandarin-1', '美金', 'Měi jīn', 'US dollar', 'word', 4, null, null),
  ('v-h4-meng', 'course-mandarin-1', '梦', 'mèng', 'dream', 'word', 4, null, null),
  ('v-h4-meng-jian', 'course-mandarin-1', '梦见', 'mèng jiàn', 'to dream about (sth or sb)', 'word', 4, null, null),
  ('v-h4-meng-xiang', 'course-mandarin-1', '梦想', 'mèng xiǎng', '(fig.) to dream of', 'word', 4, null, null),
  ('v-h4-mi-mi', 'course-mandarin-1', '秘密', 'mì mì', 'secret; private; confidential; clandestine', 'word', 4, null, null),
  ('v-h4-mi-shu', 'course-mandarin-1', '秘书', 'mì shū', 'secretary', 'word', 4, null, null),
  ('v-h4-mi', 'course-mandarin-1', '密', 'Mì', 'surname Mi', 'word', 4, null, null),
  ('v-h4-mi-ma', 'course-mandarin-1', '密码', 'mì mǎ', 'cipher; secret code', 'word', 4, null, null),
  ('v-h4-mian-fei', 'course-mandarin-1', '免费', 'miǎn fèi', 'free (of charge)', 'word', 4, null, null),
  ('v-h4-mian-lin', 'course-mandarin-1', '面临', 'miàn lín', 'to face sth; to be confronted with', 'word', 4, null, null),
  ('v-h4-miao-shu', 'course-mandarin-1', '描述', 'miáo shù', 'to describe', 'word', 4, null, null),
  ('v-h4-miao-xie', 'course-mandarin-1', '描写', 'miáo xiě', 'to describe', 'word', 4, null, null),
  ('v-h4-mingpair5', 'course-mandarin-1', '名牌儿', 'míngpáir5', 'Famous brand', 'noun', 4, null, null),
  ('v-h4-ming-pian', 'course-mandarin-1', '名片', 'míng piàn', '(business) card', 'word', 4, null, null),
  ('v-h4-ming-ren', 'course-mandarin-1', '名人', 'míng rén', 'personage', 'word', 4, null, null),
  ('v-h4-mo', 'course-mandarin-1', '摸', 'mō', 'to feel with the hand', 'word', 4, null, null),
  ('v-h4-mo-te-r', 'course-mandarin-1', '模特儿', 'mó tè r', '(fashion) model (loanword)', 'noun', 4, null, null),
  ('v-h4-mo-xing', 'course-mandarin-1', '模型', 'mó xíng', 'model', 'word', 4, null, null),
  ('v-h4-mo-2', 'course-mandarin-1', '末', 'mò', 'tip', 'word', 4, null, null),
  ('v-h4-mo-mo', 'course-mandarin-1', '默默', 'mò mò', 'in silence; not speaking', 'word', 4, null, null),
  ('v-h4-na-pa', 'course-mandarin-1', '哪怕', 'nǎ pà', 'even', 'word', 4, null, null),
  ('v-h4-nan-nu', 'course-mandarin-1', '男女', 'nán nǚ', 'male-female', 'word', 4, null, null),
  ('v-h4-nan-shi', 'course-mandarin-1', '男士', 'nán shì', 'man', 'word', 4, null, null),
  ('v-h4-nan-mian', 'course-mandarin-1', '难免', 'nán miǎn', 'hard to avoid', 'word', 4, null, null),
  ('v-h4-nao-dai', 'course-mandarin-1', '脑袋', 'nǎo dai', 'head', 'word', 4, null, null),
  ('v-h4-nao', 'course-mandarin-1', '闹', 'nào', 'variant of 闹', 'word', 4, null, null),
  ('v-h4-nao-zhong', 'course-mandarin-1', '闹钟', 'nào zhōng', 'alarm clock', 'word', 4, null, null),
  ('v-h4-nei-bu', 'course-mandarin-1', '内部', 'nèi bù', 'interior', 'word', 4, null, null),
  ('v-h4-nei-ke', 'course-mandarin-1', '内科', 'nèi kē', 'internal medicine; general medicine', 'word', 4, null, null),
  ('v-h4-neng-gan', 'course-mandarin-1', '能干', 'néng gàn', 'capable', 'word', 4, null, null),
  ('v-h4-ning-jing', 'course-mandarin-1', '宁静', 'níng jìng', 'tranquil', 'word', 4, null, null),
  ('v-h4-nong', 'course-mandarin-1', '浓', 'nóng', 'concentrated', 'word', 4, null, null),
  ('v-h4-nu-shi', 'course-mandarin-1', '女士', 'nǚ shì', 'lady', 'word', 4, null, null),
  ('v-h4-nuan-qi', 'course-mandarin-1', '暖气', 'nuǎn qì', 'central heating', 'word', 4, null, null),
  ('v-h4-pai-zhao', 'course-mandarin-1', '拍照', 'pāi zhào', 'to take a picture', 'word', 4, null, null),
  ('v-h4-pai-lie', 'course-mandarin-1', '排列', 'pái liè', 'to arrange in order', 'word', 4, null, null),
  ('v-h4-pai', 'course-mandarin-1', '牌', 'pái', 'mahjong tile', 'word', 4, null, null),
  ('v-h4-pan', 'course-mandarin-1', '盘', 'pán', 'plate', 'word', 4, null, null),
  ('v-h4-pan-zi', 'course-mandarin-1', '盘子', 'pán zi', 'tray', 'word', 4, null, null),
  ('v-h4-pang-zi', 'course-mandarin-1', '胖子', 'pàng zi', 'fat person', 'word', 4, null, null),
  ('v-h4-pei-xun', 'course-mandarin-1', '培训', 'péi xùn', 'to cultivate', 'verb', 4, null, null),
  ('v-h4-pei-yang', 'course-mandarin-1', '培养', 'péi yǎng', 'to cultivate', 'word', 4, null, null),
  ('v-h4-pi', 'course-mandarin-1', '批', 'pī', 'to ascertain', 'word', 4, null, null),
  ('v-h4-pian-mian', 'course-mandarin-1', '片面', 'piàn miàn', 'unilateral', 'word', 4, null, null),
  ('v-h4-pin-zhi', 'course-mandarin-1', '品质', 'pǐn zhì', 'character', 'word', 4, null, null),
  ('v-h4-ping-fang', 'course-mandarin-1', '平方', 'píng fāng', 'square (as in square foot, square mile, square root)', 'word', 4, null, null),
  ('v-h4-ping-jing', 'course-mandarin-1', '平静', 'píng jìng', 'tranquil', 'word', 4, null, null),
  ('v-h4-ping-jun', 'course-mandarin-1', '平均', 'píng jūn', 'average; on average', 'word', 4, null, null),
  ('v-h4-ping-wen', 'course-mandarin-1', '平稳', 'píng wěn', 'smooth', 'word', 4, null, null),
  ('v-h4-po-qie', 'course-mandarin-1', '迫切', 'pò qiè', 'urgent; pressing', 'word', 4, null, null),
  ('v-h4-po-chan', 'course-mandarin-1', '破产', 'pò chǎn', 'to go bankrupt', 'word', 4, null, null),
  ('v-h4-qi-dai', 'course-mandarin-1', '期待', 'qī dài', 'to look forward to', 'word', 4, null, null),
  ('v-h4-qi-jian', 'course-mandarin-1', '期间', 'qī jiān', 'period of time', 'word', 4, null, null),
  ('v-h4-qi-mo', 'course-mandarin-1', '期末', 'qī mò', 'end of term', 'word', 4, null, null),
  ('v-h4-qi-xian', 'course-mandarin-1', '期限', 'qī xiàn', 'time limit', 'word', 4, null, null),
  ('v-h4-qi-zhong', 'course-mandarin-1', '期中', 'qī zhōng', 'interim', 'word', 4, null, null),
  ('v-h4-qi-yu', 'course-mandarin-1', '其余', 'qí yú', 'the rest', 'word', 4, null, null),
  ('v-h4-qi-ye', 'course-mandarin-1', '企业', 'qǐ yè', 'company; firm; enterprise; corporation', 'word', 4, null, null),
  ('v-h4-qi-qiu', 'course-mandarin-1', '气球', 'qì qiú', 'balloon', 'word', 4, null, null),
  ('v-h4-qi-you', 'course-mandarin-1', '汽油', 'qì yóu', 'gasoline', 'word', 4, null, null),
  ('v-h4-qian-tou', 'course-mandarin-1', '前头', 'qián tou', 'in front', 'word', 4, null, null),
  ('v-h4-qian-tu', 'course-mandarin-1', '前途', 'qián tú', 'prospects', 'word', 4, null, null),
  ('v-h4-jian-2', 'course-mandarin-1', '浅', 'jiān', 'sound of moving water', 'word', 4, null, null),
  ('v-h4-qiao-ke-li', 'course-mandarin-1', '巧克力', 'qiǎo kè lì', 'chocolate (loanword)', 'word', 4, null, null),
  ('v-h4-qie', 'course-mandarin-1', '切', 'qiē', 'to cut; to slice; to carve', 'word', 4, null, null),
  ('v-h4-qin-ai', 'course-mandarin-1', '亲爱', 'qīn ài', 'dear', 'word', 4, null, null),
  ('v-h4-qin-mi', 'course-mandarin-1', '亲密', 'qīn mì', 'intimate', 'word', 4, null, null),
  ('v-h4-qing-chun', 'course-mandarin-1', '青春', 'qīng chūn', 'youth', 'word', 4, null, null),
  ('v-h4-qing-song', 'course-mandarin-1', '轻松', 'qīng sōng', 'light', 'word', 4, null, null),
  ('v-h4-qing-yi', 'course-mandarin-1', '轻易', 'qīng yì', 'easily', 'word', 4, null, null),
  ('v-h4-qing-xing', 'course-mandarin-1', '清醒', 'qīng xǐng', 'clear-headed', 'word', 4, null, null),
  ('v-h4-qing-jing', 'course-mandarin-1', '情景', 'qíng jǐng', 'scene', 'word', 4, null, null),
  ('v-h4-qiong', 'course-mandarin-1', '穷', 'qióng', 'poor', 'word', 4, null, null),
  ('v-h4-qiong-ren', 'course-mandarin-1', '穷人', 'qióng rén', 'poor people', 'word', 4, null, null),
  ('v-h4-qiu-ji', 'course-mandarin-1', '秋季', 'qiū jì', 'autumn', 'word', 4, null, null),
  ('v-h4-qu-shi', 'course-mandarin-1', '趋势', 'qū shì', 'trend; tendency', 'word', 4, null, null),
  ('v-h4-juan-2', 'course-mandarin-1', '圈', 'juān', 'to confine', 'word', 4, null, null),
  ('v-h4-quan-li', 'course-mandarin-1', '权利', 'quán lì', 'right (i.e. an entitlement to sth)', 'word', 4, null, null),
  ('v-h4-que', 'course-mandarin-1', '却', 'què', 'old variant of 却', 'word', 4, null, null),
  ('v-h4-que-ren', 'course-mandarin-1', '确认', 'què rèn', 'to confirm', 'word', 4, null, null),
  ('v-h4-ran-liao', 'course-mandarin-1', '燃料', 'rán liào', 'fuel', 'word', 4, null, null),
  ('v-h4-ran-shao', 'course-mandarin-1', '燃烧', 'rán shāo', 'to ignite', 'word', 4, null, null),
  ('v-h4-re-nao', 'course-mandarin-1', '热闹', 'rè nao', 'bustling with noise and excitement', 'word', 4, null, null),
  ('v-h4-re-xin', 'course-mandarin-1', '热心', 'rè xīn', 'enthusiastic; ardent; zealous', 'word', 4, null, null),
  ('v-h4-ren-jia', 'course-mandarin-1', '人家', 'rén jiā', 'household', 'word', 4, null, null),
  ('v-h4-ri-ji', 'course-mandarin-1', '日记', 'rì jì', 'diary', 'word', 4, null, null),
  ('v-h4-ri-li', 'course-mandarin-1', '日历', 'rì lì', 'calendar', 'word', 4, null, null),
  ('v-h4-ru-jin', 'course-mandarin-1', '如今', 'rú jīn', 'nowadays', 'word', 4, null, null),
  ('v-h4-ruo', 'course-mandarin-1', '弱', 'ruò', 'weak; feeble', 'word', 4, null, null),
  ('v-h4-san', 'course-mandarin-1', '伞', 'sǎn', 'umbrella', 'word', 4, null, null),
  ('v-h4-san-2', 'course-mandarin-1', '散', 'sàn', 'variant of 散', 'word', 4, null, null),
  ('v-h4-sao', 'course-mandarin-1', '扫', 'sǎo', 'to sweep', 'word', 4, null, null),
  ('v-h4-se', 'course-mandarin-1', '色', 'sè', 'color', 'word', 4, null, null),
  ('v-h4-se-cai', 'course-mandarin-1', '色彩', 'sè cǎi', 'tint; coloring; coloration', 'word', 4, null, null),
  ('v-h4-shai', 'course-mandarin-1', '晒', 'shài', 'variant of 晒', 'word', 4, null, null),
  ('v-h4-shan-2', 'course-mandarin-1', '闪', 'Shǎn', 'surname Shan', 'word', 4, null, null),
  ('v-h4-shan-dian', 'course-mandarin-1', '闪电', 'shǎn diàn', 'lightning', 'word', 4, null, null),
  ('v-h4-shan-liang', 'course-mandarin-1', '善良', 'shàn liáng', 'good and honest', 'word', 4, null, null),
  ('v-h4-shan-yu', 'course-mandarin-1', '善于', 'shàn yú', 'to be good at; to be adept at', 'word', 4, null, null),
  ('v-h4-shang-wu', 'course-mandarin-1', '商务', 'shāng wù', 'commercial affairs', 'word', 4, null, null),
  ('v-h4-shang', 'course-mandarin-1', '赏', 'shǎng', 'to bestow (a reward)', 'word', 4, null, null),
  ('v-h4-shang-ge-yue', 'course-mandarin-1', '上个月', 'shàng gè yuè', 'last month', 'word', 4, null, null),
  ('v-h4-shang-lou', 'course-mandarin-1', '上楼', 'shàng lóu', 'to go upstairs', 'word', 4, null, null),
  ('v-h4-shang-men', 'course-mandarin-1', '上门', 'shàng mén', 'to drop in', 'word', 4, null, null),
  ('v-h4-shao', 'course-mandarin-1', '烧', 'shāo', 'to burn', 'word', 4, null, null),
  ('v-h4-she-shi', 'course-mandarin-1', '设施', 'shè shī', 'facilities', 'word', 4, null, null),
  ('v-h4-shen-cai', 'course-mandarin-1', '身材', 'shēn cái', 'stature', 'word', 4, null, null),
  ('v-h4-shen-fen', 'course-mandarin-1', '身份', 'shēn fèn', 'identity', 'word', 4, null, null),
  ('v-h4-shen-gao', 'course-mandarin-1', '身高', 'shēn gāo', '(a person''s) height', 'word', 4, null, null),
  ('v-h4-shen-hou', 'course-mandarin-1', '深厚', 'shēn hòu', 'deep; profound', 'word', 4, null, null),
  ('v-h4-shen-hua', 'course-mandarin-1', '神话', 'shén huà', 'legend', 'word', 4, null, null),
  ('v-h4-shen-mi', 'course-mandarin-1', '神秘', 'shén mì', 'mysterious', 'word', 4, null, null),
  ('v-h4-shen-zhi', 'course-mandarin-1', '甚至', 'shèn zhì', 'even; so much so that', 'word', 4, null, null),
  ('v-h4-shi-bai', 'course-mandarin-1', '失败', 'shī bài', 'to be defeated', 'word', 4, null, null),
  ('v-h4-shi-ye', 'course-mandarin-1', '失业', 'shī yè', 'unemployment', 'word', 4, null, null),
  ('v-h4-shi', 'course-mandarin-1', '诗', 'Shī', 'abbr. for Shijing 诗经, the Book of Songs', 'word', 4, null, null),
  ('v-h4-shi-ren', 'course-mandarin-1', '诗人', 'shī rén', 'bard', 'word', 4, null, null),
  ('v-h4-shi-2', 'course-mandarin-1', '湿', 'shī', 'variant of 湿', 'word', 4, null, null),
  ('v-h4-shi-shi', 'course-mandarin-1', '实施', 'shí shī', 'to implement', 'word', 4, null, null),
  ('v-h4-shi-yong', 'course-mandarin-1', '实用', 'shí yòng', 'practical', 'word', 4, null, null),
  ('v-h4-shi-tang', 'course-mandarin-1', '食堂', 'shí táng', 'dining hall; cafeteria', 'word', 4, null, null),
  ('v-h4-shi-jin', 'course-mandarin-1', '使劲', 'shǐ jìn', 'to exert all one''s strength', 'word', 4, null, null),
  ('v-h4-shi-bing', 'course-mandarin-1', '士兵', 'shì bīng', 'soldier', 'word', 4, null, null),
  ('v-h4-shi-qu', 'course-mandarin-1', '市区', 'shì qū', 'urban district', 'word', 4, null, null),
  ('v-h4-shi-wu', 'course-mandarin-1', '事物', 'shì wù', 'thing; object', 'word', 4, null, null),
  ('v-h4-shi-xian', 'course-mandarin-1', '事先', 'shì xiān', 'in advance', 'word', 4, null, null),
  ('v-h4-shi-juan', 'course-mandarin-1', '试卷', 'shì juàn', 'examination paper', 'word', 4, null, null),
  ('v-h4-shi-fou', 'course-mandarin-1', '是否', 'shì fǒu', 'whether (or not)', 'word', 4, null, null),
  ('v-h4-shou-hui', 'course-mandarin-1', '收回', 'shōu huí', 'to regain', 'word', 4, null, null),
  ('v-h4-shou-huo', 'course-mandarin-1', '收获', 'shōu huò', 'variant of 收获', 'word', 4, null, null),
  ('v-h4-shou-yi', 'course-mandarin-1', '收益', 'shōu yì', 'earnings', 'word', 4, null, null),
  ('v-h4-shou-gong', 'course-mandarin-1', '手工', 'shǒu gōng', 'handwork', 'word', 4, null, null),
  ('v-h4-shou-li', 'course-mandarin-1', '手里', 'shǒu lǐ', 'in hand', 'word', 4, null, null),
  ('v-h4-shou-shu', 'course-mandarin-1', '手术', 'shǒu shù', '(surgical) operation', 'word', 4, null, null),
  ('v-h4-shou-tao', 'course-mandarin-1', '手套', 'shǒu tào', 'glove', 'word', 4, null, null),
  ('v-h4-shou', 'course-mandarin-1', '守', 'shǒu', 'to guard', 'word', 4, null, null),
  ('v-h4-shou-2', 'course-mandarin-1', '首', 'shǒu', 'head', 'word', 4, null, null),
  ('v-h4-shou-bu-liao', 'course-mandarin-1', '受不了', 'shòu bù liǎo', 'unbearable', 'word', 4, null, null),
  ('v-h4-shou-huo-yuan', 'course-mandarin-1', '售货员', 'shòu huò yuán', 'salesperson', 'word', 4, null, null),
  ('v-h4-shu-shu', 'course-mandarin-1', '叔叔', 'shū shu', 'father''s younger brother', 'word', 4, null, null),
  ('v-h4-shu-shi', 'course-mandarin-1', '舒适', 'shū shì', 'cozy', 'word', 4, null, null),
  ('v-h4-shu-lian', 'course-mandarin-1', '熟练', 'shú liàn', 'practiced', 'word', 4, null, null),
  ('v-h4-shu-jia', 'course-mandarin-1', '暑假', 'shǔ jià', 'summer vacation', 'word', 4, null, null),
  ('v-h4-shu-lin', 'course-mandarin-1', '树林', 'Shù lín', 'Shulin city in New Taipei City 市, Taiwan', 'word', 4, null, null),
  ('v-h4-shu-ye', 'course-mandarin-1', '树叶', 'shù yè', 'tree leaves', 'word', 4, null, null),
  ('v-h4-shu-ma', 'course-mandarin-1', '数码', 'shù mǎ', 'number', 'word', 4, null, null),
  ('v-h4-shua', 'course-mandarin-1', '刷', 'shuā', 'to brush', 'word', 4, null, null),
  ('v-h4-shua-ya', 'course-mandarin-1', '刷牙', 'shuā yá', 'to brush one''s teeth', 'word', 4, null, null),
  ('v-h4-shua-zi', 'course-mandarin-1', '刷子', 'shuā zi', 'brush', 'word', 4, null, null),
  ('v-h4-shuai', 'course-mandarin-1', '帅', 'Shuài', 'surname Shuai', 'noun', 4, null, null),
  ('v-h4-shuai-ge', 'course-mandarin-1', '帅哥', 'shuài gē', 'handsome guy', 'noun', 4, null, null),
  ('v-h4-shun-xu', 'course-mandarin-1', '顺序', 'shùn xù', 'sequence', 'word', 4, null, null),
  ('v-h4-shuo-bu-ding', 'course-mandarin-1', '说不定', 'shuō bu dìng', 'can''t say for sure', 'word', 4, null, null),
  ('v-h4-si-kao', 'course-mandarin-1', '思考', 'sī kǎo', 'to reflect on', 'word', 4, null, null),
  ('v-h4-song', 'course-mandarin-1', '松', 'Sōng', 'surname Song', 'word', 4, null, null),
  ('v-h4-song-shu', 'course-mandarin-1', '松树', 'sōng shù', 'pine', 'word', 4, null, null),
  ('v-h4-su-liao', 'course-mandarin-1', '塑料', 'sù liào', 'plastics', 'word', 4, null, null),
  ('v-h4-su-liao-dai', 'course-mandarin-1', '塑料袋', 'sù liào dài', 'plastic bag', 'word', 4, null, null),
  ('v-h4-suan', 'course-mandarin-1', '酸', 'suān', 'sour', 'word', 4, null, null),
  ('v-h4-suan-nai', 'course-mandarin-1', '酸奶', 'suān nǎi', 'yogurt', 'word', 4, null, null),
  ('v-h4-sun-nu', 'course-mandarin-1', '孙女', 'sūn nǚ', 'son''s daughter', 'word', 4, null, null),
  ('v-h4-suo-duan', 'course-mandarin-1', '缩短', 'suō duǎn', 'to curtail', 'word', 4, null, null),
  ('v-h4-suo-xiao', 'course-mandarin-1', '缩小', 'suō xiǎo', 'to reduce', 'word', 4, null, null),
  ('v-h4-tai-jie', 'course-mandarin-1', '台阶', 'tái jiē', 'steps', 'word', 4, null, null),
  ('v-h4-tai-shang', 'course-mandarin-1', '台上', 'tái shàng', 'on stage', 'word', 4, null, null),
  ('v-h4-tang', 'course-mandarin-1', '躺', 'tǎng', 'to recline', 'word', 4, null, null),
  ('v-h4-tao-can', 'course-mandarin-1', '套餐', 'tào cān', 'set meal', 'word', 4, null, null),
  ('v-h4-te-jia', 'course-mandarin-1', '特价', 'tè jià', 'special price', 'word', 4, null, null),
  ('v-h4-te-shu', 'course-mandarin-1', '特殊', 'tè shū', 'special', 'word', 4, null, null),
  ('v-h4-te-zheng', 'course-mandarin-1', '特征', 'tè zhēng', 'characteristic', 'word', 4, null, null),
  ('v-h4-ti-gong', 'course-mandarin-1', '提供', 'tí gōng', 'to offer', 'word', 4, null, null),
  ('v-h4-ti-xing', 'course-mandarin-1', '提醒', 'tí xǐng', 'to remind', 'word', 4, null, null),
  ('v-h4-ti-cao', 'course-mandarin-1', '体操', 'tǐ cāo', 'gymnastic', 'word', 4, null, null),
  ('v-h4-ti-jian', 'course-mandarin-1', '体检', 'tǐ jiǎn', 'abbr. for 体格检查', 'word', 4, null, null),
  ('v-h4-ti-zhong', 'course-mandarin-1', '体重', 'tǐ zhòng', 'body weight', 'word', 4, null, null),
  ('v-h4-ti', 'course-mandarin-1', '替', 'tì', 'to substitute for', 'word', 4, null, null),
  ('v-h4-ti-dai', 'course-mandarin-1', '替代', 'tì dài', 'to substitute for', 'word', 4, null, null),
  ('v-h4-tian-zhen', 'course-mandarin-1', '天真', 'tiān zhēn', 'naive', 'word', 4, null, null),
  ('v-h4-tian', 'course-mandarin-1', '填', 'tián', 'to fill or stuff', 'word', 4, null, null),
  ('v-h4-tian-kong', 'course-mandarin-1', '填空', 'tián kòng', 'to fill a job vacancy', 'word', 4, null, null),
  ('v-h4-tiao', 'course-mandarin-1', '挑', 'tiāo', 'to carry on a shoulder pole', 'word', 4, null, null),
  ('v-h4-tiao-xuan', 'course-mandarin-1', '挑选', 'tiāo xuǎn', 'to choose', 'word', 4, null, null),
  ('v-h4-tie', 'course-mandarin-1', '贴', 'tiē', 'to stick', 'word', 4, null, null),
  ('v-h4-ting-xia', 'course-mandarin-1', '停下', 'tíng xià', 'to stop', 'word', 4, null, null),
  ('v-h4-tong-zhi-shu', 'course-mandarin-1', '通知书', 'tōng zhī shū', 'written notice', 'word', 4, null, null),
  ('v-h4-tong-qing', 'course-mandarin-1', '同情', 'tóng qíng', 'to sympathize with', 'word', 4, null, null),
  ('v-h4-tong-hua', 'course-mandarin-1', '童话', 'tóng huà', 'children''s fairy tales', 'word', 4, null, null),
  ('v-h4-tong-nian', 'course-mandarin-1', '童年', 'tóng nián', 'childhood', 'word', 4, null, null),
  ('v-h4-tong-ji', 'course-mandarin-1', '统计', 'tǒng jì', 'statistics', 'word', 4, null, null),
  ('v-h4-tong-kuai', 'course-mandarin-1', '痛快', 'tòng kuài', 'delighted', 'word', 4, null, null),
  ('v-h4-tou', 'course-mandarin-1', '投', 'tóu', 'to cast', 'word', 4, null, null),
  ('v-h4-tou-ru', 'course-mandarin-1', '投入', 'tóu rù', 'to throw into', 'word', 4, null, null),
  ('v-h4-tou-su', 'course-mandarin-1', '投诉', 'tóu sù', 'complaint', 'word', 4, null, null),
  ('v-h4-tou-zi', 'course-mandarin-1', '投资', 'tóu zī', 'investment', 'verb', 4, null, null),
  ('v-h4-tou-2', 'course-mandarin-1', '透', 'tòu', '(bound form) to penetrate; to seep through', 'word', 4, null, null),
  ('v-h4-tou-ming', 'course-mandarin-1', '透明', 'tòu míng', 'transparent', 'word', 4, null, null),
  ('v-h4-tu-an', 'course-mandarin-1', '图案', 'tú àn', 'design; pattern', 'word', 4, null, null),
  ('v-h4-tu-zhong', 'course-mandarin-1', '途中', 'tú zhōng', 'en route', 'word', 4, null, null),
  ('v-h4-tu-di', 'course-mandarin-1', '土地', 'tǔ dì', 'land', 'word', 4, null, null),
  ('v-h4-tui-chi', 'course-mandarin-1', '推迟', 'tuī chí', 'to postpone', 'word', 4, null, null),
  ('v-h4-tui-xiao', 'course-mandarin-1', '推销', 'tuī xiāo', 'to market', 'word', 4, null, null),
  ('v-h4-tuo', 'course-mandarin-1', '脱', 'tuō', 'to shed', 'word', 4, null, null),
  ('v-h4-wa-zi', 'course-mandarin-1', '袜子', 'wà zi', 'socks', 'word', 4, null, null),
  ('v-h4-wai-hui', 'course-mandarin-1', '外汇', 'wài huì', 'foreign (currency) exchange', 'word', 4, null, null),
  ('v-h4-wai-jiao-guan', 'course-mandarin-1', '外交官', 'wài jiāo guān', 'diplomat', 'word', 4, null, null),
  ('v-h4-wai-tao', 'course-mandarin-1', '外套', 'wài tào', 'coat', 'word', 4, null, null),
  ('v-h4-wan', 'course-mandarin-1', '弯', 'wān', 'to bend', 'word', 4, null, null),
  ('v-h4-wan-yi', 'course-mandarin-1', '万一', 'wàn yī', 'just in case', 'word', 4, null, null),
  ('v-h4-wang', 'course-mandarin-1', '王', 'Wáng', 'surname Wang', 'word', 4, null, null),
  ('v-h4-wang-zhi', 'course-mandarin-1', '网址', 'wǎng zhǐ', 'website', 'word', 4, null, null),
  ('v-h4-wei-xiao', 'course-mandarin-1', '微笑', 'wēi xiào', 'smile', 'word', 4, null, null),
  ('v-h4-wei-jin', 'course-mandarin-1', '围巾', 'wéi jīn', 'scarf', 'word', 4, null, null),
  ('v-h4-wei-hu', 'course-mandarin-1', '维护', 'wéi hù', 'to defend', 'word', 4, null, null),
  ('v-h4-wei-ba', 'course-mandarin-1', '尾巴', 'wěi ba', 'tail', 'word', 4, null, null),
  ('v-h4-wei-bi', 'course-mandarin-1', '未必', 'wèi bì', 'not necessarily', 'word', 4, null, null),
  ('v-h4-wei-lai', 'course-mandarin-1', '未来', 'wèi lái', 'future', 'word', 4, null, null),
  ('v-h4-wei-yu', 'course-mandarin-1', '位于', 'wèi yú', 'to be located at', 'word', 4, null, null),
  ('v-h4-wei-zhi', 'course-mandarin-1', '位置', 'wèi zhi', 'position', 'word', 4, null, null),
  ('v-h4-wei-r', 'course-mandarin-1', '味儿', 'wèi r', 'taste', 'word', 4, null, null),
  ('v-h4-wen', 'course-mandarin-1', '稳', 'wěn', 'settled', 'word', 4, null, null),
  ('v-h4-wen-ding', 'course-mandarin-1', '稳定', 'wěn dìng', 'steady', 'word', 4, null, null),
  ('v-h4-wu', 'course-mandarin-1', '无', 'wú', 'not to have', 'word', 4, null, null),
  ('v-h4-wu-fa', 'course-mandarin-1', '无法', 'wú fǎ', 'unable', 'word', 4, null, null),
  ('v-h4-wu-liao', 'course-mandarin-1', '无聊', 'wú liáo', 'bored', 'word', 4, null, null),
  ('v-h4-wu-lun', 'course-mandarin-1', '无论', 'wú lùn', 'no matter what or how', 'word', 4, null, null),
  ('v-h4-wu-shu', 'course-mandarin-1', '无数', 'wú shù', 'countless', 'word', 4, null, null),
  ('v-h4-wu-suo-wei', 'course-mandarin-1', '无所谓', 'wú suǒ wèi', 'to be indifferent', 'word', 4, null, null),
  ('v-h4-wu-xian', 'course-mandarin-1', '无限', 'wú xiàn', 'unlimited', 'word', 4, null, null),
  ('v-h4-wu-yan-liu-se', 'course-mandarin-1', '五颜六色', 'wǔ yán liù sè', 'multicolored', 'word', 4, null, null),
  ('v-h4-wu-hui', 'course-mandarin-1', '误会', 'wù huì', 'to misunderstand', 'word', 4, null, null),
  ('v-h4-xi', 'course-mandarin-1', '吸', 'xī', 'to breathe', 'word', 4, null, null),
  ('v-h4-xi-guan', 'course-mandarin-1', '吸管', 'xī guǎn', '(drinking) straw', 'word', 4, null, null),
  ('v-h4-xi-shou', 'course-mandarin-1', '吸收', 'xī shōu', 'to absorb', 'word', 4, null, null),
  ('v-h4-xi-yan', 'course-mandarin-1', '吸烟', 'xī yān', 'to smoke', 'word', 4, null, null),
  ('v-h4-xi-gua', 'course-mandarin-1', '西瓜', 'xī guā', 'watermelon', 'word', 4, null, null),
  ('v-h4-xi-ai', 'course-mandarin-1', '喜爱', 'xǐ ài', 'to like', 'word', 4, null, null),
  ('v-h4-xi-lie', 'course-mandarin-1', '系列', 'xì liè', 'series', 'word', 4, null, null),
  ('v-h4-xi-tong', 'course-mandarin-1', '系统', 'xì tǒng', 'system', 'word', 4, null, null),
  ('v-h4-xi-2', 'course-mandarin-1', '细', 'xì', 'thin or slender', 'word', 4, null, null),
  ('v-h4-xi-zhi', 'course-mandarin-1', '细致', 'xì zhì', 'delicate', 'word', 4, null, null),
  ('v-h4-xia-jiang', 'course-mandarin-1', '下降', 'xià jiàng', 'to decline', 'word', 4, null, null),
  ('v-h4-xia-lou', 'course-mandarin-1', '下楼', 'xià lóu', 'to go downstairs', 'noun', 4, null, null),
  ('v-h4-xia-ji', 'course-mandarin-1', '夏季', 'xià jì', 'summer', 'word', 4, null, null),
  ('v-h4-xian', 'course-mandarin-1', '鲜', 'xiǎn', 'variant of 鲜', 'word', 4, null, null),
  ('v-h4-xian-hua', 'course-mandarin-1', '鲜花', 'xiān huā', 'flower', 'word', 4, null, null),
  ('v-h4-xian-ming', 'course-mandarin-1', '鲜明', 'xiān míng', 'bright', 'word', 4, null, null),
  ('v-h4-xian-2', 'course-mandarin-1', '咸', 'Xián', 'surname Xian', 'word', 4, null, null),
  ('v-h4-xian-zhu', 'course-mandarin-1', '显著', 'xiǎn zhù', 'outstanding', 'noun', 4, null, null),
  ('v-h4-xian-3', 'course-mandarin-1', '县', 'xiàn', 'county', 'word', 4, null, null),
  ('v-h4-xian-zhi', 'course-mandarin-1', '限制', 'xiàn zhì', 'to restrict', 'word', 4, null, null),
  ('v-h4-xiang-chu', 'course-mandarin-1', '相处', 'xiāng chǔ', 'to be in contact (with sb)', 'word', 4, null, null),
  ('v-h4-xiang-fan', 'course-mandarin-1', '相反', 'xiāng fǎn', 'opposite', 'word', 4, null, null),
  ('v-h4-xiang-pian', 'course-mandarin-1', '相片', 'xiàng piàn', 'image', 'word', 4, null, null),
  ('v-h4-xiang', 'course-mandarin-1', '箱', 'xiāng', 'box', 'word', 4, null, null),
  ('v-h4-xiang-zi', 'course-mandarin-1', '箱子', 'xiāng zi', 'suitcase', 'word', 4, null, null),
  ('v-h4-xiang-nian', 'course-mandarin-1', '想念', 'xiǎng niàn', 'to miss', 'word', 4, null, null),
  ('v-h4-xiang-xiang', 'course-mandarin-1', '想象', 'xiǎng xiàng', 'to imagine; to envision', 'word', 4, null, null),
  ('v-h4-xiang-2', 'course-mandarin-1', '项', 'Xiàng', 'surname Xiang', 'word', 4, null, null),
  ('v-h4-xiang-mu', 'course-mandarin-1', '项目', 'xiàng mù', 'item', 'word', 4, null, null),
  ('v-h4-xiao-hua', 'course-mandarin-1', '消化', 'xiāo huà', 'to digest (food)', 'word', 4, null, null),
  ('v-h4-xiao-shou', 'course-mandarin-1', '销售', 'xiāo shòu', 'to sell', 'verb', 4, null, null),
  ('v-h4-xiao-chi', 'course-mandarin-1', '小吃', 'xiǎo chī', 'snack', 'word', 4, null, null),
  ('v-h4-xiao-huo-zi', 'course-mandarin-1', '小伙子', 'xiǎo huǒ zi', 'young man', 'word', 4, null, null),
  ('v-h4-xiao-xing', 'course-mandarin-1', '小型', 'xiǎo xíng', 'small scale', 'word', 4, null, null),
  ('v-h4-xin-li', 'course-mandarin-1', '心理', 'xīn lǐ', 'psychology', 'word', 4, null, null),
  ('v-h4-xin-lang', 'course-mandarin-1', '新郎', 'xīn láng', 'bridegroom', 'word', 4, null, null),
  ('v-h4-xin-niang', 'course-mandarin-1', '新娘', 'xīn niáng', 'bride', 'word', 4, null, null),
  ('v-h4-xin-xing', 'course-mandarin-1', '新型', 'xīn xíng', 'new type; new kind', 'word', 4, null, null),
  ('v-h4-hang-ye', 'course-mandarin-1', '行业', 'háng yè', 'trade; profession; industry; business', 'word', 4, null, null),
  ('v-h4-xing-rong', 'course-mandarin-1', '形容', 'xíng róng', 'to describe', 'word', 4, null, null),
  ('v-h4-xing-shi', 'course-mandarin-1', '形势', 'xíng shì', 'circumstances', 'word', 4, null, null),
  ('v-h4-xing', 'course-mandarin-1', '型', 'xíng', 'mold', 'word', 4, null, null),
  ('v-h4-xing-hao', 'course-mandarin-1', '型号', 'xíng hào', 'model (particular version of a manufactured article)', 'word', 4, null, null),
  ('v-h4-xing-2', 'course-mandarin-1', '醒', 'xǐng', 'to wake up', 'word', 4, null, null),
  ('v-h4-xing-fen', 'course-mandarin-1', '兴奋', 'xīng fèn', 'excited', 'word', 4, null, null),
  ('v-h4-xing-qu', 'course-mandarin-1', '兴趣', 'xìng qù', 'interest (desire to know about sth)', 'word', 4, null, null),
  ('v-h4-xing-zhi', 'course-mandarin-1', '性质', 'xìng zhì', 'nature', 'word', 4, null, null),
  ('v-h4-xiong-di', 'course-mandarin-1', '兄弟', 'xiōng dì', 'brothers', 'word', 4, null, null),
  ('v-h4-xiong-bu', 'course-mandarin-1', '胸部', 'xiōng bù', 'chest', 'word', 4, null, null),
  ('v-h4-xiu-li', 'course-mandarin-1', '修理', 'xiū lǐ', 'to repair', 'word', 4, null, null),
  ('v-h4-xuan-ze', 'course-mandarin-1', '选择', 'xuǎn zé', 'to select', 'word', 4, null, null),
  ('v-h4-xue-fen', 'course-mandarin-1', '学分', 'xué fēn', 'course credit', 'word', 4, null, null),
  ('v-h4-xue-nian', 'course-mandarin-1', '学年', 'xué nián', 'academic year', 'word', 4, null, null),
  ('v-h4-xue-shi', 'course-mandarin-1', '学时', 'xué shí', 'class hour', 'word', 4, null, null),
  ('v-h4-xue-shu', 'course-mandarin-1', '学术', 'xué shù', 'learning', 'word', 4, null, null),
  ('v-h4-xue-wen', 'course-mandarin-1', '学问', 'xué wèn', 'learning', 'word', 4, null, null),
  ('v-h4-xun-zhao', 'course-mandarin-1', '寻找', 'xún zhǎo', 'to seek; to look for', 'word', 4, null, null),
  ('v-h4-xun-su', 'course-mandarin-1', '迅速', 'xùn sù', 'rapid', 'word', 4, null, null),
  ('v-h4-ya', 'course-mandarin-1', '牙', 'yá', 'tooth', 'word', 4, null, null),
  ('v-h4-ya-shua', 'course-mandarin-1', '牙刷', 'yá shuā', 'toothbrush', 'word', 4, null, null),
  ('v-h4-ya-yun-hui', 'course-mandarin-1', '亚运会', 'Yà yùn huì', 'Asian Games', 'word', 4, null, null),
  ('v-h4-ya-2', 'course-mandarin-1', '呀', 'ya', '(particle equivalent to 啊 after a vowel, expressing surprise or doubt)', 'word', 4, null, null),
  ('v-h4-yan-qi', 'course-mandarin-1', '延期', 'yán qī', 'to delay', 'word', 4, null, null),
  ('v-h4-yan-xu', 'course-mandarin-1', '延续', 'yán xù', 'to continue', 'word', 4, null, null),
  ('v-h4-yan-chang', 'course-mandarin-1', '延长', 'Yán cháng', 'Yanchang county in Yan''an 安, Shaanxi', 'word', 4, null, null),
  ('v-h4-yan', 'course-mandarin-1', '严', 'Yán', 'surname Yan', 'word', 4, null, null),
  ('v-h4-yan-ge', 'course-mandarin-1', '严格', 'yán gé', 'strict', 'word', 4, null, null),
  ('v-h4-yan-zhong', 'course-mandarin-1', '严重', 'yán zhòng', 'grave', 'word', 4, null, null),
  ('v-h4-yan-jiu', 'course-mandarin-1', '研究', 'yán jiū', 'research', 'verb', 4, null, null),
  ('v-h4-yan-jiu-sheng', 'course-mandarin-1', '研究生', 'yán jiū shēng', 'graduate student', 'word', 4, null, null),
  ('v-h4-yan-2', 'course-mandarin-1', '盐', 'yán', 'salt', 'word', 4, null, null),
  ('v-h4-yan-jing', 'course-mandarin-1', '眼镜', 'yǎn jìng', 'spectacles', 'word', 4, null, null),
  ('v-h4-yan-lei', 'course-mandarin-1', '眼泪', 'yǎn lèi', 'tears', 'word', 4, null, null),
  ('v-h4-yanli', 'course-mandarin-1', '眼里', 'yǎnli', 'In the eyes', 'word', 4, null, null),
  ('v-h4-yan-jiang', 'course-mandarin-1', '演讲', 'yǎn jiǎng', 'lecture', 'verb', 4, null, null),
  ('v-h4-yang-tai', 'course-mandarin-1', '阳台', 'yáng tái', 'variant of 阳台', 'word', 4, null, null),
  ('v-h4-yang-cheng', 'course-mandarin-1', '养成', 'yǎng chéng', 'to cultivate', 'word', 4, null, null),
  ('v-h4-yao', 'course-mandarin-1', '腰', 'yāo', 'waist', 'word', 4, null, null),
  ('v-h4-yao-2', 'course-mandarin-1', '摇', 'Yáo', 'surname Yao', 'word', 4, null, null),
  ('v-h4-yao-wu', 'course-mandarin-1', '药物', 'yào wù', 'medicaments', 'word', 4, null, null),
  ('v-h4-ye-yu', 'course-mandarin-1', '业余', 'yè yú', 'in one''s spare time', 'word', 4, null, null),
  ('v-h4-ye-zi', 'course-mandarin-1', '叶子', 'yè zi', 'leaf', 'word', 4, null, null),
  ('v-h4-yi-ban-lai-shuo', 'course-mandarin-1', '一般来说', 'yī bān lái shuō', 'generally speaking', 'word', 4, null, null),
  ('v-h4-yi-lu', 'course-mandarin-1', '一律', 'yī lǜ', 'same', 'word', 4, null, null),
  ('v-h4-yi-zai', 'course-mandarin-1', '一再', 'yī zài', 'repeatedly', 'word', 4, null, null),
  ('v-h4-yi-zhi', 'course-mandarin-1', '一致', 'yī zhì', 'unanimous', 'word', 4, null, null),
  ('v-h4-yi-liao', 'course-mandarin-1', '医疗', 'yī liáo', 'medical treatment', 'word', 4, null, null),
  ('v-h4-yi-xue', 'course-mandarin-1', '医学', 'yī xué', 'medicine', 'word', 4, null, null),
  ('v-h4-yi-kao', 'course-mandarin-1', '依靠', 'yī kào', 'to rely on sth (for support etc)', 'word', 4, null, null),
  ('v-h4-yi-ran', 'course-mandarin-1', '依然', 'yī rán', 'still', 'word', 4, null, null),
  ('v-h4-yi', 'course-mandarin-1', '移', 'yí', 'to move', 'word', 4, null, null),
  ('v-h4-yi-dong', 'course-mandarin-1', '移动', 'yí dòng', 'to move', 'verb', 4, null, null),
  ('v-h4-yi-min', 'course-mandarin-1', '移民', 'yí mín', 'to immigrate', 'word', 4, null, null),
  ('v-h4-yi-chan', 'course-mandarin-1', '遗产', 'yí chǎn', 'heritage', 'word', 4, null, null),
  ('v-h4-yi-chuan', 'course-mandarin-1', '遗传', 'yí chuán', 'heredity', 'verb', 4, null, null),
  ('v-h4-yi-wen', 'course-mandarin-1', '疑问', 'yí wèn', 'question', 'word', 4, null, null),
  ('v-h4-yi-ji', 'course-mandarin-1', '以及', 'yǐ jí', 'as well as', 'word', 4, null, null),
  ('v-h4-yi-nei', 'course-mandarin-1', '以内', 'yǐ nèi', 'within', 'word', 4, null, null),
  ('v-h4-yi-wu', 'course-mandarin-1', '义务', 'yì wù', 'duty', 'word', 4, null, null),
  ('v-h4-yin', 'course-mandarin-1', '引', 'yǐn', 'to draw (e.g. a bow)', 'word', 4, null, null),
  ('v-h4-yin-dao', 'course-mandarin-1', '引导', 'yǐn dǎo', 'to guide', 'word', 4, null, null),
  ('v-h4-yin-jin', 'course-mandarin-1', '引进', 'yǐn jìn', 'to recommend', 'word', 4, null, null),
  ('v-h4-ying', 'course-mandarin-1', '应', 'Yīng', 'surname Ying', 'word', 4, null, null),
  ('v-h4-ying-yong', 'course-mandarin-1', '英勇', 'yīng yǒng', 'heroic', 'word', 4, null, null),
  ('v-h4-ying-ye', 'course-mandarin-1', '营业', 'yíng yè', 'to do business', 'verb', 4, null, null),
  ('v-h4-ying-de', 'course-mandarin-1', '赢得', 'yíng dé', 'to win', 'word', 4, null, null),
  ('v-h4-ying-zi', 'course-mandarin-1', '影子', 'yǐng zi', 'shadow', 'word', 4, null, null),
  ('v-h4-yong-gan', 'course-mandarin-1', '勇敢', 'yǒng gǎn', 'brave; courageous', 'word', 4, null, null),
  ('v-h4-yong-qi', 'course-mandarin-1', '勇气', 'yǒng qì', 'courage', 'word', 4, null, null),
  ('v-h4-you-liang', 'course-mandarin-1', '优良', 'yōu liáng', 'fine', 'word', 4, null, null),
  ('v-h4-you-mei', 'course-mandarin-1', '优美', 'yōu měi', 'graceful', 'word', 4, null, null),
  ('v-h4-you-xiu', 'course-mandarin-1', '优秀', 'yōu xiù', 'outstanding; excellent', 'word', 4, null, null),
  ('v-h4-youjinr5', 'course-mandarin-1', '有劲儿', 'yǒujìnr5', 'Strength', 'noun', 4, null, null),
  ('v-h4-you-qu', 'course-mandarin-1', '有趣', 'yǒu qù', 'interesting', 'word', 4, null, null),
  ('v-h4-you-xian', 'course-mandarin-1', '有限', 'yǒu xiàn', 'limited', 'word', 4, null, null),
  ('v-h4-you-er-yuan', 'course-mandarin-1', '幼儿园', 'yòu ér yuán', 'kindergarten', 'word', 4, null, null),
  ('v-h4-yu-fa', 'course-mandarin-1', '语法', 'yǔ fǎ', 'grammar', 'word', 4, null, null),
  ('v-h4-yu-yin', 'course-mandarin-1', '语音', 'yǔ yīn', 'speech sounds', 'word', 4, null, null),
  ('v-h4-yu', 'course-mandarin-1', '玉', 'yù', 'jade', 'word', 4, null, null),
  ('v-h4-yu-mi', 'course-mandarin-1', '玉米', 'yù mǐ', 'corn', 'word', 4, null, null),
  ('v-h4-yu-ce', 'course-mandarin-1', '预测', 'yù cè', 'to forecast', 'word', 4, null, null),
  ('v-h4-yu-ding', 'course-mandarin-1', '预订', 'yù dìng', 'to place an order', 'word', 4, null, null),
  ('v-h4-yu-2', 'course-mandarin-1', '遇', 'Yù', 'surname Yu', 'word', 4, null, null),
  ('v-h4-yu-dao', 'course-mandarin-1', '遇到', 'yù dào', 'to meet; to run into; to come across', 'word', 4, null, null),
  ('v-h4-yu-jian', 'course-mandarin-1', '遇见', 'yù jiàn', 'to meet', 'word', 4, null, null),
  ('v-h4-yuan-liao', 'course-mandarin-1', '原料', 'yuán liào', 'raw material', 'word', 4, null, null),
  ('v-h4-yuan-ze', 'course-mandarin-1', '原则', 'yuán zé', 'principle', 'word', 4, null, null),
  ('v-h4-yuan', 'course-mandarin-1', '圆', 'yuán', 'circle', 'word', 4, null, null),
  ('v-h4-yuan-man', 'course-mandarin-1', '圆满', 'yuán mǎn', 'satisfactory', 'word', 4, null, null),
  ('v-h4-yue-di', 'course-mandarin-1', '月底', 'yuè dǐ', 'end of the month', 'word', 4, null, null),
  ('v-h4-yue-du', 'course-mandarin-1', '阅读', 'yuè dú', 'to read', 'word', 4, null, null),
  ('v-h4-yun-dong-hui', 'course-mandarin-1', '运动会', 'yùn dòng huì', 'sports competition', 'word', 4, null, null),
  ('v-h4-yun-dong-yuan', 'course-mandarin-1', '运动员', 'yùn dòng yuán', 'athlete', 'word', 4, null, null),
  ('v-h4-yun-qi', 'course-mandarin-1', '运气', 'yùn qi', 'luck (good or bad)', 'word', 4, null, null),
  ('v-h4-yun-yong', 'course-mandarin-1', '运用', 'yùn yòng', 'to use', 'word', 4, null, null),
  ('v-h4-zai-san', 'course-mandarin-1', '再三', 'zài sān', 'over and over again', 'word', 4, null, null),
  ('v-h4-zai-hu', 'course-mandarin-1', '在乎', 'zài hu', 'to care about', 'word', 4, null, null),
  ('v-h4-zai-yu', 'course-mandarin-1', '在于', 'zài yú', 'to be in', 'word', 4, null, null),
  ('v-h4-zan-shang', 'course-mandarin-1', '赞赏', 'zàn shǎng', 'to admire', 'word', 4, null, null),
  ('v-h4-zan-zhu', 'course-mandarin-1', '赞助', 'zàn zhù', 'to support', 'word', 4, null, null),
  ('v-h4-zao-xing', 'course-mandarin-1', '造型', 'zào xíng', 'to model', 'word', 4, null, null),
  ('v-h4-zhan-dou', 'course-mandarin-1', '战斗', 'zhàn dòu', 'to fight', 'word', 4, null, null),
  ('v-h4-zhan-sheng', 'course-mandarin-1', '战胜', 'zhàn shèng', 'to prevail over', 'word', 4, null, null),
  ('v-h4-zhan-shi', 'course-mandarin-1', '战士', 'zhàn shì', 'fighter', 'word', 4, null, null),
  ('v-h4-zhan-zheng', 'course-mandarin-1', '战争', 'zhàn zhēng', 'war', 'word', 4, null, null),
  ('v-h4-chang-tu', 'course-mandarin-1', '长途', 'cháng tú', 'long distance', 'word', 4, null, null),
  ('v-h4-zhang-fu', 'course-mandarin-1', '丈夫', 'zhàng fu', 'husband', 'word', 4, null, null),
  ('v-h4-zhao-hu', 'course-mandarin-1', '招呼', 'zhāo hu', 'to call out to', 'word', 4, null, null),
  ('v-h4-she', 'course-mandarin-1', '折', 'shé', 'to snap', 'word', 4, null, null),
  ('v-h4-zhao-huo', 'course-mandarin-1', '着火', 'zháo huǒ', 'to catch fire', 'word', 4, null, null),
  ('v-h4-zhao-ji', 'course-mandarin-1', '着急', 'zháo jí', 'to worry; to feel anxious', 'word', 4, null, null),
  ('v-h4-zhen', 'course-mandarin-1', '针', 'zhēn', 'needle', 'word', 4, null, null),
  ('v-h4-zhen-dui', 'course-mandarin-1', '针对', 'zhēn duì', 'to target', 'word', 4, null, null),
  ('v-h4-zhen-2', 'course-mandarin-1', '阵', 'zhèn', 'disposition of troops', 'word', 4, null, null),
  ('v-h4-zheng-lun', 'course-mandarin-1', '争论', 'zhēng lùn', 'to argue', 'word', 4, null, null),
  ('v-h4-zheng-fu', 'course-mandarin-1', '征服', 'zhēng fú', 'to conquer', 'word', 4, null, null),
  ('v-h4-zheng-qiu', 'course-mandarin-1', '征求', 'zhēng qiú', 'to solicit', 'word', 4, null, null),
  ('v-h4-zheng-fu-2', 'course-mandarin-1', '政府', 'zhèng fǔ', 'government', 'word', 4, null, null),
  ('v-h4-zheng-zhi', 'course-mandarin-1', '政治', 'zhèng zhì', 'politics', 'word', 4, null, null),
  ('v-h4-zhi-hou', 'course-mandarin-1', '之后', 'zhī hòu', 'after; behind', 'word', 4, null, null),
  ('v-h4-zhi-jian', 'course-mandarin-1', '之间', 'zhī jiān', '(after a noun) between; among; amid', 'word', 4, null, null),
  ('v-h4-zhi-qian', 'course-mandarin-1', '之前', 'zhī qián', 'before', 'word', 4, null, null),
  ('v-h4-zhi-yi', 'course-mandarin-1', '之一', 'zhī yī', 'one of (sth)', 'word', 4, null, null),
  ('v-h4-zhi-wu', 'course-mandarin-1', '植物', 'zhí wù', 'plant', 'word', 4, null, null),
  ('v-h4-zhi-hui', 'course-mandarin-1', '指挥', 'zhǐ huī', 'to conduct', 'word', 4, null, null),
  ('v-h4-zhi-ding', 'course-mandarin-1', '制订', 'zhì dìng', 'to work out', 'word', 4, null, null),
  ('v-h4-zhi', 'course-mandarin-1', '治', 'zhì', 'to rule', 'word', 4, null, null),
  ('v-h4-zhi-liao', 'course-mandarin-1', '治疗', 'zhì liáo', 'to treat (an illness)', 'word', 4, null, null),
  ('v-h4-zhi-liang', 'course-mandarin-1', '质量', 'zhì liàng', 'quality', 'word', 4, null, null),
  ('v-h4-zhi-li', 'course-mandarin-1', '智力', 'zhì lì', 'intelligence', 'word', 4, null, null),
  ('v-h4-zhi-neng', 'course-mandarin-1', '智能', 'zhì néng', 'intelligent', 'word', 4, null, null),
  ('v-h4-zhong-jiang', 'course-mandarin-1', '中奖', 'zhòng jiǎng', 'to win a prize (in a lottery etc)', 'word', 4, null, null),
  ('v-h4-zhong-jie', 'course-mandarin-1', '中介', 'zhōng jiè', 'to act as intermediary', 'word', 4, null, null),
  ('v-h4-zhong-lei', 'course-mandarin-1', '种类', 'zhǒng lèi', 'kind', 'word', 4, null, null),
  ('v-h4-zhong-zhi', 'course-mandarin-1', '种植', 'zhòng zhí', 'to plant; to grow (a crop); to cultivate', 'word', 4, null, null),
  ('v-h4-zhong-liang', 'course-mandarin-1', '重量', 'zhòng liàng', 'weight', 'word', 4, null, null),
  ('v-h4-zhu-jian', 'course-mandarin-1', '逐渐', 'zhú jiàn', 'gradually', 'word', 4, null, null),
  ('v-h4-zhu-ti', 'course-mandarin-1', '主题', 'zhǔ tí', 'theme', 'word', 4, null, null),
  ('v-h4-zhu-xi', 'course-mandarin-1', '主席', 'zhǔ xí', 'chairperson', 'word', 4, null, null),
  ('v-h4-zhu-fu', 'course-mandarin-1', '祝福', 'zhù fú', 'blessings', 'word', 4, null, null),
  ('v-h4-zhu-ming', 'course-mandarin-1', '著名', 'zhù míng', 'famous', 'noun', 4, null, null),
  ('v-h4-zhu-zuo', 'course-mandarin-1', '著作', 'zhù zuò', 'to write', 'noun', 4, null, null),
  ('v-h4-zhuan-xin', 'course-mandarin-1', '专心', 'zhuān xīn', 'to focus one''s attention; to concentrate on (doing sth)', 'word', 4, null, null),
  ('v-h4-zhuan-dong', 'course-mandarin-1', '转动', 'zhuǎn dòng', 'to turn sth around', 'word', 4, null, null),
  ('v-h4-zhuan-gao', 'course-mandarin-1', '转告', 'zhuǎn gào', 'to pass on', 'word', 4, null, null),
  ('v-h4-zhuan-shen', 'course-mandarin-1', '转身', 'zhuǎn shēn', '(of a person) to turn round', 'word', 4, null, null),
  ('v-h4-zhuan-wan', 'course-mandarin-1', '转弯', 'zhuǎn wān', 'to turn', 'word', 4, null, null),
  ('v-h4-zhuang-xiu', 'course-mandarin-1', '装修', 'zhuāng xiū', 'to decorate', 'word', 4, null, null),
  ('v-h4-zhui-qiu', 'course-mandarin-1', '追求', 'zhuī qiú', 'to pursue (a goal etc) stubbornly', 'word', 4, null, null),
  ('v-h4-zhun-shi', 'course-mandarin-1', '准时', 'zhǔn shí', 'on time', 'word', 4, null, null),
  ('v-h4-zi-liao', 'course-mandarin-1', '资料', 'zī liào', 'material', 'word', 4, null, null),
  ('v-h4-zi-yuan', 'course-mandarin-1', '资源', 'Zī yuán', 'Ziyuan county in Guilin 林, Guangxi', 'word', 4, null, null),
  ('v-h4-zi-mu', 'course-mandarin-1', '字母', 'zì mǔ', 'letter (of the alphabet)', 'word', 4, null, null),
  ('v-h4-zi', 'course-mandarin-1', '自', 'zì', 'self', 'word', 4, null, null),
  ('v-h4-zi-xin', 'course-mandarin-1', '自信', 'zì xìn', 'to have confidence in oneself', 'word', 4, null, null),
  ('v-h4-zong-he', 'course-mandarin-1', '综合', 'zōng hé', 'comprehensive', 'verb', 4, null, null),
  ('v-h4-zong-gong', 'course-mandarin-1', '总共', 'zǒng gòng', 'altogether; in sum; in all; in total', 'word', 4, null, null),
  ('v-h4-zong-li', 'course-mandarin-1', '总理', 'zǒng lǐ', 'premier', 'word', 4, null, null),
  ('v-h4-zong-tong', 'course-mandarin-1', '总统', 'zǒng tǒng', 'president (of a country)', 'word', 4, null, null),
  ('v-h4-zong-zhi', 'course-mandarin-1', '总之', 'zǒng zhī', 'in a word', 'word', 4, null, null),
  ('v-h4-zu-zhi', 'course-mandarin-1', '阻止', 'zǔ zhǐ', 'to prevent', 'word', 4, null, null),
  ('v-h4-zui-ba', 'course-mandarin-1', '嘴巴', 'zuǐ ba', 'mouth', 'word', 4, null, null),
  ('v-h4-zuo-chu', 'course-mandarin-1', '作出', 'zuò chū', 'to put out', 'word', 4, null, null),
  ('v-h4-zuo-wei', 'course-mandarin-1', '作为', 'zuò wéi', 'one''s conduct', 'word', 4, null, null),
  ('v-h4-zuo-meng', 'course-mandarin-1', '做梦', 'zuò mèng', 'to dream', 'word', 4, null, null),
  ('v-h4-an-shi-2', 'course-mandarin-1', '暗示', 'àn shì', 'to hint; to suggest', 'word', 4, null, null),
  ('v-h4-cai-fang', 'course-mandarin-1', '采访', 'cǎi fǎng', 'to interview', 'word', 4, null, null),
  ('v-h4-cu-jin', 'course-mandarin-1', '促进', 'cù jìn', 'to promote (an idea or cause)', 'word', 4, null, null),
  ('v-h4-cu-xiao', 'course-mandarin-1', '促销', 'cù xiāo', 'to promote sales', 'verb', 4, null, null),
  ('v-h4-dan-ren', 'course-mandarin-1', '担任', 'dān rèn', 'to hold a governmental office or post', 'word', 4, null, null),
  ('v-h4-dao-che', 'course-mandarin-1', '倒车', 'dǎo chē', 'to change buses, trains etc', 'word', 4, null, null),
  ('v-h4-gai-shan', 'course-mandarin-1', '改善', 'gǎi shàn', 'to make better; to improve', 'word', 4, null, null),
  ('v-h4-hui-fu', 'course-mandarin-1', '回复', 'huí fù', 'to reply', 'word', 4, null, null),
  ('v-h4-ji-yu', 'course-mandarin-1', '机遇', 'jī yù', 'opportunity', 'word', 4, null, null),
  ('v-h4-jia-ban', 'course-mandarin-1', '加班', 'jiā bān', 'to work overtime', 'word', 4, null, null),
  ('v-h4-lie-che', 'course-mandarin-1', '列车', 'liè chē', '(railway) train', 'word', 4, null, null),
  ('v-h4-mian-shi', 'course-mandarin-1', '面试', 'miàn shì', 'to be interviewed (as a candidate)', 'word', 4, null, null),
  ('v-h4-pei-xun-ban', 'course-mandarin-1', '培训班', 'péi xùn bān', 'training class', 'word', 4, null, null),
  ('v-h4-pei-yu', 'course-mandarin-1', '培育', 'péi yù', 'to train', 'word', 4, null, null),
  ('v-h4-shen-qing', 'course-mandarin-1', '申请', 'shēn qǐng', 'to apply for sth', 'word', 4, null, null),
  ('v-h4-wan-dian', 'course-mandarin-1', '晚点', 'wǎn diǎn', '(of trains etc) late', 'word', 4, null, null),
  ('v-h4-wei-xin', 'course-mandarin-1', '微信', 'Wēi xìn', 'Weixin or WeChat (mobile text and voice messaging service developed by Tencent 腾讯)', 'noun', 4, null, null),
  ('v-h4-xiao-lu', 'course-mandarin-1', '效率', 'xiào lǜ', 'efficiency', 'word', 4, null, null),
  ('v-h4-xin-xian', 'course-mandarin-1', '新鲜', 'xīn xiān', 'fresh (experience, food etc)', 'word', 4, null, null),
  ('v-h4-yan-zhi', 'course-mandarin-1', '研制', 'yán zhì', 'to research and manufacture; to research and to develop', 'word', 4, null, null),
  ('v-h4-you-ju', 'course-mandarin-1', '邮局', 'yóu jú', 'post office', 'word', 4, null, null),
  ('v-h4-zhao-kai', 'course-mandarin-1', '召开', 'zhào kāi', 'to convene (a conference or meeting)', 'word', 4, null, null),
  ('v-h4-chang-pian', 'course-mandarin-1', '唱片', 'chàng piàn', 'gramophone record', 'word', 4, null, null),
  ('v-h4-che', 'course-mandarin-1', '尺', 'chě', 'one of the characters used to represent a musical note in gongche notation, 工尺谱', 'word', 4, null, null),
  ('v-h4-fan-yi', 'course-mandarin-1', '翻译', 'fān yì', 'to translate', 'noun', 4, null, null),
  ('v-h4-fang-song', 'course-mandarin-1', '放松', 'fàng sōng', 'to relax; to slacken; to loosen', 'word', 4, null, null),
  ('v-h4-hong-bao', 'course-mandarin-1', '红包', 'hóng bāo', 'money wrapped in red as a gift', 'word', 4, null, null),
  ('v-h4-jian-shen', 'course-mandarin-1', '健身', 'jiàn shēn', 'to exercise', 'verb', 4, null, null),
  ('v-h4-kuai-di', 'course-mandarin-1', '快递', 'kuài dì', 'express delivery', 'word', 4, null, null),
  ('v-h4-lai-yuan', 'course-mandarin-1', '来源', 'lái yuán', 'source (of information etc)', 'word', 4, null, null),
  ('v-h4-lu-qu', 'course-mandarin-1', '录取', 'lù qǔ', 'to accept an applicant (prospective student, employee etc) who passes an entrance exam', 'word', 4, null, null),
  ('v-h4-qi-guan', 'course-mandarin-1', '器官', 'qì guān', '(physiology) organ; apparatus', 'word', 4, null, null),
  ('v-h4-she-zhi', 'course-mandarin-1', '设置', 'shè zhì', 'to set up; to install', 'word', 4, null, null),
  ('v-h4-shi-wang', 'course-mandarin-1', '失望', 'shī wàng', 'disappointed', 'word', 4, null, null),
  ('v-h4-shu-ju', 'course-mandarin-1', '数据', 'shù jù', 'data', 'word', 4, null, null),
  ('v-h4-shui-zhao', 'course-mandarin-1', '睡着', 'shuì zháo', 'to fall asleep', 'word', 4, null, null),
  ('v-h4-sui-shou', 'course-mandarin-1', '随手', 'suí shǒu', 'conveniently', 'word', 4, null, null),
  ('v-h4-tiao-zhan', 'course-mandarin-1', '挑战', 'tiǎo zhàn', 'to challenge', 'verb', 4, null, null),
  ('v-h4-wang-luo', 'course-mandarin-1', '网络', 'Wǎng luò', 'Internet', 'word', 4, null, null),
  ('v-h4-xi-yin', 'course-mandarin-1', '吸引', 'xī yǐn', 'to attract; to appeal to; to fascinate', 'word', 4, null, null),
  ('v-h4-xia-zai', 'course-mandarin-1', '下载', 'xià zǎi', 'to download', 'word', 4, null, null),
  ('v-h4-yi-lun', 'course-mandarin-1', '议论', 'yì lùn', 'to comment', 'word', 4, null, null),
  ('v-h4-yong-tu', 'course-mandarin-1', '用途', 'yòng tú', 'use; application', 'word', 4, null, null),
  ('v-h4-yue-hui', 'course-mandarin-1', '约会', 'yuē huì', 'appointment', 'word', 4, null, null),
  ('v-h4-zan-cheng', 'course-mandarin-1', '赞成', 'zàn chéng', 'to approve', 'word', 4, null, null),
  ('v-h4-zhu-bu', 'course-mandarin-1', '逐步', 'zhú bù', 'progressively', 'word', 4, null, null),
  ('v-h4-zhuang-zhi', 'course-mandarin-1', '装置', 'zhuāng zhì', 'to install', 'word', 4, null, null),
  ('v-h4-ban-shi', 'course-mandarin-1', '办事', 'bàn shì', 'to handle (affairs)', 'word', 4, null, null),
  ('v-h4-da-ma', 'course-mandarin-1', '大妈', 'dà mā', 'father''s elder brother''s wife', 'word', 4, null, null),
  ('v-h4-dui-fu', 'course-mandarin-1', '对付', 'duì fu', 'to handle; to deal with; to tackle', 'word', 4, null, null),
  ('v-h4-fou-ze', 'course-mandarin-1', '否则', 'fǒu zé', 'otherwise; if not; or (else)', 'word', 4, null, null),
  ('v-h4-fu-qi', 'course-mandarin-1', '夫妻', 'fū qī', 'husband and wife; married couple', 'word', 4, null, null),
  ('v-h4-fu-dan', 'course-mandarin-1', '负担', 'fù dān', 'to bear (an expense, a responsibility etc)', 'word', 4, null, null),
  ('v-h4-jia-ru-2', 'course-mandarin-1', '假如', 'jiǎ rú', 'if', 'word', 4, null, null),
  ('v-h4-ke', 'course-mandarin-1', '棵', 'kē', 'classifier for trees, cabbages, plants etc', 'word', 4, null, null),
  ('v-h4-lao-po', 'course-mandarin-1', '老婆', 'lǎo pó', '(coll.) wife', 'word', 4, null, null),
  ('v-h4-lie-wei', 'course-mandarin-1', '列为', 'liè wéi', 'to be classified as', 'word', 4, null, null),
  ('v-h4-meifar5', 'course-mandarin-1', '没法儿', 'méifǎr5', 'Can''t', 'word', 4, null, null),
  ('v-h4-mei-nu', 'course-mandarin-1', '美女', 'měi nǚ', 'beautiful woman', 'word', 4, null, null),
  ('v-h4-qi-zi', 'course-mandarin-1', '妻子', 'qī zǐ', 'wife and children', 'word', 4, null, null),
  ('v-h4-shang-hai', 'course-mandarin-1', '伤害', 'shāng hài', 'to injure', 'word', 4, null, null),
  ('v-h4-shuo-fu', 'course-mandarin-1', '说服', 'shuō fú', 'to persuade', 'word', 4, null, null),
  ('v-h4-shi-de', 'course-mandarin-1', '似的', 'shì de', 'seems as if', 'word', 4, null, null),
  ('v-h4-si-hu', 'course-mandarin-1', '似乎', 'sì hū', 'it seems; seemingly; as if', 'word', 4, null, null),
  ('v-h4-tong-yi', 'course-mandarin-1', '统一', 'tǒng yī', 'to unify; to integrate', 'word', 4, null, null),
  ('v-h4-xi-jie', 'course-mandarin-1', '细节', 'xì jié', 'details', 'word', 4, null, null),
  ('v-h4-xia-ge-yue', 'course-mandarin-1', '下个月', 'xià gè yuè', 'next month', 'noun', 4, null, null),
  ('v-h4-yin-qi', 'course-mandarin-1', '引起', 'yǐn qǐ', 'to give rise to; to lead to; to cause; to arouse', 'word', 4, null, null),
  ('v-h4-yu-shi', 'course-mandarin-1', '于是', 'yú shì', 'thereupon; as a result; consequently; thus; hence', 'word', 4, null, null),
  ('v-h4-zhuan-yi', 'course-mandarin-1', '转移', 'zhuǎn yí', 'to shift; to relocate; to transfer', 'word', 4, null, null),
  ('v-h4-zui-chu', 'course-mandarin-1', '最初', 'zuì chū', 'first', 'word', 4, null, null),
  ('v-h4-bao-mi', 'course-mandarin-1', '保密', 'bǎo mì', 'to keep sth confidential', 'word', 4, null, null),
  ('v-h4-chuan-tong', 'course-mandarin-1', '传统', 'chuán tǒng', 'tradition', 'word', 4, null, null),
  ('v-h4-ci-wai', 'course-mandarin-1', '此外', 'cǐ wài', 'besides', 'word', 4, null, null),
  ('v-h4-da-lu', 'course-mandarin-1', '大陆', 'Dà lù', 'mainland China (reference to the PRC)', 'word', 4, null, null),
  ('v-h4-feng-bi', 'course-mandarin-1', '封闭', 'fēng bì', 'to close; to seal off', 'word', 4, null, null),
  ('v-h4-fu-he', 'course-mandarin-1', '符合', 'fú hé', 'in keeping with', 'word', 4, null, null),
  ('v-h4-gai-kuo', 'course-mandarin-1', '概括', 'gài kuò', 'to summarize; to generalize', 'word', 4, null, null),
  ('v-h4-guan-bi', 'course-mandarin-1', '关闭', 'guān bì', 'to close; to shut (a window etc)', 'word', 4, null, null),
  ('v-h4-han', 'course-mandarin-1', '含', 'hán', 'to keep in the mouth', 'word', 4, null, null),
  ('v-h4-hao-you', 'course-mandarin-1', '好友', 'hǎo yǒu', 'close friend', 'word', 4, null, null),
  ('v-h4-hui-bao', 'course-mandarin-1', '汇报', 'huì bào', 'to report', 'word', 4, null, null),
  ('v-h4-jian-fei', 'course-mandarin-1', '减肥', 'jiǎn féi', 'to lose weight', 'word', 4, null, null),
  ('v-h4-jin-mi', 'course-mandarin-1', '紧密', 'jǐn mì', 'inseparably close', 'word', 4, null, null),
  ('v-h4-li-shi', 'course-mandarin-1', '历史', 'lì shǐ', 'history', 'word', 4, null, null),
  ('v-h4-mi-qie', 'course-mandarin-1', '密切', 'mì qiè', 'close', 'word', 4, null, null),
  ('v-h4-ran-er', 'course-mandarin-1', '然而', 'rán ér', 'however; yet; but', 'word', 4, null, null),
  ('v-h4-sun-zi', 'course-mandarin-1', '孙子', 'Sūn zǐ', 'Sun Tzu, also known as Sun Wu 孙武 (c. 500 BC, dates of birth and death uncertain), general, strategist and philosopher of the Spring and Autumn Period (700-475 BC), believed to be the author of the “Art of War” 孙子兵法, one of the Seven Military Classics of ancient China 武经七书', 'word', 4, null, null),
  ('v-h4-wei-chi', 'course-mandarin-1', '维持', 'wéi chí', 'to keep', 'word', 4, null, null),
  ('v-h4-wei-xiu', 'course-mandarin-1', '维修', 'wéi xiū', 'maintenance (of equipment)', 'verb', 4, null, null),
  ('v-h4-wen-hou', 'course-mandarin-1', '问候', 'wèn hòu', 'to give one''s respects', 'verb', 4, null, null),
  ('v-h4-zhua-jin', 'course-mandarin-1', '抓紧', 'zhuā jǐn', 'to keep a firm grip on', 'word', 4, null, null);
insert into lesson_vocab (lesson_id, vocab_item_id) values
  ('lesson-h4-ia-1', 'v-h4-a-yi'),
  ('lesson-h4-ia-1', 'v-h4-ai'),
  ('lesson-h4-ia-1', 'v-h4-ai-xiao'),
  ('lesson-h4-ia-1', 'v-h4-ai-guo'),
  ('lesson-h4-ia-1', 'v-h4-ai-hu'),
  ('lesson-h4-ia-1', 'v-h4-an'),
  ('lesson-h4-ia-1', 'v-h4-an-zhi'),
  ('lesson-h4-ia-2', 'v-h4-an-shi'),
  ('lesson-h4-ia-2', 'v-h4-an-2'),
  ('lesson-h4-ia-2', 'v-h4-ba-shi'),
  ('lesson-h4-ia-2', 'v-h4-bai-huo'),
  ('lesson-h4-ia-2', 'v-h4-bai'),
  ('lesson-h4-ia-2', 'v-h4-bai-dong'),
  ('lesson-h4-ia-2', 'v-h4-bai-tuo'),
  ('lesson-h4-ia-3', 'v-h4-bai-2'),
  ('lesson-h4-ia-3', 'v-h4-bao-guo'),
  ('lesson-h4-ia-3', 'v-h4-bao-han'),
  ('lesson-h4-ia-3', 'v-h4-bao-kuo'),
  ('lesson-h4-ia-3', 'v-h4-bo'),
  ('lesson-h4-ia-3', 'v-h4-bao'),
  ('lesson-h4-ia-3', 'v-h4-bao-bao'),
  ('lesson-h4-ia-4', 'v-h4-bao-bei'),
  ('lesson-h4-ia-4', 'v-h4-bao-gui'),
  ('lesson-h4-ia-4', 'v-h4-bao-shi'),
  ('lesson-h4-ia-4', 'v-h4-bao-shou'),
  ('lesson-h4-ia-4', 'v-h4-bao-2'),
  ('lesson-h4-ia-4', 'v-h4-bei-jing'),
  ('lesson-h4-ia-4', 'v-h4-bei'),
  ('lesson-h4-ia-5', 'v-h4-bei-po'),
  ('lesson-h4-ia-5', 'v-h4-ben-ke'),
  ('lesson-h4-ia-5', 'v-h4-ben'),
  ('lesson-h4-ia-5', 'v-h4-bi-fen'),
  ('lesson-h4-ia-5', 'v-h4-bi-ye'),
  ('lesson-h4-ia-5', 'v-h4-bi-ye-sheng'),
  ('lesson-h4-ia-5', 'v-h4-bi'),
  ('lesson-h4-ia-6', 'v-h4-bi-mian'),
  ('lesson-h4-ia-6', 'v-h4-bian'),
  ('lesson-h4-ia-6', 'v-h4-bian-lun'),
  ('lesson-h4-ia-6', 'v-h4-biao-zhi'),
  ('lesson-h4-ia-6', 'v-h4-biao-qing'),
  ('lesson-h4-ia-6', 'v-h4-biao-yang'),
  ('lesson-h4-ia-6', 'v-h4-bing'),
  ('lesson-h4-ia-7', 'v-h4-bing-xiang'),
  ('lesson-h4-ia-7', 'v-h4-bing-xue'),
  ('lesson-h4-ia-7', 'v-h4-bing-2'),
  ('lesson-h4-ia-7', 'v-h4-bu-guan'),
  ('lesson-h4-ia-7', 'v-h4-bu-ran'),
  ('lesson-h4-ia-7', 'v-h4-bu-yao-jin'),
  ('lesson-h4-ia-7', 'v-h4-bu-zai-hu'),
  ('lesson-h4-ia-8', 'v-h4-bu-zhi'),
  ('lesson-h4-ia-8', 'v-h4-bu-xing'),
  ('lesson-h4-ia-8', 'v-h4-ca'),
  ('lesson-h4-ia-8', 'v-h4-cai-liao'),
  ('lesson-h4-ia-8', 'v-h4-cai-chan'),
  ('lesson-h4-ia-8', 'v-h4-cai-fu'),
  ('lesson-h4-ia-8', 'v-h4-can-kao'),
  ('lesson-h4-ia-9', 'v-h4-can-yu'),
  ('lesson-h4-ia-9', 'v-h4-cao-chang'),
  ('lesson-h4-ia-9', 'v-h4-cao-zuo'),
  ('lesson-h4-ia-9', 'v-h4-ce'),
  ('lesson-h4-ia-9', 'v-h4-ce-liang'),
  ('lesson-h4-ia-9', 'v-h4-ce-shi'),
  ('lesson-h4-ia-9', 'v-h4-zeng'),
  ('lesson-h4-ia-10', 'v-h4-cha-ye'),
  ('lesson-h4-ia-10', 'v-h4-chan-pin'),
  ('lesson-h4-ia-10', 'v-h4-chang-shi'),
  ('lesson-h4-ia-10', 'v-h4-chao'),
  ('lesson-h4-ia-10', 'v-h4-chao-xie'),
  ('lesson-h4-ia-10', 'v-h4-chao-2'),
  ('lesson-h4-ia-10', 'v-h4-chao-liu'),
  ('lesson-h4-ia-11', 'v-h4-chao-shi'),
  ('lesson-h4-ia-11', 'v-h4-che-di'),
  ('lesson-h4-ia-11', 'v-h4-chen'),
  ('lesson-h4-ia-11', 'v-h4-chen-mo'),
  ('lesson-h4-ia-11', 'v-h4-chen-zhong'),
  ('lesson-h4-ia-11', 'v-h4-cheng-zan'),
  ('lesson-h4-ia-11', 'v-h4-cheng-ren'),
  ('lesson-h4-ia-12', 'v-h4-cheng-dan'),
  ('lesson-h4-ia-12', 'v-h4-cheng-ren-2'),
  ('lesson-h4-ia-12', 'v-h4-cheng-shou'),
  ('lesson-h4-ia-12', 'v-h4-cheng-shi'),
  ('lesson-h4-ia-12', 'v-h4-cheng-xin'),
  ('lesson-h4-ia-12', 'v-h4-cheng-xu'),
  ('lesson-h4-ia-12', 'v-h4-chi-jing'),
  ('lesson-h4-ia-13', 'v-h4-chi-dao'),
  ('lesson-h4-ia-13', 'v-h4-chi-cun'),
  ('lesson-h4-ia-13', 'v-h4-chi-zi'),
  ('lesson-h4-ia-13', 'v-h4-chong-dian'),
  ('lesson-h4-ia-13', 'v-h4-chong-dian-qi'),
  ('lesson-h4-ia-13', 'v-h4-chong-fen'),
  ('lesson-h4-ia-13', 'v-h4-chong'),
  ('lesson-h4-ia-14', 'v-h4-chong-zi'),
  ('lesson-h4-ia-14', 'v-h4-chou'),
  ('lesson-h4-ia-14', 'v-h4-chou-jiang'),
  ('lesson-h4-ia-14', 'v-h4-chou-yan'),
  ('lesson-h4-ia-14', 'v-h4-chu-se'),
  ('lesson-h4-ia-14', 'v-h4-chu-shou'),
  ('lesson-h4-ia-14', 'v-h4-chu-xi'),
  ('lesson-h4-ia-15', 'v-h4-chu'),
  ('lesson-h4-ia-15', 'v-h4-chu-yu'),
  ('lesson-h4-ia-15', 'v-h4-chuan-shang'),
  ('lesson-h4-ia-15', 'v-h4-chuang-hu'),
  ('lesson-h4-ia-15', 'v-h4-chuang-tai'),
  ('lesson-h4-ia-15', 'v-h4-chuang-zi'),
  ('lesson-h4-ia-15', 'v-h4-chun-ji'),
  ('lesson-h4-ia-16', 'v-h4-chun'),
  ('lesson-h4-ia-16', 'v-h4-chun-jing-shui'),
  ('lesson-h4-ia-16', 'v-h4-ci-hui'),
  ('lesson-h4-ia-16', 'v-h4-ci'),
  ('lesson-h4-ia-16', 'v-h4-ci-2'),
  ('lesson-h4-ia-16', 'v-h4-ci-ji'),
  ('lesson-h4-ia-16', 'v-h4-cong-ci'),
  ('lesson-h4-ia-17', 'v-h4-cu'),
  ('lesson-h4-ia-17', 'v-h4-cu-xin'),
  ('lesson-h4-ia-17', 'v-h4-cu-shi'),
  ('lesson-h4-ia-17', 'v-h4-cuo-shi'),
  ('lesson-h4-ia-17', 'v-h4-da-an'),
  ('lesson-h4-ia-17', 'v-h4-da-bai'),
  ('lesson-h4-ia-17', 'v-h4-da-lei'),
  ('lesson-h4-ia-18', 'v-h4-da-sao'),
  ('lesson-h4-ia-18', 'v-h4-da-zhe'),
  ('lesson-h4-ia-18', 'v-h4-da-zhen'),
  ('lesson-h4-ia-18', 'v-h4-da-ba'),
  ('lesson-h4-ia-18', 'v-h4-da-duo'),
  ('lesson-h4-ia-18', 'v-h4-da-fang'),
  ('lesson-h4-ia-18', 'v-h4-da-ge'),
  ('lesson-h4-ia-19', 'v-h4-da-gui-mo'),
  ('lesson-h4-ia-19', 'v-h4-da-hui'),
  ('lesson-h4-ia-19', 'v-h4-da-jie'),
  ('lesson-h4-ia-19', 'v-h4-da-lou'),
  ('lesson-h4-ia-19', 'v-h4-da-xing'),
  ('lesson-h4-ia-19', 'v-h4-da-ye'),
  ('lesson-h4-ia-19', 'v-h4-da-zhong'),
  ('lesson-h4-ia-20', 'v-h4-dai-ti'),
  ('lesson-h4-ia-20', 'v-h4-dai-yu'),
  ('lesson-h4-ia-20', 'v-h4-dai'),
  ('lesson-h4-ia-20', 'v-h4-dai-2'),
  ('lesson-h4-ia-20', 'v-h4-shan'),
  ('lesson-h4-ia-20', 'v-h4-dan-chun'),
  ('lesson-h4-ia-20', 'v-h4-dan-diao'),
  ('lesson-h4-ia-21', 'v-h4-dan-du'),
  ('lesson-h4-ia-21', 'v-h4-dan-bao'),
  ('lesson-h4-ia-21', 'v-h4-dan-xin'),
  ('lesson-h4-ia-21', 'v-h4-dan'),
  ('lesson-h4-ia-21', 'v-h4-dao-you'),
  ('lesson-h4-ia-21', 'v-h4-dao-zhi'),
  ('lesson-h4-ia-21', 'v-h4-dao-bi'),
  ('lesson-h4-ia-22', 'v-h4-de-yi'),
  ('lesson-h4-ia-22', 'v-h4-di-mian'),
  ('lesson-h4-ia-22', 'v-h4-di-wei'),
  ('lesson-h4-ia-22', 'v-h4-di-xia'),
  ('lesson-h4-ia-22', 'v-h4-di-zhi'),
  ('lesson-h4-ia-22', 'v-h4-di-que'),
  ('lesson-h4-ia-22', 'v-h4-deng-guang'),
  ('lesson-h4-ia-23', 'v-h4-deng'),
  ('lesson-h4-ia-23', 'v-h4-deng-ji'),
  ('lesson-h4-ia-23', 'v-h4-deng-lu'),
  ('lesson-h4-ia-23', 'v-h4-deng-shan'),
  ('lesson-h4-ia-23', 'v-h4-di-ren'),
  ('lesson-h4-ia-23', 'v-h4-de'),
  ('lesson-h4-ia-23', 'v-h4-dian-xing'),
  ('lesson-h4-ia-24', 'v-h4-dian-ming'),
  ('lesson-h4-ia-24', 'v-h4-dian-deng'),
  ('lesson-h4-ia-24', 'v-h4-diandongche'),
  ('lesson-h4-ia-24', 'v-h4-dian-ti'),
  ('lesson-h4-ia-24', 'v-h4-dian-yuan'),
  ('lesson-h4-ia-24', 'v-h4-tiao-pi'),
  ('lesson-h4-ia-24', 'v-h4-ding'),
  ('lesson-h4-ia-25', 'v-h4-ding-2'),
  ('lesson-h4-ia-25', 'v-h4-dong-ji'),
  ('lesson-h4-ia-25', 'v-h4-dong-hua-pian'),
  ('lesson-h4-ia-25', 'v-h4-dong-yao'),
  ('lesson-h4-ia-25', 'v-h4-dou-fu'),
  ('lesson-h4-ia-25', 'v-h4-du-li'),
  ('lesson-h4-ia-25', 'v-h4-du-te'),
  ('lesson-h4-ia-26', 'v-h4-du-zi'),
  ('lesson-h4-ia-26', 'v-h4-du'),
  ('lesson-h4-ia-26', 'v-h4-du-che'),
  ('lesson-h4-ia-26', 'v-h4-du-zi-2'),
  ('lesson-h4-ia-26', 'v-h4-du-guo'),
  ('lesson-h4-ia-26', 'v-h4-duan-lian'),
  ('lesson-h4-ia-26', 'v-h4-dui-bi'),
  ('lesson-h4-ia-27', 'v-h4-dui-yu'),
  ('lesson-h4-ia-27', 'v-h4-duo-ci'),
  ('lesson-h4-ia-27', 'v-h4-duo-nian'),
  ('lesson-h4-ia-27', 'v-h4-duo-yang'),
  ('lesson-h4-ia-27', 'v-h4-duo-zhong'),
  ('lesson-h4-ia-27', 'v-h4-e-xin'),
  ('lesson-h4-ia-27', 'v-h4-er-tong'),
  ('lesson-h4-ia-28', 'v-h4-er'),
  ('lesson-h4-ia-28', 'v-h4-er-shi'),
  ('lesson-h4-ia-28', 'v-h4-er-ji'),
  ('lesson-h4-ia-28', 'v-h4-er-shou'),
  ('lesson-h4-ia-28', 'v-h4-fa-hui'),
  ('lesson-h4-ia-28', 'v-h4-fa-piao'),
  ('lesson-h4-ia-28', 'v-h4-fa-shao'),
  ('lesson-h4-ia-29', 'v-h4-fa'),
  ('lesson-h4-ia-29', 'v-h4-fa-guan'),
  ('lesson-h4-ia-29', 'v-h4-fa-lu'),
  ('lesson-h4-ia-29', 'v-h4-fa-yuan'),
  ('lesson-h4-ia-29', 'v-h4-fan'),
  ('lesson-h4-ia-29', 'v-h4-fan-2'),
  ('lesson-h4-ia-29', 'v-h4-fan-3'),
  ('lesson-h4-ia-30', 'v-h4-fan-er'),
  ('lesson-h4-ia-30', 'v-h4-fan-ying'),
  ('lesson-h4-ia-30', 'v-h4-fang'),
  ('lesson-h4-ia-30', 'v-h4-fang-an'),
  ('lesson-h4-ia-30', 'v-h4-fang-zhen'),
  ('lesson-h4-ia-30', 'v-h4-fei'),
  ('lesson-h4-ia-30', 'v-h4-fei-2'),
  ('lesson-h4-ia-31', 'v-h4-fen-bu'),
  ('lesson-h4-ia-31', 'v-h4-fen-san'),
  ('lesson-h4-ia-31', 'v-h4-fen-shou'),
  ('lesson-h4-ia-31', 'v-h4-fen-wei'),
  ('lesson-h4-ia-31', 'v-h4-fen-zhi'),
  ('lesson-h4-ia-31', 'v-h4-fen-fen'),
  ('lesson-h4-ia-31', 'v-h4-fen-dou'),
  ('lesson-h4-ia-32', 'v-h4-feng-ge'),
  ('lesson-h4-ia-32', 'v-h4-feng-jing'),
  ('lesson-h4-ia-32', 'v-h4-feng-su'),
  ('lesson-h4-ia-32', 'v-h4-fu-fu'),
  ('lesson-h4-ia-32', 'v-h4-fu-ren'),
  ('lesson-h4-ia-32', 'v-h4-fu-hao'),
  ('lesson-h4-ia-32', 'v-h4-fu-chu'),
  ('lesson-h4-ia-33', 'v-h4-fu-jin'),
  ('lesson-h4-ia-33', 'v-h4-fu-zhi'),
  ('lesson-h4-ia-33', 'v-h4-gai-zheng'),
  ('lesson-h4-ia-33', 'v-h4-ge'),
  ('lesson-h4-ia-33', 'v-h4-gan-xing-qu'),
  ('lesson-h4-ia-33', 'v-h4-gao-chao'),
  ('lesson-h4-ia-33', 'v-h4-gao-jia'),
  ('lesson-h4-ia-34', 'v-h4-gao-shang'),
  ('lesson-h4-ia-34', 'v-h4-gao-tie'),
  ('lesson-h4-ia-34', 'v-h4-ge-wai'),
  ('lesson-h4-ia-34', 'v-h4-ge-2'),
  ('lesson-h4-ia-34', 'v-h4-ge-kai'),
  ('lesson-h4-ia-34', 'v-h4-ge-bie'),
  ('lesson-h4-ia-34', 'v-h4-ge-ti'),
  ('lesson-h4-ia-35', 'v-h4-ge-ge'),
  ('lesson-h4-ia-35', 'v-h4-gen'),
  ('lesson-h4-ia-35', 'v-h4-gen-ju'),
  ('lesson-h4-ia-35', 'v-h4-gong-cheng'),
  ('lesson-h4-ia-35', 'v-h4-gong-yuan'),
  ('lesson-h4-ia-35', 'v-h4-gong-ying'),
  ('lesson-h4-ia-35', 'v-h4-gong'),
  ('lesson-h4-ia-36', 'v-h4-gou-cheng'),
  ('lesson-h4-ia-36', 'v-h4-gou-zao'),
  ('lesson-h4-ia-36', 'v-h4-gou-mai'),
  ('lesson-h4-ia-36', 'v-h4-gou-wu'),
  ('lesson-h4-ia-36', 'v-h4-gu-tou'),
  ('lesson-h4-ia-36', 'v-h4-gu-ding'),
  ('lesson-h4-ia-36', 'v-h4-gua'),
  ('lesson-h4-ia-37', 'v-h4-guai'),
  ('lesson-h4-ia-37', 'v-h4-guan-yu'),
  ('lesson-h4-ia-37', 'v-h4-guan'),
  ('lesson-h4-ia-37', 'v-h4-guan-fang'),
  ('lesson-h4-ia-37', 'v-h4-guang-lin'),
  ('lesson-h4-ia-37', 'v-h4-guang-pan'),
  ('lesson-h4-ia-37', 'v-h4-guang'),
  ('lesson-h4-ia-38', 'v-h4-gui'),
  ('lesson-h4-ia-38', 'v-h4-gui-lu'),
  ('lesson-h4-ia-38', 'v-h4-gui-mo'),
  ('lesson-h4-ia-38', 'v-h4-gui-ze'),
  ('lesson-h4-ia-38', 'v-h4-guo-shi'),
  ('lesson-h4-ia-38', 'v-h4-guo-fen'),
  ('lesson-h4-ia-38', 'v-h4-hai-shui'),
  ('lesson-h4-ia-39', 'v-h4-hai-xian'),
  ('lesson-h4-ia-39', 'v-h4-han-liang'),
  ('lesson-h4-ia-39', 'v-h4-han-yi'),
  ('lesson-h4-ia-39', 'v-h4-han-you'),
  ('lesson-h4-ia-39', 'v-h4-han-jia'),
  ('lesson-h4-ia-39', 'v-h4-han-leng'),
  ('lesson-h4-ia-39', 'v-h4-hang-ban'),
  ('lesson-h4-ia-40', 'v-h4-hang-kong'),
  ('lesson-h4-ia-40', 'v-h4-hao-mi'),
  ('lesson-h4-ia-40', 'v-h4-hao-sheng'),
  ('lesson-h4-ia-40', 'v-h4-hao-ma'),
  ('lesson-h4-ia-40', 'v-h4-he-tong'),
  ('lesson-h4-ia-40', 'v-h4-hei-an'),
  ('lesson-h4-ia-40', 'v-h4-hou-tou'),
  ('lesson-h4-ia-41', 'v-h4-hou'),
  ('lesson-h4-ia-41', 'v-h4-hu-xi'),
  ('lesson-h4-ia-41', 'v-h4-hu-shi'),
  ('lesson-h4-ia-41', 'v-h4-hu'),
  ('lesson-h4-ia-41', 'v-hushi'),
  ('lesson-h4-ia-41', 'v-h4-hua'),
  ('lesson-h4-ia-41', 'v-h4-huai-nian'),
  ('lesson-h4-ia-42', 'v-h4-huai-yi'),
  ('lesson-h4-ia-42', 'v-h4-huan-jie'),
  ('lesson-h4-ia-42', 'v-h4-huang-gua'),
  ('lesson-h4-ia-42', 'v-h4-huang-jin'),
  ('lesson-h4-ia-42', 'v-h4-hui'),
  ('lesson-h4-ia-42', 'v-h4-hui-lu'),
  ('lesson-h4-ia-42', 'v-h4-kuai-ji'),
  ('lesson-h4-ia-43', 'v-h4-hun-li'),
  ('lesson-h4-ia-43', 'v-h4-huo'),
  ('lesson-h4-ia-43', 'v-h4-huo-ban'),
  ('lesson-h4-ia-43', 'v-h4-huo-xu'),
  ('lesson-h4-ia-43', 'v-h4-huo-2'),
  ('lesson-h4-ia-43', 'v-h4-huo-3'),
  ('lesson-h4-ia-43', 'v-h4-huo-de'),
  ('lesson-h4-ia-44', 'v-h4-huo-jiang'),
  ('lesson-h4-ia-44', 'v-h4-huo-qu'),
  ('lesson-h4-ia-44', 'v-h4-ji-gou'),
  ('lesson-h4-ia-44', 'v-h4-ji-lei'),
  ('lesson-h4-ia-44', 'v-h4-ji-dong'),
  ('lesson-h4-ia-44', 'v-h4-ji-lie'),
  ('lesson-h4-ia-44', 'v-h4-ji-ge'),
  ('lesson-h4-ia-45', 'v-h4-ji-jiang'),
  ('lesson-h4-ia-45', 'v-h4-ji'),
  ('lesson-h4-ia-45', 'v-h4-ji-qi'),
  ('lesson-h4-ia-45', 'v-h4-ji-mang'),
  ('lesson-h4-ia-45', 'v-h4-ji-he'),
  ('lesson-h4-ia-45', 'v-h4-ji-hu'),
  ('lesson-h4-ia-45', 'v-h4-ji-zai'),
  ('lesson-h4-ia-46', 'v-h4-ji-lu'),
  ('lesson-h4-ia-46', 'v-h4-ji-qiao'),
  ('lesson-h4-ia-46', 'v-h4-ji-2'),
  ('lesson-h4-ia-46', 'v-h4-ji-du'),
  ('lesson-h4-ia-46', 'v-h4-ji-jie'),
  ('lesson-h4-ia-46', 'v-h4-ji-3'),
  ('lesson-h4-ia-46', 'v-h4-ji-ran'),
  ('lesson-h4-ia-47', 'v-h4-ji-4'),
  ('lesson-h4-ia-47', 'v-h4-jia-ru'),
  ('lesson-h4-ia-47', 'v-h4-jia-you-zhan'),
  ('lesson-h4-ia-47', 'v-h4-jia-wu'),
  ('lesson-h4-ia-47', 'v-h4-jian-gu'),
  ('lesson-h4-ia-47', 'v-h4-jian'),
  ('lesson-h4-ia-47', 'v-h4-jian-shao'),
  ('lesson-h4-ia-48', 'v-h4-jian-ce'),
  ('lesson-h4-ia-48', 'v-h4-jian-li'),
  ('lesson-h4-ia-48', 'v-h4-jian-jian'),
  ('lesson-h4-ia-48', 'v-h4-jiang'),
  ('lesson-h4-ia-48', 'v-h4-jiang-jiu'),
  ('lesson-h4-ia-48', 'v-h4-jiang-zuo'),
  ('lesson-h4-ia-48', 'v-h4-jiang-2'),
  ('lesson-h4-ia-49', 'v-h4-jiang-jin'),
  ('lesson-h4-ia-49', 'v-h4-jiang-xue-jin'),
  ('lesson-h4-ia-49', 'v-h4-jiang-3'),
  ('lesson-h4-ia-49', 'v-h4-jiang-di'),
  ('lesson-h4-ia-49', 'v-h4-jiang-jia'),
  ('lesson-h4-ia-49', 'v-h4-jiang-luo'),
  ('lesson-h4-ia-49', 'v-h4-jiang-wen'),
  ('lesson-h4-ia-50', 'v-h4-jiao-huan'),
  ('lesson-h4-ia-50', 'v-h4-jiao-ji'),
  ('lesson-h4-ia-50', 'v-h4-jue-se'),
  ('lesson-h4-ia-50', 'v-h4-jiao-shou'),
  ('lesson-h4-ia-50', 'v-h4-jiao-xun'),
  ('lesson-h4-ia-50', 'v-h4-jie-duan'),
  ('lesson-h4-ia-50', 'v-h4-jie-dao'),
  ('lesson-h4-ia-51', 'v-h4-jie-sheng'),
  ('lesson-h4-ia-51', 'v-h4-jie'),
  ('lesson-h4-ia-51', 'v-h4-jie-gou'),
  ('lesson-h4-ia-51', 'v-h4-jie-lun'),
  ('lesson-h4-ia-51', 'v-h4-jie-mei'),
  ('lesson-h4-ia-51', 'v-h4-jie-shi'),
  ('lesson-h4-ia-51', 'v-h4-jin-kuai'),
  ('lesson-h4-ia-52', 'v-h4-jin-li'),
  ('lesson-h4-ia-52', 'v-h4-jin-dai'),
  ('lesson-h4-ia-52', 'v-h4-jin-kou'),
  ('lesson-h4-ia-52', 'v-h4-jin-zhi'),
  ('lesson-h4-ia-52', 'v-h4-jing-dian'),
  ('lesson-h4-ia-52', 'v-h4-jing-li'),
  ('lesson-h4-ia-52', 'v-h4-jing-ran'),
  ('lesson-h4-ia-53', 'v-h4-jing-tou'),
  ('lesson-h4-ia-53', 'v-h4-jing-zi'),
  ('lesson-h4-ia-53', 'v-h4-jiu-jing'),
  ('lesson-h4-ia-53', 'v-h4-jiu-ba'),
  ('lesson-h4-ia-53', 'v-h4-ju-min'),
  ('lesson-h4-ia-53', 'v-h4-ju-zhu'),
  ('lesson-h4-ia-53', 'v-h4-ju'),
  ('lesson-h4-ia-54', 'v-h4-ju-da'),
  ('lesson-h4-ia-54', 'v-h4-ju-bei'),
  ('lesson-h4-ia-54', 'v-h4-ju-li'),
  ('lesson-h4-ia-54', 'v-h4-ju-2'),
  ('lesson-h4-ia-54', 'v-h4-ju-hui'),
  ('lesson-h4-ia-54', 'v-h4-juan'),
  ('lesson-h4-ia-54', 'v-h4-kai-hua'),
  ('lesson-h4-ia-55', 'v-h4-kai-shui'),
  ('lesson-h4-ia-55', 'v-h4-kan-bu-qi'),
  ('lesson-h4-ia-55', 'v-h4-kan-lai'),
  ('lesson-h4-ia-55', 'v-h4-kan-wang'),
  ('lesson-h4-ia-55', 'v-h4-kao-cha'),
  ('lesson-h4-ia-55', 'v-h4-kao-lu'),
  ('lesson-h4-ia-55', 'v-h4-ke-jian'),
  ('lesson-h4-ia-56', 'v-h4-kong-jian'),
  ('lesson-h4-ia-56', 'v-h4-kou-dai'),
  ('lesson-h4-ia-56', 'v-h4-kou-yu'),
  ('lesson-h4-ia-56', 'v-h4-ku'),
  ('lesson-h4-ia-56', 'v-h4-kuan'),
  ('lesson-h4-ia-56', 'v-h4-kuan-guang'),
  ('lesson-h4-ia-56', 'v-h4-kuang-quan-shui'),
  ('lesson-h4-ia-57', 'v-h4-kuo-da'),
  ('lesson-h4-ia-57', 'v-h4-kuo-zhan'),
  ('lesson-h4-ia-57', 'v-h4-kuo-hao'),
  ('lesson-h4-ia-57', 'v-h4-la-ji'),
  ('lesson-h4-ia-57', 'v-h4-la-kai'),
  ('lesson-h4-ia-57', 'v-h4-la'),
  ('lesson-h4-ia-57', 'v-h4-lai-bu-ji'),
  ('lesson-h4-ia-58', 'v-h4-lai-de-ji'),
  ('lesson-h4-ia-58', 'v-h4-lao-gong'),
  ('lesson-h4-ia-58', 'v-h4-lao-jia'),
  ('lesson-h4-ia-58', 'v-h4-lao-shi'),
  ('lesson-h4-ia-58', 'v-h4-le-qu'),
  ('lesson-h4-ia-58', 'v-h4-liao-bu-qi'),
  ('lesson-h4-ia-58', 'v-h4-liao-jie'),
  ('lesson-h4-ia-59', 'v-h4-lei'),
  ('lesson-h4-ia-59', 'v-h4-lei-shui'),
  ('lesson-h4-ia-59', 'v-h4-lei-xing'),
  ('lesson-h4-ia-59', 'v-h4-leng-jing'),
  ('lesson-h4-ia-59', 'v-h4-li-mi'),
  ('lesson-h4-ia-59', 'v-h4-li-bu-kai'),
  ('lesson-h4-ia-59', 'v-h4-li-qi'),
  ('lesson-h4-ia-60', 'v-h4-li-ji'),
  ('lesson-h4-ia-60', 'v-h4-li-xi'),
  ('lesson-h4-ia-60', 'v-h4-li-yi'),
  ('lesson-h4-ia-60', 'v-h4-lia'),
  ('lesson-h4-ia-60', 'v-h4-liang-hao'),
  ('lesson-h4-ia-60', 'v-h4-liang-shi'),
  ('lesson-h4-ia-60', 'v-h4-liang-bian'),
  ('lesson-h4-ia-61', 'v-h4-liang'),
  ('lesson-h4-ia-61', 'v-h4-liao-yang'),
  ('lesson-h4-ia-61', 'v-h4-lie'),
  ('lesson-h4-ia-61', 'v-h4-lie-ru'),
  ('lesson-h4-ia-61', 'v-h4-lin-shi'),
  ('lesson-h4-ia-61', 'v-h4-ling-shi'),
  ('lesson-h4-ia-61', 'v-h4-liu-chuan'),
  ('lesson-h4-ia-62', 'v-h4-lou-ti'),
  ('lesson-h4-ia-62', 'v-h4-lu-di'),
  ('lesson-h4-ia-62', 'v-h4-lu-xu'),
  ('lesson-h4-ia-62', 'v-h4-lu-shi'),
  ('lesson-h4-ia-62', 'v-h4-shuai-xian'),
  ('lesson-h4-ia-62', 'v-h4-lun'),
  ('lesson-h4-ia-62', 'v-h4-lun-chuan'),
  ('lesson-h4-ia-63', 'v-h4-lun-yi'),
  ('lesson-h4-ia-63', 'v-h4-lun-zi'),
  ('lesson-h4-ia-63', 'v-h4-lun-wen'),
  ('lesson-h4-ia-63', 'v-h4-la-2'),
  ('lesson-h4-ia-63', 'v-h4-mao-jin'),
  ('lesson-h4-ia-63', 'v-h4-mao-yi'),
  ('lesson-h4-ia-63', 'v-h4-mao-zi'),
  ('lesson-h4-ia-64', 'v-h4-mei-cuo'),
  ('lesson-h4-ia-64', 'v-h4-mei-xiang-dao'),
  ('lesson-h4-ia-64', 'v-h4-mei-jin'),
  ('lesson-h4-ia-64', 'v-h4-meng'),
  ('lesson-h4-ia-64', 'v-h4-meng-jian'),
  ('lesson-h4-ia-64', 'v-h4-meng-xiang'),
  ('lesson-h4-ia-64', 'v-h4-mi-mi'),
  ('lesson-h4-ia-65', 'v-h4-mi-shu'),
  ('lesson-h4-ia-65', 'v-h4-mi'),
  ('lesson-h4-ia-65', 'v-h4-mi-ma'),
  ('lesson-h4-ia-65', 'v-h4-mian-fei'),
  ('lesson-h4-ia-65', 'v-h4-mian-lin'),
  ('lesson-h4-ia-65', 'v-h4-miao-shu'),
  ('lesson-h4-ia-65', 'v-h4-miao-xie'),
  ('lesson-h4-ia-66', 'v-h4-mingpair5'),
  ('lesson-h4-ia-66', 'v-h4-ming-pian'),
  ('lesson-h4-ia-66', 'v-h4-ming-ren'),
  ('lesson-h4-ia-66', 'v-h4-mo'),
  ('lesson-h4-ia-66', 'v-h4-mo-te-r'),
  ('lesson-h4-ia-66', 'v-h4-mo-xing'),
  ('lesson-h4-ia-66', 'v-h4-mo-2'),
  ('lesson-h4-ia-67', 'v-h4-mo-mo'),
  ('lesson-h4-ia-67', 'v-h4-na-pa'),
  ('lesson-h4-ia-67', 'v-h4-nan-nu'),
  ('lesson-h4-ia-67', 'v-h4-nan-shi'),
  ('lesson-h4-ia-67', 'v-h4-nan-mian'),
  ('lesson-h4-ia-67', 'v-h4-nao-dai'),
  ('lesson-h4-ia-67', 'v-h4-nao'),
  ('lesson-h4-ia-68', 'v-h4-nao-zhong'),
  ('lesson-h4-ia-68', 'v-h4-nei-bu'),
  ('lesson-h4-ia-68', 'v-h4-nei-ke'),
  ('lesson-h4-ia-68', 'v-h4-neng-gan'),
  ('lesson-h4-ia-68', 'v-h4-ning-jing'),
  ('lesson-h4-ia-68', 'v-h4-nong'),
  ('lesson-h4-ia-68', 'v-h4-nu-shi'),
  ('lesson-h4-ia-69', 'v-h4-nuan-qi'),
  ('lesson-h4-ia-69', 'v-h4-pai-zhao'),
  ('lesson-h4-ia-69', 'v-h4-pai-lie'),
  ('lesson-h4-ia-69', 'v-h4-pai'),
  ('lesson-h4-ia-69', 'v-h4-pan'),
  ('lesson-h4-ia-69', 'v-h4-pan-zi'),
  ('lesson-h4-ia-69', 'v-h4-pang-zi'),
  ('lesson-h4-ia-70', 'v-h4-pei-xun'),
  ('lesson-h4-ia-70', 'v-h4-pei-yang'),
  ('lesson-h4-ia-70', 'v-h4-pi'),
  ('lesson-h4-ia-70', 'v-h4-pian-mian'),
  ('lesson-h4-ia-70', 'v-h4-pin-zhi'),
  ('lesson-h4-ia-70', 'v-h4-ping-fang'),
  ('lesson-h4-ia-70', 'v-h4-ping-jing'),
  ('lesson-h4-ia-71', 'v-h4-ping-jun'),
  ('lesson-h4-ia-71', 'v-h4-ping-wen'),
  ('lesson-h4-ia-71', 'v-h4-po-qie'),
  ('lesson-h4-ia-71', 'v-h4-po-chan'),
  ('lesson-h4-ia-71', 'v-h4-qi-dai'),
  ('lesson-h4-ia-71', 'v-h4-qi-jian'),
  ('lesson-h4-ia-71', 'v-h4-qi-mo'),
  ('lesson-h4-ia-72', 'v-h4-qi-xian'),
  ('lesson-h4-ia-72', 'v-h4-qi-zhong'),
  ('lesson-h4-ia-72', 'v-h4-qi-yu'),
  ('lesson-h4-ia-72', 'v-h4-qi-ye'),
  ('lesson-h4-ia-72', 'v-h4-qi-qiu'),
  ('lesson-h4-ia-72', 'v-qishui'),
  ('lesson-h4-ia-72', 'v-h4-qi-you'),
  ('lesson-h4-ia-73', 'v-h4-qian-tou'),
  ('lesson-h4-ia-73', 'v-h4-qian-tu'),
  ('lesson-h4-ia-73', 'v-h4-jian-2'),
  ('lesson-h4-ia-73', 'v-h4-qiao-ke-li'),
  ('lesson-h4-ia-73', 'v-h4-qie'),
  ('lesson-h4-ia-73', 'v-h4-qin-ai'),
  ('lesson-h4-ia-73', 'v-h4-qin-mi'),
  ('lesson-h4-ia-74', 'v-h4-qing-chun'),
  ('lesson-h4-ia-74', 'v-h4-qing-song'),
  ('lesson-h4-ia-74', 'v-h4-qing-yi'),
  ('lesson-h4-ia-74', 'v-h4-qing-xing'),
  ('lesson-h4-ia-74', 'v-h4-qing-jing'),
  ('lesson-h4-ia-74', 'v-h4-qiong'),
  ('lesson-h4-ia-74', 'v-h4-qiong-ren'),
  ('lesson-h4-ia-75', 'v-h4-qiu-ji'),
  ('lesson-h4-ia-75', 'v-h4-qu-shi'),
  ('lesson-h4-ia-75', 'v-h4-juan-2'),
  ('lesson-h4-ia-75', 'v-h4-quan-li'),
  ('lesson-h4-ia-75', 'v-h4-que'),
  ('lesson-h4-ia-75', 'v-h4-que-ren'),
  ('lesson-h4-ia-75', 'v-h4-ran-liao'),
  ('lesson-h4-ia-76', 'v-h4-ran-shao'),
  ('lesson-h4-ia-76', 'v-h4-re-nao'),
  ('lesson-h4-ia-76', 'v-h4-re-xin'),
  ('lesson-h4-ia-76', 'v-h4-ren-jia'),
  ('lesson-h4-ia-76', 'v-h4-ri-ji'),
  ('lesson-h4-ia-76', 'v-h4-ri-li'),
  ('lesson-h4-ia-76', 'v-h4-ru-jin'),
  ('lesson-h4-ia-77', 'v-h4-ruo'),
  ('lesson-h4-ia-77', 'v-h4-san'),
  ('lesson-h4-ia-77', 'v-h4-san-2'),
  ('lesson-h4-ia-77', 'v-h4-sao'),
  ('lesson-h4-ia-77', 'v-h4-se'),
  ('lesson-h4-ia-77', 'v-h4-se-cai'),
  ('lesson-h4-ia-77', 'v-h4-shai'),
  ('lesson-h4-ia-78', 'v-h4-shan-2'),
  ('lesson-h4-ia-78', 'v-h4-shan-dian'),
  ('lesson-h4-ia-78', 'v-h4-shan-liang'),
  ('lesson-h4-ia-78', 'v-h4-shan-yu'),
  ('lesson-h4-ia-78', 'v-h4-shang-wu'),
  ('lesson-h4-ia-78', 'v-h4-shang'),
  ('lesson-h4-ia-78', 'v-h4-shang-ge-yue'),
  ('lesson-h4-ia-79', 'v-h4-shang-lou'),
  ('lesson-h4-ia-79', 'v-h4-shang-men'),
  ('lesson-h4-ia-79', 'v-h4-shao'),
  ('lesson-h4-ia-79', 'v-h4-she-shi'),
  ('lesson-h4-ia-79', 'v-h4-shen-cai'),
  ('lesson-h4-ia-79', 'v-h4-shen-fen'),
  ('lesson-h4-ia-79', 'v-h4-shen-gao'),
  ('lesson-h4-ia-80', 'v-h4-shen-hou'),
  ('lesson-h4-ia-80', 'v-h4-shen-hua'),
  ('lesson-h4-ia-80', 'v-h4-shen-mi'),
  ('lesson-h4-ia-80', 'v-h4-shen-zhi'),
  ('lesson-h4-ia-80', 'v-h4-shi-bai'),
  ('lesson-h4-ia-80', 'v-h4-shi-ye'),
  ('lesson-h4-ia-80', 'v-h4-shi'),
  ('lesson-h4-ia-81', 'v-h4-shi-ren'),
  ('lesson-h4-ia-81', 'v-h4-shi-2'),
  ('lesson-h4-ia-81', 'v-h4-shi-shi'),
  ('lesson-h4-ia-81', 'v-h4-shi-yong'),
  ('lesson-h4-ia-81', 'v-h4-shi-tang'),
  ('lesson-h4-ia-81', 'v-h4-shi-jin'),
  ('lesson-h4-ia-81', 'v-h4-shi-bing'),
  ('lesson-h4-ia-82', 'v-h4-shi-qu'),
  ('lesson-h4-ia-82', 'v-h4-shi-wu'),
  ('lesson-h4-ia-82', 'v-h4-shi-xian'),
  ('lesson-h4-ia-82', 'v-h4-shi-juan'),
  ('lesson-h4-ia-82', 'v-h4-shi-fou'),
  ('lesson-h4-ia-82', 'v-h4-shou-hui'),
  ('lesson-h4-ia-82', 'v-h4-shou-huo'),
  ('lesson-h4-ia-83', 'v-h4-shou-yi'),
  ('lesson-h4-ia-83', 'v-h4-shou-gong'),
  ('lesson-h4-ia-83', 'v-h4-shou-li'),
  ('lesson-h4-ia-83', 'v-h4-shou-shu'),
  ('lesson-h4-ia-83', 'v-h4-shou-tao'),
  ('lesson-h4-ia-83', 'v-h4-shou'),
  ('lesson-h4-ia-83', 'v-h4-shou-2'),
  ('lesson-h4-ia-84', 'v-h4-shou-bu-liao'),
  ('lesson-h4-ia-84', 'v-h4-shou-huo-yuan'),
  ('lesson-h4-ia-84', 'v-h4-shu-shu'),
  ('lesson-h4-ia-84', 'v-h4-shu-shi'),
  ('lesson-h4-ia-84', 'v-h4-shu-lian'),
  ('lesson-h4-ia-84', 'v-h4-shu-jia'),
  ('lesson-h4-ia-84', 'v-h4-shu-lin'),
  ('lesson-h4-ia-85', 'v-h4-shu-ye'),
  ('lesson-h4-ia-85', 'v-h4-shu-ma'),
  ('lesson-h4-ia-85', 'v-h4-shua'),
  ('lesson-h4-ia-85', 'v-h4-shua-ya'),
  ('lesson-h4-ia-85', 'v-h4-shua-zi'),
  ('lesson-h4-ia-85', 'v-h4-shuai'),
  ('lesson-h4-ia-85', 'v-h4-shuai-ge'),
  ('lesson-h4-ia-86', 'v-h4-shun-xu'),
  ('lesson-h4-ia-86', 'v-h4-shuo-bu-ding'),
  ('lesson-h4-ia-86', 'v-h4-si-kao'),
  ('lesson-h4-ia-86', 'v-h4-song'),
  ('lesson-h4-ia-86', 'v-h4-song-shu'),
  ('lesson-h4-ia-86', 'v-h4-su-liao'),
  ('lesson-h4-ia-86', 'v-h4-su-liao-dai'),
  ('lesson-h4-ia-87', 'v-h4-suan'),
  ('lesson-h4-ia-87', 'v-h4-suan-nai'),
  ('lesson-h4-ia-87', 'v-h4-sun-nu'),
  ('lesson-h4-ia-87', 'v-h4-suo-duan'),
  ('lesson-h4-ia-87', 'v-h4-suo-xiao'),
  ('lesson-h4-ia-87', 'v-h4-tai-jie'),
  ('lesson-h4-ia-87', 'v-h4-tai-shang'),
  ('lesson-h4-ia-88', 'v-h4-tang'),
  ('lesson-h4-ia-88', 'v-h4-tao-can'),
  ('lesson-h4-ia-88', 'v-h4-te-jia'),
  ('lesson-h4-ia-88', 'v-h4-te-shu'),
  ('lesson-h4-ia-88', 'v-h4-te-zheng'),
  ('lesson-h4-ia-88', 'v-h4-ti-gong'),
  ('lesson-h4-ia-88', 'v-h4-ti-xing'),
  ('lesson-h4-ia-89', 'v-h4-ti-cao'),
  ('lesson-h4-ia-89', 'v-h4-ti-jian'),
  ('lesson-h4-ia-89', 'v-h4-ti-zhong'),
  ('lesson-h4-ia-89', 'v-h4-ti'),
  ('lesson-h4-ia-89', 'v-h4-ti-dai'),
  ('lesson-h4-ia-89', 'v-h4-tian-zhen'),
  ('lesson-h4-ia-89', 'v-h4-tian'),
  ('lesson-h4-ia-90', 'v-h4-tian-kong'),
  ('lesson-h4-ia-90', 'v-h4-tiao'),
  ('lesson-h4-ia-90', 'v-h4-tiao-xuan'),
  ('lesson-h4-ia-90', 'v-h4-tie'),
  ('lesson-h4-ia-90', 'v-h4-ting-xia'),
  ('lesson-h4-ia-90', 'v-h4-tong-zhi-shu'),
  ('lesson-h4-ia-90', 'v-h4-tong-qing'),
  ('lesson-h4-ia-91', 'v-h4-tong-hua'),
  ('lesson-h4-ia-91', 'v-h4-tong-nian'),
  ('lesson-h4-ia-91', 'v-h4-tong-ji'),
  ('lesson-h4-ia-91', 'v-h4-tong-kuai'),
  ('lesson-h4-ia-91', 'v-h4-tou'),
  ('lesson-h4-ia-91', 'v-h4-tou-ru'),
  ('lesson-h4-ia-91', 'v-h4-tou-su'),
  ('lesson-h4-ia-92', 'v-h4-tou-zi'),
  ('lesson-h4-ia-92', 'v-h4-tou-2'),
  ('lesson-h4-ia-92', 'v-h4-tou-ming'),
  ('lesson-h4-ia-92', 'v-h4-tu-an'),
  ('lesson-h4-ia-92', 'v-h4-tu-zhong'),
  ('lesson-h4-ia-92', 'v-h4-tu-di'),
  ('lesson-h4-ia-92', 'v-h4-tui-chi'),
  ('lesson-h4-ia-93', 'v-h4-tui-xiao'),
  ('lesson-h4-ia-93', 'v-h4-tuo'),
  ('lesson-h4-ia-93', 'v-h4-wa-zi'),
  ('lesson-h4-ia-93', 'v-h4-wai-hui'),
  ('lesson-h4-ia-93', 'v-h4-wai-jiao-guan'),
  ('lesson-h4-ia-93', 'v-h4-wai-tao'),
  ('lesson-h4-ia-93', 'v-h4-wan'),
  ('lesson-h4-ia-94', 'v-h4-wan-yi'),
  ('lesson-h4-ia-94', 'v-h4-wang'),
  ('lesson-h4-ia-94', 'v-h4-wang-zhi'),
  ('lesson-h4-ia-94', 'v-h4-wei-xiao'),
  ('lesson-h4-ia-94', 'v-h4-wei-jin'),
  ('lesson-h4-ia-94', 'v-h4-wei-hu'),
  ('lesson-h4-ia-94', 'v-h4-wei-ba'),
  ('lesson-h4-ia-95', 'v-h4-wei-bi'),
  ('lesson-h4-ia-95', 'v-h4-wei-lai'),
  ('lesson-h4-ia-95', 'v-h4-wei-yu'),
  ('lesson-h4-ia-95', 'v-h4-wei-zhi'),
  ('lesson-h4-ia-95', 'v-h4-wei-r'),
  ('lesson-h4-ia-95', 'v-h4-wen'),
  ('lesson-h4-ia-95', 'v-h4-wen-ding'),
  ('lesson-h4-ia-96', 'v-h4-wu'),
  ('lesson-h4-ia-96', 'v-h4-wu-fa'),
  ('lesson-h4-ia-96', 'v-h4-wu-liao'),
  ('lesson-h4-ia-96', 'v-h4-wu-lun'),
  ('lesson-h4-ia-96', 'v-h4-wu-shu'),
  ('lesson-h4-ia-96', 'v-h4-wu-suo-wei'),
  ('lesson-h4-ia-96', 'v-h4-wu-xian'),
  ('lesson-h4-ia-97', 'v-h4-wu-yan-liu-se'),
  ('lesson-h4-ia-97', 'v-h4-wu-hui'),
  ('lesson-h4-ia-97', 'v-h4-xi'),
  ('lesson-h4-ia-97', 'v-h4-xi-guan'),
  ('lesson-h4-ia-97', 'v-h4-xi-shou'),
  ('lesson-h4-ia-97', 'v-h4-xi-yan'),
  ('lesson-h4-ia-97', 'v-h4-xi-gua'),
  ('lesson-h4-ia-98', 'v-h4-xi-ai'),
  ('lesson-h4-ia-98', 'v-h4-xi-lie'),
  ('lesson-h4-ia-98', 'v-h4-xi-tong'),
  ('lesson-h4-ia-98', 'v-h4-xi-2'),
  ('lesson-h4-ia-98', 'v-h4-xi-zhi'),
  ('lesson-h4-ia-98', 'v-h4-xia-jiang'),
  ('lesson-h4-ia-98', 'v-h4-xia-lou'),
  ('lesson-h4-ia-99', 'v-h4-xia-ji'),
  ('lesson-h4-ia-99', 'v-h4-xian'),
  ('lesson-h4-ia-99', 'v-h4-xian-hua'),
  ('lesson-h4-ia-99', 'v-h4-xian-ming'),
  ('lesson-h4-ia-99', 'v-h4-xian-2'),
  ('lesson-h4-ia-99', 'v-h4-xian-zhu'),
  ('lesson-h4-ia-99', 'v-h4-xian-3'),
  ('lesson-h4-ia-100', 'v-h4-xian-zhi'),
  ('lesson-h4-ia-100', 'v-h4-xiang-chu'),
  ('lesson-h4-ia-100', 'v-h4-xiang-fan'),
  ('lesson-h4-ia-100', 'v-h4-xiang-pian'),
  ('lesson-h4-ia-100', 'v-h4-xiang'),
  ('lesson-h4-ia-100', 'v-h4-xiang-zi'),
  ('lesson-h4-ia-100', 'v-h4-xiang-nian'),
  ('lesson-h4-ia-101', 'v-h4-xiang-xiang'),
  ('lesson-h4-ia-101', 'v-h4-xiang-2'),
  ('lesson-h4-ia-101', 'v-h4-xiang-mu'),
  ('lesson-h4-ia-101', 'v-h4-xiao-hua'),
  ('lesson-h4-ia-101', 'v-h4-xiao-shou'),
  ('lesson-h4-ia-101', 'v-h4-xiao-chi'),
  ('lesson-h4-ia-101', 'v-h4-xiao-huo-zi'),
  ('lesson-h4-ia-102', 'v-h4-xiao-xing'),
  ('lesson-h4-ia-102', 'v-h4-xin-li'),
  ('lesson-h4-ia-102', 'v-h4-xin-lang'),
  ('lesson-h4-ia-102', 'v-h4-xin-niang'),
  ('lesson-h4-ia-102', 'v-h4-xin-xing'),
  ('lesson-h4-ia-102', 'v-h4-hang-ye'),
  ('lesson-h4-ia-102', 'v-h4-xing-rong'),
  ('lesson-h4-ia-103', 'v-h4-xing-shi'),
  ('lesson-h4-ia-103', 'v-h4-xing'),
  ('lesson-h4-ia-103', 'v-h4-xing-hao'),
  ('lesson-h4-ia-103', 'v-h4-xing-2'),
  ('lesson-h4-ia-103', 'v-h4-xing-fen'),
  ('lesson-h4-ia-103', 'v-h4-xing-qu'),
  ('lesson-h4-ia-103', 'v-h4-xing-zhi'),
  ('lesson-h4-ia-104', 'v-h4-xiong-di'),
  ('lesson-h4-ia-104', 'v-h4-xiong-bu'),
  ('lesson-h4-ia-104', 'v-h4-xiu-li'),
  ('lesson-h4-ia-104', 'v-h4-xuan-ze'),
  ('lesson-h4-ia-104', 'v-h4-xue-fen'),
  ('lesson-h4-ia-104', 'v-h4-xue-nian'),
  ('lesson-h4-ia-104', 'v-h4-xue-shi'),
  ('lesson-h4-ia-105', 'v-h4-xue-shu'),
  ('lesson-h4-ia-105', 'v-h4-xue-wen'),
  ('lesson-h4-ia-105', 'v-h4-xun-zhao'),
  ('lesson-h4-ia-105', 'v-h4-xun-su'),
  ('lesson-h4-ia-105', 'v-h4-ya'),
  ('lesson-h4-ia-105', 'v-h4-ya-shua'),
  ('lesson-h4-ia-105', 'v-h4-ya-yun-hui'),
  ('lesson-h4-ia-106', 'v-h4-ya-2'),
  ('lesson-h4-ia-106', 'v-h4-yan-qi'),
  ('lesson-h4-ia-106', 'v-h4-yan-xu'),
  ('lesson-h4-ia-106', 'v-h4-yan-chang'),
  ('lesson-h4-ia-106', 'v-h4-yan'),
  ('lesson-h4-ia-106', 'v-h4-yan-ge'),
  ('lesson-h4-ia-106', 'v-h4-yan-zhong'),
  ('lesson-h4-ia-107', 'v-h4-yan-jiu'),
  ('lesson-h4-ia-107', 'v-h4-yan-jiu-sheng'),
  ('lesson-h4-ia-107', 'v-h4-yan-2'),
  ('lesson-h4-ia-107', 'v-h4-yan-jing'),
  ('lesson-h4-ia-107', 'v-h4-yan-lei'),
  ('lesson-h4-ia-107', 'v-h4-yanli'),
  ('lesson-h4-ia-107', 'v-h4-yan-jiang'),
  ('lesson-h4-ia-108', 'v-h4-yang-tai'),
  ('lesson-h4-ia-108', 'v-h4-yang-cheng'),
  ('lesson-h4-ia-108', 'v-h4-yao'),
  ('lesson-h4-ia-108', 'v-h4-yao-2'),
  ('lesson-h4-ia-108', 'v-h4-yao-wu'),
  ('lesson-h4-ia-108', 'v-h4-ye-yu'),
  ('lesson-h4-ia-108', 'v-h4-ye-zi'),
  ('lesson-h4-ia-109', 'v-h4-yi-ban-lai-shuo'),
  ('lesson-h4-ia-109', 'v-h4-yi-lu'),
  ('lesson-h4-ia-109', 'v-h4-yi-zai'),
  ('lesson-h4-ia-109', 'v-h4-yi-zhi'),
  ('lesson-h4-ia-109', 'v-h4-yi-liao'),
  ('lesson-h4-ia-109', 'v-h4-yi-xue'),
  ('lesson-h4-ia-109', 'v-h4-yi-kao'),
  ('lesson-h4-ia-110', 'v-h4-yi-ran'),
  ('lesson-h4-ia-110', 'v-h4-yi'),
  ('lesson-h4-ia-110', 'v-h4-yi-dong'),
  ('lesson-h4-ia-110', 'v-h4-yi-min'),
  ('lesson-h4-ia-110', 'v-h4-yi-chan'),
  ('lesson-h4-ia-110', 'v-h4-yi-chuan'),
  ('lesson-h4-ia-110', 'v-h4-yi-wen'),
  ('lesson-h4-ia-111', 'v-h4-yi-ji'),
  ('lesson-h4-ia-111', 'v-h4-yi-nei'),
  ('lesson-h4-ia-111', 'v-h4-yi-wu'),
  ('lesson-h4-ia-111', 'v-h4-yin'),
  ('lesson-h4-ia-111', 'v-h4-yin-dao'),
  ('lesson-h4-ia-111', 'v-h4-yin-jin'),
  ('lesson-h4-ia-111', 'v-h4-ying'),
  ('lesson-h4-ia-112', 'v-h4-ying-yong'),
  ('lesson-h4-ia-112', 'v-h4-ying-ye'),
  ('lesson-h4-ia-112', 'v-h4-ying-de'),
  ('lesson-h4-ia-112', 'v-h4-ying-zi'),
  ('lesson-h4-ia-112', 'v-h4-yong-gan'),
  ('lesson-h4-ia-112', 'v-h4-yong-qi'),
  ('lesson-h4-ia-112', 'v-h4-you-liang'),
  ('lesson-h4-ia-113', 'v-h4-you-mei'),
  ('lesson-h4-ia-113', 'v-h4-you-xiu'),
  ('lesson-h4-ia-113', 'v-h4-youjinr5'),
  ('lesson-h4-ia-113', 'v-h4-you-qu'),
  ('lesson-h4-ia-113', 'v-h4-you-xian'),
  ('lesson-h4-ia-113', 'v-h4-you-er-yuan'),
  ('lesson-h4-ia-113', 'v-h4-yu-fa'),
  ('lesson-h4-ia-114', 'v-h4-yu-yin'),
  ('lesson-h4-ia-114', 'v-h4-yu'),
  ('lesson-h4-ia-114', 'v-h4-yu-mi'),
  ('lesson-h4-ia-114', 'v-h4-yu-ce'),
  ('lesson-h4-ia-114', 'v-h4-yu-ding'),
  ('lesson-h4-ia-114', 'v-h4-yu-2'),
  ('lesson-h4-ia-114', 'v-h4-yu-dao'),
  ('lesson-h4-ia-115', 'v-h4-yu-jian'),
  ('lesson-h4-ia-115', 'v-h4-yuan-liao'),
  ('lesson-h4-ia-115', 'v-h4-yuan-ze'),
  ('lesson-h4-ia-115', 'v-h4-yuan'),
  ('lesson-h4-ia-115', 'v-h4-yuan-man'),
  ('lesson-h4-ia-115', 'v-h4-yue-di'),
  ('lesson-h4-ia-115', 'v-h4-yue-du'),
  ('lesson-h4-ia-116', 'v-h4-yun-dong-hui'),
  ('lesson-h4-ia-116', 'v-h4-yun-dong-yuan'),
  ('lesson-h4-ia-116', 'v-h4-yun-qi'),
  ('lesson-h4-ia-116', 'v-h4-yun-yong'),
  ('lesson-h4-ia-116', 'v-h4-zai-san'),
  ('lesson-h4-ia-116', 'v-h4-zai-hu'),
  ('lesson-h4-ia-116', 'v-h4-zai-yu'),
  ('lesson-h4-ia-117', 'v-h4-zan-shang'),
  ('lesson-h4-ia-117', 'v-h4-zan-zhu'),
  ('lesson-h4-ia-117', 'v-h4-zao-xing'),
  ('lesson-h4-ia-117', 'v-h4-zhan-dou'),
  ('lesson-h4-ia-117', 'v-h4-zhan-sheng'),
  ('lesson-h4-ia-117', 'v-h4-zhan-shi'),
  ('lesson-h4-ia-117', 'v-h4-zhan-zheng'),
  ('lesson-h4-ia-118', 'v-h4-chang-tu'),
  ('lesson-h4-ia-118', 'v-h4-zhang-fu'),
  ('lesson-h4-ia-118', 'v-h4-zhao-hu'),
  ('lesson-h4-ia-118', 'v-h4-she'),
  ('lesson-h4-ia-118', 'v-h4-zhao-huo'),
  ('lesson-h4-ia-118', 'v-h4-zhao-ji'),
  ('lesson-h4-ia-118', 'v-h4-zhen'),
  ('lesson-h4-ia-119', 'v-h4-zhen-dui'),
  ('lesson-h4-ia-119', 'v-h4-zhen-2'),
  ('lesson-h4-ia-119', 'v-h4-zheng-lun'),
  ('lesson-h4-ia-119', 'v-h4-zheng-fu'),
  ('lesson-h4-ia-119', 'v-h4-zheng-qiu'),
  ('lesson-h4-ia-119', 'v-h4-zheng-fu-2'),
  ('lesson-h4-ia-119', 'v-h4-zheng-zhi'),
  ('lesson-h4-ia-120', 'v-h4-zhi-hou'),
  ('lesson-h4-ia-120', 'v-h4-zhi-jian'),
  ('lesson-h4-ia-120', 'v-h4-zhi-qian'),
  ('lesson-h4-ia-120', 'v-h4-zhi-yi'),
  ('lesson-h4-ia-120', 'v-h4-zhi-wu'),
  ('lesson-h4-ia-120', 'v-h4-zhi-hui'),
  ('lesson-h4-ia-120', 'v-h4-zhi-ding'),
  ('lesson-h4-ia-121', 'v-h4-zhi'),
  ('lesson-h4-ia-121', 'v-h4-zhi-liao'),
  ('lesson-h4-ia-121', 'v-h4-zhi-liang'),
  ('lesson-h4-ia-121', 'v-h4-zhi-li'),
  ('lesson-h4-ia-121', 'v-h4-zhi-neng'),
  ('lesson-h4-ia-121', 'v-h4-zhong-jiang'),
  ('lesson-h4-ia-121', 'v-h4-zhong-jie'),
  ('lesson-h4-ia-122', 'v-h4-zhong-lei'),
  ('lesson-h4-ia-122', 'v-h4-zhong-zhi'),
  ('lesson-h4-ia-122', 'v-h4-zhong-liang'),
  ('lesson-h4-ia-122', 'v-h4-zhu-jian'),
  ('lesson-h4-ia-122', 'v-h4-zhu-ti'),
  ('lesson-h4-ia-122', 'v-h4-zhu-xi'),
  ('lesson-h4-ia-122', 'v-h4-zhu-fu'),
  ('lesson-h4-ia-123', 'v-h4-zhu-ming'),
  ('lesson-h4-ia-123', 'v-h4-zhu-zuo'),
  ('lesson-h4-ia-123', 'v-h4-zhuan-xin'),
  ('lesson-h4-ia-123', 'v-h4-zhuan-dong'),
  ('lesson-h4-ia-123', 'v-h4-zhuan-gao'),
  ('lesson-h4-ia-123', 'v-h4-zhuan-shen'),
  ('lesson-h4-ia-123', 'v-h4-zhuan-wan'),
  ('lesson-h4-ia-124', 'v-h4-zhuang-xiu'),
  ('lesson-h4-ia-124', 'v-h4-zhui-qiu'),
  ('lesson-h4-ia-124', 'v-h4-zhun-shi'),
  ('lesson-h4-ia-124', 'v-h4-zi-liao'),
  ('lesson-h4-ia-124', 'v-h4-zi-yuan'),
  ('lesson-h4-ia-124', 'v-h4-zi-mu'),
  ('lesson-h4-ia-124', 'v-h4-zi'),
  ('lesson-h4-ia-125', 'v-h4-zi-xin'),
  ('lesson-h4-ia-125', 'v-h4-zong-he'),
  ('lesson-h4-ia-125', 'v-h4-zong-gong'),
  ('lesson-h4-ia-125', 'v-h4-zong-li'),
  ('lesson-h4-ia-125', 'v-h4-zong-tong'),
  ('lesson-h4-ia-125', 'v-h4-zong-zhi'),
  ('lesson-h4-ia-125', 'v-h4-zu-zhi'),
  ('lesson-h4-ia-126', 'v-h4-zui-ba'),
  ('lesson-h4-ia-126', 'v-h4-zuo-chu'),
  ('lesson-h4-ia-126', 'v-h4-zuo-wei'),
  ('lesson-h4-ia-126', 'v-h4-zuo-meng'),
  ('lesson-h4-ia-review', 'v-h4-a-yi'),
  ('lesson-h4-ia-review', 'v-h4-ai'),
  ('lesson-h4-ia-review', 'v-h4-ai-xiao'),
  ('lesson-h4-ia-review', 'v-h4-ai-guo'),
  ('lesson-h4-ia-review', 'v-h4-ai-hu'),
  ('lesson-h4-ia-review', 'v-h4-an'),
  ('lesson-h4-ia-review', 'v-h4-an-zhi'),
  ('lesson-h4-ia-review', 'v-h4-an-shi'),
  ('lesson-h4-ia-review', 'v-h4-an-2'),
  ('lesson-h4-ia-review', 'v-h4-ba-shi'),
  ('lesson-h4-ia-review', 'v-h4-bai-huo'),
  ('lesson-h4-ia-review', 'v-h4-bai'),
  ('lesson-h4-ia-review', 'v-h4-bai-dong'),
  ('lesson-h4-ia-review', 'v-h4-bai-tuo'),
  ('lesson-h4-ib-1', 'v-h4-an-shi-2'),
  ('lesson-h4-ib-1', 'v-h4-cai-fang'),
  ('lesson-h4-ib-1', 'v-h4-cu-jin'),
  ('lesson-h4-ib-1', 'v-h4-cu-xiao'),
  ('lesson-h4-ib-1', 'v-h4-dan-ren'),
  ('lesson-h4-ib-1', 'v-h4-dao-che'),
  ('lesson-h4-ib-1', 'v-h4-gai-shan'),
  ('lesson-h4-ib-2', 'v-h4-hui-fu'),
  ('lesson-h4-ib-2', 'v-h4-ji-yu'),
  ('lesson-h4-ib-2', 'v-h4-jia-ban'),
  ('lesson-h4-ib-2', 'v-h4-lie-che'),
  ('lesson-h4-ib-2', 'v-h4-mian-shi'),
  ('lesson-h4-ib-2', 'v-h4-pei-xun-ban'),
  ('lesson-h4-ib-2', 'v-h4-pei-yu'),
  ('lesson-h4-ib-3', 'v-h4-shen-qing'),
  ('lesson-h4-ib-3', 'v-h4-wan-dian'),
  ('lesson-h4-ib-3', 'v-h4-wei-xin'),
  ('lesson-h4-ib-3', 'v-h4-xiao-lu'),
  ('lesson-h4-ib-3', 'v-h4-xin-xian'),
  ('lesson-h4-ib-3', 'v-h4-yan-zhi'),
  ('lesson-h4-ib-3', 'v-h4-you-ju'),
  ('lesson-h4-ib-4', 'v-h4-zhao-kai'),
  ('lesson-h4-ib-review', 'v-h4-an-shi-2'),
  ('lesson-h4-ib-review', 'v-h4-cai-fang'),
  ('lesson-h4-ib-review', 'v-h4-cu-jin'),
  ('lesson-h4-ib-review', 'v-h4-cu-xiao'),
  ('lesson-h4-ib-review', 'v-h4-dan-ren'),
  ('lesson-h4-ib-review', 'v-h4-dao-che'),
  ('lesson-h4-ib-review', 'v-h4-gai-shan'),
  ('lesson-h4-ib-review', 'v-h4-hui-fu'),
  ('lesson-h4-ib-review', 'v-h4-ji-yu'),
  ('lesson-h4-ib-review', 'v-h4-jia-ban'),
  ('lesson-h4-ib-review', 'v-h4-lie-che'),
  ('lesson-h4-ib-review', 'v-h4-mian-shi'),
  ('lesson-h4-ib-review', 'v-h4-pei-xun-ban'),
  ('lesson-h4-ib-review', 'v-h4-pei-yu'),
  ('lesson-h4-ic-1', 'v-h4-chang-pian'),
  ('lesson-h4-ic-1', 'v-h4-che'),
  ('lesson-h4-ic-1', 'v-h4-fan-yi'),
  ('lesson-h4-ic-1', 'v-h4-fang-song'),
  ('lesson-h4-ic-1', 'v-h4-hong-bao'),
  ('lesson-h4-ic-1', 'v-h4-jian-shen'),
  ('lesson-h4-ic-1', 'v-h4-kuai-di'),
  ('lesson-h4-ic-2', 'v-h4-lai-yuan'),
  ('lesson-h4-ic-2', 'v-h4-lu-qu'),
  ('lesson-h4-ic-2', 'v-h4-qi-guan'),
  ('lesson-h4-ic-2', 'v-h4-she-zhi'),
  ('lesson-h4-ic-2', 'v-h4-shi-wang'),
  ('lesson-h4-ic-2', 'v-h4-shu-ju'),
  ('lesson-h4-ic-2', 'v-h4-shui-zhao'),
  ('lesson-h4-ic-3', 'v-h4-sui-shou'),
  ('lesson-h4-ic-3', 'v-h4-tiao-zhan'),
  ('lesson-h4-ic-3', 'v-h4-wang-luo'),
  ('lesson-h4-ic-3', 'v-h4-xi-yin'),
  ('lesson-h4-ic-3', 'v-h4-xia-zai'),
  ('lesson-h4-ic-3', 'v-h4-yi-lun'),
  ('lesson-h4-ic-3', 'v-h4-yong-tu'),
  ('lesson-h4-ic-4', 'v-h4-yue-hui'),
  ('lesson-h4-ic-4', 'v-h4-zan-cheng'),
  ('lesson-h4-ic-4', 'v-h4-zhu-bu'),
  ('lesson-h4-ic-4', 'v-h4-zhuang-zhi'),
  ('lesson-h4-ic-review', 'v-h4-chang-pian'),
  ('lesson-h4-ic-review', 'v-h4-che'),
  ('lesson-h4-ic-review', 'v-h4-fan-yi'),
  ('lesson-h4-ic-review', 'v-h4-fang-song'),
  ('lesson-h4-ic-review', 'v-h4-hong-bao'),
  ('lesson-h4-ic-review', 'v-h4-jian-shen'),
  ('lesson-h4-ic-review', 'v-h4-kuai-di'),
  ('lesson-h4-ic-review', 'v-h4-lai-yuan'),
  ('lesson-h4-ic-review', 'v-h4-lu-qu'),
  ('lesson-h4-ic-review', 'v-h4-qi-guan'),
  ('lesson-h4-ic-review', 'v-h4-she-zhi'),
  ('lesson-h4-ic-review', 'v-h4-shi-wang'),
  ('lesson-h4-ic-review', 'v-h4-shu-ju'),
  ('lesson-h4-ic-review', 'v-h4-shui-zhao'),
  ('lesson-h4-id-1', 'v-h4-ban-shi'),
  ('lesson-h4-id-1', 'v-h4-da-ma'),
  ('lesson-h4-id-1', 'v-h4-dui-fu'),
  ('lesson-h4-id-1', 'v-h4-fou-ze'),
  ('lesson-h4-id-1', 'v-h4-fu-qi'),
  ('lesson-h4-id-1', 'v-h4-fu-dan'),
  ('lesson-h4-id-1', 'v-h4-jia-ru-2'),
  ('lesson-h4-id-2', 'v-h4-ke'),
  ('lesson-h4-id-2', 'v-h4-lao-po'),
  ('lesson-h4-id-2', 'v-h4-lie-wei'),
  ('lesson-h4-id-2', 'v-h4-meifar5'),
  ('lesson-h4-id-2', 'v-h4-mei-nu'),
  ('lesson-h4-id-2', 'v-h4-qi-zi'),
  ('lesson-h4-id-2', 'v-h4-shang-hai'),
  ('lesson-h4-id-3', 'v-h4-shuo-fu'),
  ('lesson-h4-id-3', 'v-h4-shi-de'),
  ('lesson-h4-id-3', 'v-h4-si-hu'),
  ('lesson-h4-id-3', 'v-h4-tong-yi'),
  ('lesson-h4-id-3', 'v-h4-xi-jie'),
  ('lesson-h4-id-3', 'v-h4-xia-ge-yue'),
  ('lesson-h4-id-3', 'v-xie'),
  ('lesson-h4-id-4', 'v-h4-yin-qi'),
  ('lesson-h4-id-4', 'v-h4-yu-shi'),
  ('lesson-h4-id-4', 'v-h4-zhuan-yi'),
  ('lesson-h4-id-4', 'v-h4-zui-chu'),
  ('lesson-h4-id-review', 'v-h4-ban-shi'),
  ('lesson-h4-id-review', 'v-h4-da-ma'),
  ('lesson-h4-id-review', 'v-h4-dui-fu'),
  ('lesson-h4-id-review', 'v-h4-fou-ze'),
  ('lesson-h4-id-review', 'v-h4-fu-qi'),
  ('lesson-h4-id-review', 'v-h4-fu-dan'),
  ('lesson-h4-id-review', 'v-h4-jia-ru-2'),
  ('lesson-h4-id-review', 'v-h4-ke'),
  ('lesson-h4-id-review', 'v-h4-lao-po'),
  ('lesson-h4-id-review', 'v-h4-lie-wei'),
  ('lesson-h4-id-review', 'v-h4-meifar5'),
  ('lesson-h4-id-review', 'v-h4-mei-nu'),
  ('lesson-h4-id-review', 'v-h4-qi-zi'),
  ('lesson-h4-id-review', 'v-h4-shang-hai'),
  ('lesson-h4-ie-1', 'v-h4-bao-mi'),
  ('lesson-h4-ie-1', 'v-h4-chuan-tong'),
  ('lesson-h4-ie-1', 'v-h4-ci-wai'),
  ('lesson-h4-ie-1', 'v-h4-da-lu'),
  ('lesson-h4-ie-1', 'v-h4-feng-bi'),
  ('lesson-h4-ie-1', 'v-h4-fu-he'),
  ('lesson-h4-ie-1', 'v-h4-gai-kuo'),
  ('lesson-h4-ie-2', 'v-h4-guan-bi'),
  ('lesson-h4-ie-2', 'v-h4-han'),
  ('lesson-h4-ie-2', 'v-h4-hao-you'),
  ('lesson-h4-ie-2', 'v-h4-hui-bao'),
  ('lesson-h4-ie-2', 'v-h4-jian-fei'),
  ('lesson-h4-ie-2', 'v-h4-jin-mi'),
  ('lesson-h4-ie-2', 'v-h4-li-shi'),
  ('lesson-h4-ie-3', 'v-h4-mi-qie'),
  ('lesson-h4-ie-3', 'v-h4-ran-er'),
  ('lesson-h4-ie-3', 'v-h4-sun-zi'),
  ('lesson-h4-ie-3', 'v-h4-wei-chi'),
  ('lesson-h4-ie-3', 'v-h4-wei-xiu'),
  ('lesson-h4-ie-3', 'v-h4-wen-hou'),
  ('lesson-h4-ie-3', 'v-h4-zhua-jin');
insert into sentences (id, course_id, hanzi, pinyin, english, difficulty, grammar_notes) values
  ('s-h4-161', 'course-mandarin-1', '这是阿姨。', 'Zhè shì ā yí.', 'This is maternal aunt.', 4, null),
  ('s-h4-162', 'course-mandarin-1', '这是矮。', 'Zhè shì ǎi.', 'This is low.', 4, null),
  ('s-h4-163', 'course-mandarin-1', '这是矮小。', 'Zhè shì ǎi xiǎo.', 'This is short and small.', 4, null),
  ('s-h4-164', 'course-mandarin-1', '这是爱国。', 'Zhè shì ài guó.', 'This is to love one''s country.', 4, null),
  ('s-h4-165', 'course-mandarin-1', '这是爱护。', 'Zhè shì ài hù.', 'This is to cherish.', 4, null),
  ('s-h4-166', 'course-mandarin-1', '这是安。', 'Zhè shì Ān.', 'This is surname An.', 4, null),
  ('s-h4-167', 'course-mandarin-1', '这是安置。', 'Zhè shì ān zhì.', 'This is to find a place for.', 4, null),
  ('s-h4-168', 'course-mandarin-1', '这是按时。', 'Zhè shì àn shí.', 'This is on time.', 4, null),
  ('s-h4-169', 'course-mandarin-1', '这是暗。', 'Zhè shì àn.', 'This is variant of 暗.', 4, null),
  ('s-h4-170', 'course-mandarin-1', '这是巴士。', 'Zhè shì bā shì.', 'This is bus (loanword).', 4, null),
  ('s-h4-171', 'course-mandarin-1', '这是百货。', 'Zhè shì bǎi huò.', 'This is general merchandise.', 4, null),
  ('s-h4-172', 'course-mandarin-1', '这是摆。', 'Zhè shì bǎi.', 'This is to arrange.', 4, null),
  ('s-h4-173', 'course-mandarin-1', '这是摆动。', 'Zhè shì bǎi dòng.', 'This is to sway.', 4, null),
  ('s-h4-174', 'course-mandarin-1', '这是摆脱。', 'Zhè shì bǎi tuō.', 'This is to break away from.', 4, null),
  ('s-h4-175', 'course-mandarin-1', '这是败。', 'Zhè shì bài.', 'This is to defeat.', 4, null),
  ('s-h4-176', 'course-mandarin-1', '这是包裹。', 'Zhè shì bāo guǒ.', 'This is to wrap up.', 4, null),
  ('s-h4-177', 'course-mandarin-1', '这是包含。', 'Zhè shì bāo hán.', 'This is to contain.', 4, null),
  ('s-h4-178', 'course-mandarin-1', '这是包括。', 'Zhè shì bāo kuò.', 'This is to comprise.', 4, null),
  ('s-h4-179', 'course-mandarin-1', '这是薄。', 'Zhè shì Bó.', 'This is surname Bo.', 4, null),
  ('s-h4-180', 'course-mandarin-1', '这是宝。', 'Zhè shì bǎo.', 'This is variant of 宝.', 4, null),
  ('s-h4-181', 'course-mandarin-1', '这是宝宝。', 'Zhè shì bǎo bao.', 'This is darling; baby.', 4, null),
  ('s-h4-182', 'course-mandarin-1', '这是宝贝。', 'Zhè shì bǎo bèi.', 'This is treasured object.', 4, null),
  ('s-h4-183', 'course-mandarin-1', '这是宝贵。', 'Zhè shì bǎo guì.', 'This is valuable.', 4, null),
  ('s-h4-184', 'course-mandarin-1', '这是宝石。', 'Zhè shì bǎo shí.', 'This is precious stone; gem.', 4, null),
  ('s-h4-185', 'course-mandarin-1', '这是保守。', 'Zhè shì bǎo shǒu.', 'This is conservative.', 4, null),
  ('s-h4-186', 'course-mandarin-1', '这是抱。', 'Zhè shì bào.', 'This is to hold.', 4, null),
  ('s-h4-187', 'course-mandarin-1', '这是背景。', 'Zhè shì bèi jǐng.', 'This is background; backdrop; context.', 4, null),
  ('s-h4-188', 'course-mandarin-1', '这是倍。', 'Zhè shì bèi.', 'This is (two, three etc) -fold.', 4, null),
  ('s-h4-189', 'course-mandarin-1', '这是被迫。', 'Zhè shì bèi pò.', 'This is to be compelled.', 4, null),
  ('s-h4-190', 'course-mandarin-1', '这是本科。', 'Zhè shì běn kē.', 'This is undergraduate course.', 4, null);
insert into lesson_sentences (lesson_id, sentence_id) values
  ('lesson-h4-ia-1', 's-h4-162'),
  ('lesson-h4-ia-2', 's-h4-163'),
  ('lesson-h4-ia-3', 's-h4-164'),
  ('lesson-h4-ia-4', 's-h4-165'),
  ('lesson-h4-ia-5', 's-h4-166'),
  ('lesson-h4-ia-6', 's-h4-167'),
  ('lesson-h4-ia-7', 's-h4-168'),
  ('lesson-h4-ia-8', 's-h4-169'),
  ('lesson-h4-ia-9', 's-h4-170'),
  ('lesson-h4-ia-10', 's-h4-171'),
  ('lesson-h4-ia-11', 's-h4-172'),
  ('lesson-h4-ia-12', 's-h4-173'),
  ('lesson-h4-ia-13', 's-h4-174'),
  ('lesson-h4-ia-14', 's-h4-175'),
  ('lesson-h4-ia-15', 's-h4-176'),
  ('lesson-h4-ia-16', 's-h4-177'),
  ('lesson-h4-ia-17', 's-h4-178'),
  ('lesson-h4-ia-18', 's-h4-179'),
  ('lesson-h4-ia-19', 's-h4-180'),
  ('lesson-h4-ia-20', 's-h4-181'),
  ('lesson-h4-ia-21', 's-h4-182'),
  ('lesson-h4-ia-22', 's-h4-183'),
  ('lesson-h4-ia-23', 's-h4-184'),
  ('lesson-h4-ia-24', 's-h4-185'),
  ('lesson-h4-ia-25', 's-h4-186'),
  ('lesson-h4-ia-26', 's-h4-187'),
  ('lesson-h4-ia-27', 's-h4-188'),
  ('lesson-h4-ia-28', 's-h4-189'),
  ('lesson-h4-ia-29', 's-h4-190'),
  ('lesson-h4-ia-30', 's-h4-161'),
  ('lesson-h4-ia-31', 's-h4-162'),
  ('lesson-h4-ia-32', 's-h4-163'),
  ('lesson-h4-ia-33', 's-h4-164'),
  ('lesson-h4-ia-34', 's-h4-165'),
  ('lesson-h4-ia-35', 's-h4-166'),
  ('lesson-h4-ia-36', 's-h4-167'),
  ('lesson-h4-ia-37', 's-h4-168'),
  ('lesson-h4-ia-38', 's-h4-169'),
  ('lesson-h4-ia-39', 's-h4-170'),
  ('lesson-h4-ia-40', 's-h4-171'),
  ('lesson-h4-ia-41', 's-h4-172'),
  ('lesson-h4-ia-42', 's-h4-173'),
  ('lesson-h4-ia-43', 's-h4-174'),
  ('lesson-h4-ia-44', 's-h4-175'),
  ('lesson-h4-ia-45', 's-h4-176'),
  ('lesson-h4-ia-46', 's-h4-177'),
  ('lesson-h4-ia-47', 's-h4-178'),
  ('lesson-h4-ia-48', 's-h4-179'),
  ('lesson-h4-ia-49', 's-h4-180'),
  ('lesson-h4-ia-50', 's-h4-181'),
  ('lesson-h4-ia-51', 's-h4-182'),
  ('lesson-h4-ia-52', 's-h4-183'),
  ('lesson-h4-ia-53', 's-h4-184'),
  ('lesson-h4-ia-54', 's-h4-185'),
  ('lesson-h4-ia-55', 's-h4-186'),
  ('lesson-h4-ia-56', 's-h4-187'),
  ('lesson-h4-ia-57', 's-h4-188'),
  ('lesson-h4-ia-58', 's-h4-189'),
  ('lesson-h4-ia-59', 's-h4-190'),
  ('lesson-h4-ia-60', 's-h4-161'),
  ('lesson-h4-ia-61', 's-h4-162'),
  ('lesson-h4-ia-62', 's-h4-163'),
  ('lesson-h4-ia-63', 's-h4-164'),
  ('lesson-h4-ia-64', 's-h4-165'),
  ('lesson-h4-ia-65', 's-h4-166'),
  ('lesson-h4-ia-66', 's-h4-167'),
  ('lesson-h4-ia-67', 's-h4-168'),
  ('lesson-h4-ia-68', 's-h4-169'),
  ('lesson-h4-ia-69', 's-h4-170'),
  ('lesson-h4-ia-70', 's-h4-171'),
  ('lesson-h4-ia-71', 's-h4-172'),
  ('lesson-h4-ia-72', 's-h4-173'),
  ('lesson-h4-ia-73', 's-h4-174'),
  ('lesson-h4-ia-74', 's-h4-175'),
  ('lesson-h4-ia-75', 's-h4-176'),
  ('lesson-h4-ia-76', 's-h4-177'),
  ('lesson-h4-ia-77', 's-h4-178'),
  ('lesson-h4-ia-78', 's-h4-179'),
  ('lesson-h4-ia-79', 's-h4-180'),
  ('lesson-h4-ia-80', 's-h4-181'),
  ('lesson-h4-ia-81', 's-h4-182'),
  ('lesson-h4-ia-82', 's-h4-183'),
  ('lesson-h4-ia-83', 's-h4-184'),
  ('lesson-h4-ia-84', 's-h4-185'),
  ('lesson-h4-ia-85', 's-h4-186'),
  ('lesson-h4-ia-86', 's-h4-187'),
  ('lesson-h4-ia-87', 's-h4-188'),
  ('lesson-h4-ia-88', 's-h4-189'),
  ('lesson-h4-ia-89', 's-h4-190'),
  ('lesson-h4-ia-90', 's-h4-161'),
  ('lesson-h4-ia-91', 's-h4-162'),
  ('lesson-h4-ia-92', 's-h4-163'),
  ('lesson-h4-ia-93', 's-h4-164'),
  ('lesson-h4-ia-94', 's-h4-165'),
  ('lesson-h4-ia-95', 's-h4-166'),
  ('lesson-h4-ia-96', 's-h4-167'),
  ('lesson-h4-ia-97', 's-h4-168'),
  ('lesson-h4-ia-98', 's-h4-169'),
  ('lesson-h4-ia-99', 's-h4-170'),
  ('lesson-h4-ia-100', 's-h4-171'),
  ('lesson-h4-ia-101', 's-h4-172'),
  ('lesson-h4-ia-102', 's-h4-173'),
  ('lesson-h4-ia-103', 's-h4-174'),
  ('lesson-h4-ia-104', 's-h4-175'),
  ('lesson-h4-ia-105', 's-h4-176'),
  ('lesson-h4-ia-106', 's-h4-177'),
  ('lesson-h4-ia-107', 's-h4-178'),
  ('lesson-h4-ia-108', 's-h4-179'),
  ('lesson-h4-ia-109', 's-h4-180'),
  ('lesson-h4-ia-110', 's-h4-181'),
  ('lesson-h4-ia-111', 's-h4-182'),
  ('lesson-h4-ia-112', 's-h4-183'),
  ('lesson-h4-ia-113', 's-h4-184'),
  ('lesson-h4-ia-114', 's-h4-185'),
  ('lesson-h4-ia-115', 's-h4-186'),
  ('lesson-h4-ia-116', 's-h4-187'),
  ('lesson-h4-ia-117', 's-h4-188'),
  ('lesson-h4-ia-118', 's-h4-189'),
  ('lesson-h4-ia-119', 's-h4-190'),
  ('lesson-h4-ia-120', 's-h4-161'),
  ('lesson-h4-ia-121', 's-h4-162'),
  ('lesson-h4-ia-122', 's-h4-163'),
  ('lesson-h4-ia-123', 's-h4-164'),
  ('lesson-h4-ia-124', 's-h4-165'),
  ('lesson-h4-ia-125', 's-h4-166'),
  ('lesson-h4-ia-126', 's-h4-167'),
  ('lesson-h4-ib-1', 's-h4-162'),
  ('lesson-h4-ib-2', 's-h4-163'),
  ('lesson-h4-ib-3', 's-h4-164'),
  ('lesson-h4-ib-4', 's-h4-165'),
  ('lesson-h4-ic-1', 's-h4-162'),
  ('lesson-h4-ic-2', 's-h4-163'),
  ('lesson-h4-ic-3', 's-h4-164'),
  ('lesson-h4-ic-4', 's-h4-165'),
  ('lesson-h4-id-1', 's-h4-162'),
  ('lesson-h4-id-2', 's-h4-163'),
  ('lesson-h4-id-3', 's-h4-164'),
  ('lesson-h4-id-4', 's-h4-165'),
  ('lesson-h4-ie-1', 's-h4-162'),
  ('lesson-h4-ie-2', 's-h4-163'),
  ('lesson-h4-ie-3', 's-h4-164');
insert into exercises (id, lesson_id, type, prompt, payload_json, explanation, order_index) values
  ('lesson-h4-ia-1-ex-0', 'lesson-h4-ia-1', 'listening', 'Listen and select the meaning', '{"hanzi":"阿姨","options":["to find a place for","to love one''s country","low","maternal aunt"],"correctAnswer":"maternal aunt","pinyin":"ā yí"}'::jsonb, 'You heard: 阿姨 (ā yí)', 0),
  ('lesson-h4-ia-1-ex-1', 'lesson-h4-ia-1', 'listening', 'Listen and select the meaning', '{"hanzi":"矮","options":["to love one''s country","to cherish","surname An","low"],"correctAnswer":"low","pinyin":"ǎi"}'::jsonb, 'You heard: 矮 (ǎi)', 1),
  ('lesson-h4-ia-1-ex-2', 'lesson-h4-ia-1', 'listening', 'Listen and select the meaning', '{"hanzi":"矮小","options":["maternal aunt","short and small","surname An","to love one''s country"],"correctAnswer":"short and small","pinyin":"ǎi xiǎo"}'::jsonb, 'You heard: 矮小 (ǎi xiǎo)', 2),
  ('lesson-h4-ia-1-ex-3', 'lesson-h4-ia-1', 'pinyin_recognition', 'Select the correct pinyin', '{"hanzi":"爱国","options":["ǎi xiǎo","Ān","ā yí","ài guó"],"correctAnswer":"ài guó"}'::jsonb, '爱国 is pronounced ài guó.', 3),
  ('lesson-h4-ia-1-ex-4', 'lesson-h4-ia-1', 'pinyin_recognition', 'Select the correct pinyin', '{"hanzi":"爱护","options":["ān zhì","Ān","ā yí","ài hù"],"correctAnswer":"ài hù"}'::jsonb, '爱护 is pronounced ài hù.', 4),
  ('lesson-h4-ia-1-ex-5', 'lesson-h4-ia-1', 'multiple_choice', 'Select the correct translation', '{"question":"What does \"安\" mean?","options":["maternal aunt","to love one''s country","to cherish","surname An"],"correctAnswer":"surname An","displayHanzi":"安","pinyin":"Ān"}'::jsonb, '安 (Ān) means "surname An".', 5),
  ('lesson-h4-ia-1-ex-6', 'lesson-h4-ia-1', 'multiple_choice', 'Select the correct translation', '{"question":"What does \"安置\" mean?","options":["short and small","to find a place for","to cherish","low"],"correctAnswer":"to find a place for","displayHanzi":"安置","pinyin":"ān zhì"}'::jsonb, '安置 (ān zhì) means "to find a place for".', 6),
  ('lesson-h4-ia-1-ex-7', 'lesson-h4-ia-1', 'multiple_choice', 'Select the correct translation', '{"question":"What does \"阿姨\" mean?","options":["low","to cherish","maternal aunt","short and small"],"correctAnswer":"maternal aunt","displayHanzi":"阿姨","pinyin":"ā yí"}'::jsonb, '阿姨 (ā yí) means "maternal aunt".', 7),
  ('lesson-h4-ia-1-ex-8', 'lesson-h4-ia-1', 'hanzi_to_english', 'Type the English meaning', '{"hanzi":"矮","pinyin":"ǎi","acceptedAnswers":["low","low"]}'::jsonb, '矮 = low', 8),
  ('lesson-h4-ia-1-ex-9', 'lesson-h4-ia-1', 'hanzi_to_english', 'Type the English meaning', '{"hanzi":"矮小","pinyin":"ǎi xiǎo","acceptedAnswers":["short and small","short and small"]}'::jsonb, '矮小 = short and small', 9),
  ('lesson-h4-ia-1-ex-10', 'lesson-h4-ia-1', 'hanzi_to_english', 'Type the English meaning', '{"hanzi":"爱国","pinyin":"ài guó","acceptedAnswers":["to love one''s country","to love one''s country"]}'::jsonb, '爱国 = to love one''s country', 10),
  ('lesson-h4-ia-1-ex-11', 'lesson-h4-ia-1', 'hanzi_to_english', 'Type the English meaning', '{"hanzi":"爱护","pinyin":"ài hù","acceptedAnswers":["to cherish","to cherish"]}'::jsonb, '爱护 = to cherish', 11),
  ('lesson-h4-ia-1-ex-12', 'lesson-h4-ia-1', 'hanzi_to_english', 'Type the English meaning', '{"hanzi":"安","pinyin":"Ān","acceptedAnswers":["surname An","surname An"]}'::jsonb, '安 = surname An', 12),
  ('lesson-h4-ia-1-ex-13', 'lesson-h4-ia-1', 'hanzi_to_english', 'Type the English meaning', '{"hanzi":"安置","pinyin":"ān zhì","acceptedAnswers":["to find a place for","to find a place for"]}'::jsonb, '安置 = to find a place for', 13),
  ('lesson-h4-ia-1-ex-14', 'lesson-h4-ia-1', 'hanzi_to_english', 'Type the English meaning', '{"hanzi":"阿姨","pinyin":"ā yí","acceptedAnswers":["maternal aunt","maternal aunt"]}'::jsonb, '阿姨 = maternal aunt', 14),
  ('lesson-h4-ia-1-ex-15', 'lesson-h4-ia-1', 'english_to_hanzi_word_bank', 'Build the hanzi for this word', '{"english":"low","wordBank":["安","姨","国","阿","小","爱","爱","置","安","矮"],"correctAnswer":["矮"]}'::jsonb, 'The hanzi for "low" is 矮.', 15),
  ('lesson-h4-ia-1-ex-16', 'lesson-h4-ia-1', 'english_to_hanzi_word_bank', 'Build the hanzi for this word', '{"english":"short and small","wordBank":["安","姨","小","护","国","阿","爱","置","矮","矮"],"correctAnswer":["矮","小"]}'::jsonb, 'The hanzi for "short and small" is 矮小.', 16),
  ('lesson-h4-ia-1-ex-17', 'lesson-h4-ia-1', 'english_to_hanzi_word_bank', 'Build the hanzi for this word', '{"english":"to love one''s country","wordBank":["国","安","姨","安","阿","爱","矮","小","置","护"],"correctAnswer":["爱","国"]}'::jsonb, 'The hanzi for "to love one''s country" is 爱国.', 17),
  ('lesson-h4-ia-1-ex-18', 'lesson-h4-ia-1', 'english_to_hanzi_word_bank', 'Build the hanzi for this word', '{"english":"to cherish","wordBank":["安","国","小","姨","爱","安","阿","爱","护","矮"],"correctAnswer":["爱","护"]}'::jsonb, 'The hanzi for "to cherish" is 爱护.', 18),
  ('lesson-h4-ia-1-ex-19', 'lesson-h4-ia-1', 'reverse_pinyin', 'Which hanzi matches this pinyin?', '{"pinyin":"Ān","options":["矮小","阿姨","爱护","安"],"correctAnswer":"安"}'::jsonb, 'Ān → 安', 19),
  ('lesson-h4-ia-1-ex-20', 'lesson-h4-ia-1', 'reverse_pinyin', 'Which hanzi matches this pinyin?', '{"pinyin":"ān zhì","options":["矮小","安置","阿姨","爱护"],"correctAnswer":"安置"}'::jsonb, 'ān zhì → 安置', 20),
  ('lesson-h4-ia-1-ex-21', 'lesson-h4-ia-1', 'match_pairs', 'Match each hanzi to its meaning', '{"pairs":[{"id":"v-h4-an-zhi","left":"安置","right":"to find a place for"},{"id":"v-h4-ai-guo","left":"爱国","right":"to love one''s country"},{"id":"v-h4-ai","left":"矮","right":"low"},{"id":"v-h4-an","left":"安","right":"surname An"}]}'::jsonb, null, 21),
  ('lesson-h4-ia-1-ex-22', 'lesson-h4-ia-1', 'fill_in_blank', 'Fill in the missing character', '{"sentence":"___是阿姨。","blankIndex":0,"correctAnswer":"这","fullSentence":"这是阿姨。","fullPinyin":"Zhè shì ā yí.","options":["这","矮","爱","安"]}'::jsonb, 'Full sentence: 这是阿姨。 — This is maternal aunt.', 22),
  ('lesson-h4-ia-1-ex-23', 'lesson-h4-ia-1', 'fill_in_blank', 'Fill in the missing character', '{"sentence":"___是矮。","blankIndex":0,"correctAnswer":"这","fullSentence":"这是矮。","fullPinyin":"Zhè shì ǎi.","options":["安","爱","矮","这"]}'::jsonb, 'Full sentence: 这是矮。 — This is low.', 23),
  ('lesson-h4-ia-1-ex-24', 'lesson-h4-ia-1', 'fill_in_blank', 'Fill in the missing character', '{"sentence":"___是矮小。","blankIndex":0,"correctAnswer":"这","fullSentence":"这是矮小。","fullPinyin":"Zhè shì ǎi xiǎo.","options":["这","阿","爱","安"]}'::jsonb, 'Full sentence: 这是矮小。 — This is short and small.', 24),
  ('lesson-h4-ia-2-ex-0', 'lesson-h4-ia-2', 'listening', 'Listen and select the meaning', '{"hanzi":"按时","options":["on time","to sway","to arrange","to break away from"],"correctAnswer":"on time","pinyin":"àn shí"}'::jsonb, 'You heard: 按时 (àn shí)', 0),
  ('lesson-h4-ia-2-ex-1', 'lesson-h4-ia-2', 'listening', 'Listen and select the meaning', '{"hanzi":"暗","options":["variant of 暗","bus (loanword)","on time","to arrange"],"correctAnswer":"variant of 暗","pinyin":"àn"}'::jsonb, 'You heard: 暗 (àn)', 1),
  ('lesson-h4-ia-2-ex-2', 'lesson-h4-ia-2', 'listening', 'Listen and select the meaning', '{"hanzi":"巴士","options":["bus (loanword)","to break away from","on time","variant of 暗"],"correctAnswer":"bus (loanword)","pinyin":"bā shì"}'::jsonb, 'You heard: 巴士 (bā shì)', 2),
  ('lesson-h4-ia-2-ex-3', 'lesson-h4-ia-2', 'pinyin_recognition', 'Select the correct pinyin', '{"hanzi":"百货","options":["àn shí","bǎi dòng","bǎi tuō","bǎi huò"],"correctAnswer":"bǎi huò"}'::jsonb, '百货 is pronounced bǎi huò.', 3),
  ('lesson-h4-ia-2-ex-4', 'lesson-h4-ia-2', 'pinyin_recognition', 'Select the correct pinyin', '{"hanzi":"摆","options":["bǎi","àn","bǎi dòng","bǎi huò"],"correctAnswer":"bǎi"}'::jsonb, '摆 is pronounced bǎi.', 4),
  ('lesson-h4-ia-2-ex-5', 'lesson-h4-ia-2', 'multiple_choice', 'Select the correct translation', '{"question":"What does \"摆动\" mean?","options":["to sway","to break away from","general merchandise","variant of 暗"],"correctAnswer":"to sway","displayHanzi":"摆动","pinyin":"bǎi dòng"}'::jsonb, '摆动 (bǎi dòng) means "to sway".', 5),
  ('lesson-h4-ia-2-ex-6', 'lesson-h4-ia-2', 'multiple_choice', 'Select the correct translation', '{"question":"What does \"摆脱\" mean?","options":["to sway","on time","to break away from","variant of 暗"],"correctAnswer":"to break away from","displayHanzi":"摆脱","pinyin":"bǎi tuō"}'::jsonb, '摆脱 (bǎi tuō) means "to break away from".', 6),
  ('lesson-h4-ia-2-ex-7', 'lesson-h4-ia-2', 'multiple_choice', 'Select the correct translation', '{"question":"What does \"按时\" mean?","options":["to arrange","variant of 暗","to sway","on time"],"correctAnswer":"on time","displayHanzi":"按时","pinyin":"àn shí"}'::jsonb, '按时 (àn shí) means "on time".', 7),
  ('lesson-h4-ia-2-ex-8', 'lesson-h4-ia-2', 'hanzi_to_english', 'Type the English meaning', '{"hanzi":"暗","pinyin":"àn","acceptedAnswers":["variant of 暗","variant of 暗"]}'::jsonb, '暗 = variant of 暗', 8),
  ('lesson-h4-ia-2-ex-9', 'lesson-h4-ia-2', 'hanzi_to_english', 'Type the English meaning', '{"hanzi":"巴士","pinyin":"bā shì","acceptedAnswers":["bus (loanword)","bus (loanword)"]}'::jsonb, '巴士 = bus (loanword)', 9),
  ('lesson-h4-ia-2-ex-10', 'lesson-h4-ia-2', 'hanzi_to_english', 'Type the English meaning', '{"hanzi":"百货","pinyin":"bǎi huò","acceptedAnswers":["general merchandise","general merchandise"]}'::jsonb, '百货 = general merchandise', 10),
  ('lesson-h4-ia-2-ex-11', 'lesson-h4-ia-2', 'hanzi_to_english', 'Type the English meaning', '{"hanzi":"摆","pinyin":"bǎi","acceptedAnswers":["to arrange","to arrange"]}'::jsonb, '摆 = to arrange', 11),
  ('lesson-h4-ia-2-ex-12', 'lesson-h4-ia-2', 'hanzi_to_english', 'Type the English meaning', '{"hanzi":"摆动","pinyin":"bǎi dòng","acceptedAnswers":["to sway","to sway"]}'::jsonb, '摆动 = to sway', 12),
  ('lesson-h4-ia-2-ex-13', 'lesson-h4-ia-2', 'hanzi_to_english', 'Type the English meaning', '{"hanzi":"摆脱","pinyin":"bǎi tuō","acceptedAnswers":["to break away from","to break away from"]}'::jsonb, '摆脱 = to break away from', 13),
  ('lesson-h4-ia-2-ex-14', 'lesson-h4-ia-2', 'hanzi_to_english', 'Type the English meaning', '{"hanzi":"按时","pinyin":"àn shí","acceptedAnswers":["on time","on time"]}'::jsonb, '按时 = on time', 14),
  ('lesson-h4-ia-2-ex-15', 'lesson-h4-ia-2', 'english_to_hanzi_word_bank', 'Build the hanzi for this word', '{"english":"variant of 暗","wordBank":["摆","摆","脱","货","摆","巴","暗","按","百","时"],"correctAnswer":["暗"]}'::jsonb, 'The hanzi for "variant of 暗" is 暗.', 15),
  ('lesson-h4-ia-2-ex-16', 'lesson-h4-ia-2', 'english_to_hanzi_word_bank', 'Build the hanzi for this word', '{"english":"bus (loanword)","wordBank":["巴","货","暗","按","脱","动","百","摆","摆","士"],"correctAnswer":["巴","士"]}'::jsonb, 'The hanzi for "bus (loanword)" is 巴士.', 16),
  ('lesson-h4-ia-2-ex-17', 'lesson-h4-ia-2', 'english_to_hanzi_word_bank', 'Build the hanzi for this word', '{"english":"general merchandise","wordBank":["货","时","摆","百","士","摆","摆","按","巴","暗"],"correctAnswer":["百","货"]}'::jsonb, 'The hanzi for "general merchandise" is 百货.', 17),
  ('lesson-h4-ia-2-ex-18', 'lesson-h4-ia-2', 'english_to_hanzi_word_bank', 'Build the hanzi for this word', '{"english":"to arrange","wordBank":["摆","动","货","按","时","暗","巴","摆","士","百"],"correctAnswer":["摆"]}'::jsonb, 'The hanzi for "to arrange" is 摆.', 18),
  ('lesson-h4-ia-2-ex-19', 'lesson-h4-ia-2', 'reverse_pinyin', 'Which hanzi matches this pinyin?', '{"pinyin":"bǎi dòng","options":["摆动","按时","百货","摆脱"],"correctAnswer":"摆动"}'::jsonb, 'bǎi dòng → 摆动', 19),
  ('lesson-h4-ia-2-ex-20', 'lesson-h4-ia-2', 'reverse_pinyin', 'Which hanzi matches this pinyin?', '{"pinyin":"bǎi tuō","options":["百货","摆动","摆脱","暗"],"correctAnswer":"摆脱"}'::jsonb, 'bǎi tuō → 摆脱', 20),
  ('lesson-h4-ia-2-ex-21', 'lesson-h4-ia-2', 'match_pairs', 'Match each hanzi to its meaning', '{"pairs":[{"id":"v-h4-an-shi","left":"按时","right":"on time"},{"id":"v-h4-ba-shi","left":"巴士","right":"bus (loanword)"},{"id":"v-h4-bai-tuo","left":"摆脱","right":"to break away from"},{"id":"v-h4-an-2","left":"暗","right":"variant of 暗"}]}'::jsonb, null, 21),
  ('lesson-h4-ia-2-ex-22', 'lesson-h4-ia-2', 'fill_in_blank', 'Fill in the missing character', '{"sentence":"___是阿姨。","blankIndex":0,"correctAnswer":"这","fullSentence":"这是阿姨。","fullPinyin":"Zhè shì ā yí.","options":["百","暗","这","按"]}'::jsonb, 'Full sentence: 这是阿姨。 — This is maternal aunt.', 22),
  ('lesson-h4-ia-2-ex-23', 'lesson-h4-ia-2', 'fill_in_blank', 'Fill in the missing character', '{"sentence":"___是矮。","blankIndex":0,"correctAnswer":"这","fullSentence":"这是矮。","fullPinyin":"Zhè shì ǎi.","options":["摆","按","这","暗"]}'::jsonb, 'Full sentence: 这是矮。 — This is low.', 23),
  ('lesson-h4-ia-2-ex-24', 'lesson-h4-ia-2', 'fill_in_blank', 'Fill in the missing character', '{"sentence":"___是矮小。","blankIndex":0,"correctAnswer":"这","fullSentence":"这是矮小。","fullPinyin":"Zhè shì ǎi xiǎo.","options":["巴","百","摆","这"]}'::jsonb, 'Full sentence: 这是矮小。 — This is short and small.', 24),
  ('lesson-h4-ia-3-ex-0', 'lesson-h4-ia-3', 'listening', 'Listen and select the meaning', '{"hanzi":"败","options":["to defeat","variant of 宝","surname Bo","to contain"],"correctAnswer":"to defeat","pinyin":"bài"}'::jsonb, 'You heard: 败 (bài)', 0),
  ('lesson-h4-ia-3-ex-1', 'lesson-h4-ia-3', 'listening', 'Listen and select the meaning', '{"hanzi":"包裹","options":["to comprise","surname Bo","to defeat","to wrap up"],"correctAnswer":"to wrap up","pinyin":"bāo guǒ"}'::jsonb, 'You heard: 包裹 (bāo guǒ)', 1),
  ('lesson-h4-ia-3-ex-2', 'lesson-h4-ia-3', 'listening', 'Listen and select the meaning', '{"hanzi":"包含","options":["to comprise","variant of 宝","to defeat","to contain"],"correctAnswer":"to contain","pinyin":"bāo hán"}'::jsonb, 'You heard: 包含 (bāo hán)', 2),
  ('lesson-h4-ia-3-ex-3', 'lesson-h4-ia-3', 'pinyin_recognition', 'Select the correct pinyin', '{"hanzi":"包括","options":["Bó","bāo hán","bài","bāo kuò"],"correctAnswer":"bāo kuò"}'::jsonb, '包括 is pronounced bāo kuò.', 3),
  ('lesson-h4-ia-3-ex-4', 'lesson-h4-ia-3', 'pinyin_recognition', 'Select the correct pinyin', '{"hanzi":"薄","options":["Bó","bài","bāo kuò","bāo guǒ"],"correctAnswer":"Bó"}'::jsonb, '薄 is pronounced Bó.', 4),
  ('lesson-h4-ia-3-ex-5', 'lesson-h4-ia-3', 'multiple_choice', 'Select the correct translation', '{"question":"What does \"宝\" mean?","options":["variant of 宝","surname Bo","darling; baby","to wrap up"],"correctAnswer":"variant of 宝","displayHanzi":"宝","pinyin":"bǎo"}'::jsonb, '宝 (bǎo) means "variant of 宝".', 5),
  ('lesson-h4-ia-3-ex-6', 'lesson-h4-ia-3', 'multiple_choice', 'Select the correct translation', '{"question":"What does \"宝宝\" mean?","options":["to contain","darling; baby","to defeat","to wrap up"],"correctAnswer":"darling; baby","displayHanzi":"宝宝","pinyin":"bǎo bao"}'::jsonb, '宝宝 (bǎo bao) means "darling; baby".', 6),
  ('lesson-h4-ia-3-ex-7', 'lesson-h4-ia-3', 'multiple_choice', 'Select the correct translation', '{"question":"What does \"败\" mean?","options":["to wrap up","to defeat","to comprise","variant of 宝"],"correctAnswer":"to defeat","displayHanzi":"败","pinyin":"bài"}'::jsonb, '败 (bài) means "to defeat".', 7),
  ('lesson-h4-ia-3-ex-8', 'lesson-h4-ia-3', 'hanzi_to_english', 'Type the English meaning', '{"hanzi":"包裹","pinyin":"bāo guǒ","acceptedAnswers":["to wrap up","to wrap up"]}'::jsonb, '包裹 = to wrap up', 8),
  ('lesson-h4-ia-3-ex-9', 'lesson-h4-ia-3', 'hanzi_to_english', 'Type the English meaning', '{"hanzi":"包含","pinyin":"bāo hán","acceptedAnswers":["to contain","to contain"]}'::jsonb, '包含 = to contain', 9),
  ('lesson-h4-ia-3-ex-10', 'lesson-h4-ia-3', 'hanzi_to_english', 'Type the English meaning', '{"hanzi":"包括","pinyin":"bāo kuò","acceptedAnswers":["to comprise","to comprise"]}'::jsonb, '包括 = to comprise', 10),
  ('lesson-h4-ia-3-ex-11', 'lesson-h4-ia-3', 'hanzi_to_english', 'Type the English meaning', '{"hanzi":"薄","pinyin":"Bó","acceptedAnswers":["surname Bo","surname Bo"]}'::jsonb, '薄 = surname Bo', 11),
  ('lesson-h4-ia-3-ex-12', 'lesson-h4-ia-3', 'hanzi_to_english', 'Type the English meaning', '{"hanzi":"宝","pinyin":"bǎo","acceptedAnswers":["variant of 宝","variant of 宝"]}'::jsonb, '宝 = variant of 宝', 12),
  ('lesson-h4-ia-3-ex-13', 'lesson-h4-ia-3', 'hanzi_to_english', 'Type the English meaning', '{"hanzi":"宝宝","pinyin":"bǎo bao","acceptedAnswers":["darling; baby","darling; baby"]}'::jsonb, '宝宝 = darling; baby', 13),
  ('lesson-h4-ia-3-ex-14', 'lesson-h4-ia-3', 'hanzi_to_english', 'Type the English meaning', '{"hanzi":"败","pinyin":"bài","acceptedAnswers":["to defeat","to defeat"]}'::jsonb, '败 = to defeat', 14),
  ('lesson-h4-ia-3-ex-15', 'lesson-h4-ia-3', 'english_to_hanzi_word_bank', 'Build the hanzi for this word', '{"english":"to wrap up","wordBank":["裹","括","宝","宝","薄","包","含","包","包","败"],"correctAnswer":["包","裹"]}'::jsonb, 'The hanzi for "to wrap up" is 包裹.', 15),
  ('lesson-h4-ia-3-ex-16', 'lesson-h4-ia-3', 'english_to_hanzi_word_bank', 'Build the hanzi for this word', '{"english":"to contain","wordBank":["括","包","败","宝","宝","包","薄","宝","含","裹"],"correctAnswer":["包","含"]}'::jsonb, 'The hanzi for "to contain" is 包含.', 16),
  ('lesson-h4-ia-3-ex-17', 'lesson-h4-ia-3', 'english_to_hanzi_word_bank', 'Build the hanzi for this word', '{"english":"to comprise","wordBank":["括","败","含","宝","宝","包","薄","包","宝","包"],"correctAnswer":["包","括"]}'::jsonb, 'The hanzi for "to comprise" is 包括.', 17),
  ('lesson-h4-ia-3-ex-18', 'lesson-h4-ia-3', 'english_to_hanzi_word_bank', 'Build the hanzi for this word', '{"english":"surname Bo","wordBank":["括","宝","宝","包","薄","包","包","败","宝","含"],"correctAnswer":["薄"]}'::jsonb, 'The hanzi for "surname Bo" is 薄.', 18),
  ('lesson-h4-ia-3-ex-19', 'lesson-h4-ia-3', 'reverse_pinyin', 'Which hanzi matches this pinyin?', '{"pinyin":"bǎo","options":["宝","包括","败","包裹"],"correctAnswer":"宝"}'::jsonb, 'bǎo → 宝', 19),
  ('lesson-h4-ia-3-ex-20', 'lesson-h4-ia-3', 'reverse_pinyin', 'Which hanzi matches this pinyin?', '{"pinyin":"bǎo bao","options":["包含","宝宝","败","包裹"],"correctAnswer":"宝宝"}'::jsonb, 'bǎo bao → 宝宝', 20),
  ('lesson-h4-ia-3-ex-21', 'lesson-h4-ia-3', 'match_pairs', 'Match each hanzi to its meaning', '{"pairs":[{"id":"v-h4-bao-kuo","left":"包括","right":"to comprise"},{"id":"v-h4-bao-bao","left":"宝宝","right":"darling; baby"},{"id":"v-h4-bao-guo","left":"包裹","right":"to wrap up"},{"id":"v-h4-bao","left":"宝","right":"variant of 宝"}]}'::jsonb, null, 21),
  ('lesson-h4-ia-3-ex-22', 'lesson-h4-ia-3', 'fill_in_blank', 'Fill in the missing character', '{"sentence":"___是阿姨。","blankIndex":0,"correctAnswer":"这","fullSentence":"这是阿姨。","fullPinyin":"Zhè shì ā yí.","options":["这","薄","宝","败"]}'::jsonb, 'Full sentence: 这是阿姨。 — This is maternal aunt.', 22),
  ('lesson-h4-ia-3-ex-23', 'lesson-h4-ia-3', 'fill_in_blank', 'Fill in the missing character', '{"sentence":"___是矮。","blankIndex":0,"correctAnswer":"这","fullSentence":"这是矮。","fullPinyin":"Zhè shì ǎi.","options":["薄","这","包","败"]}'::jsonb, 'Full sentence: 这是矮。 — This is low.', 23),
  ('lesson-h4-ia-3-ex-24', 'lesson-h4-ia-3', 'fill_in_blank', 'Fill in the missing character', '{"sentence":"___是矮小。","blankIndex":0,"correctAnswer":"这","fullSentence":"这是矮小。","fullPinyin":"Zhè shì ǎi xiǎo.","options":["这","薄","败","包"]}'::jsonb, 'Full sentence: 这是矮小。 — This is short and small.', 24),
  ('lesson-h4-ia-4-ex-0', 'lesson-h4-ia-4', 'listening', 'Listen and select the meaning', '{"hanzi":"宝贝","options":["(two, three etc) -fold","valuable","conservative","treasured object"],"correctAnswer":"treasured object","pinyin":"bǎo bèi"}'::jsonb, 'You heard: 宝贝 (bǎo bèi)', 0),
  ('lesson-h4-ia-4-ex-1', 'lesson-h4-ia-4', 'listening', 'Listen and select the meaning', '{"hanzi":"宝贵","options":["conservative","precious stone; gem","valuable","to hold"],"correctAnswer":"valuable","pinyin":"bǎo guì"}'::jsonb, 'You heard: 宝贵 (bǎo guì)', 1),
  ('lesson-h4-ia-4-ex-2', 'lesson-h4-ia-4', 'listening', 'Listen and select the meaning', '{"hanzi":"宝石","options":["treasured object","(two, three etc) -fold","precious stone; gem","conservative"],"correctAnswer":"precious stone; gem","pinyin":"bǎo shí"}'::jsonb, 'You heard: 宝石 (bǎo shí)', 2),
  ('lesson-h4-ia-4-ex-3', 'lesson-h4-ia-4', 'pinyin_recognition', 'Select the correct pinyin', '{"hanzi":"保守","options":["bǎo shǒu","bèi","bèi jǐng","bào"],"correctAnswer":"bǎo shǒu"}'::jsonb, '保守 is pronounced bǎo shǒu.', 3),
  ('lesson-h4-ia-4-ex-4', 'lesson-h4-ia-4', 'pinyin_recognition', 'Select the correct pinyin', '{"hanzi":"抱","options":["bèi jǐng","bǎo shǒu","bǎo shí","bào"],"correctAnswer":"bào"}'::jsonb, '抱 is pronounced bào.', 4),
  ('lesson-h4-ia-4-ex-5', 'lesson-h4-ia-4', 'multiple_choice', 'Select the correct translation', '{"question":"What does \"背景\" mean?","options":["background; backdrop; context","valuable","conservative","(two, three etc) -fold"],"correctAnswer":"background; backdrop; context","displayHanzi":"背景","pinyin":"bèi jǐng"}'::jsonb, '背景 (bèi jǐng) means "background; backdrop; context".', 5),
  ('lesson-h4-ia-4-ex-6', 'lesson-h4-ia-4', 'multiple_choice', 'Select the correct translation', '{"question":"What does \"倍\" mean?","options":["precious stone; gem","treasured object","conservative","(two, three etc) -fold"],"correctAnswer":"(two, three etc) -fold","displayHanzi":"倍","pinyin":"bèi"}'::jsonb, '倍 (bèi) means "(two, three etc) -fold".', 6),
  ('lesson-h4-ia-4-ex-7', 'lesson-h4-ia-4', 'multiple_choice', 'Select the correct translation', '{"question":"What does \"宝贝\" mean?","options":["(two, three etc) -fold","precious stone; gem","treasured object","to hold"],"correctAnswer":"treasured object","displayHanzi":"宝贝","pinyin":"bǎo bèi"}'::jsonb, '宝贝 (bǎo bèi) means "treasured object".', 7),
  ('lesson-h4-ia-4-ex-8', 'lesson-h4-ia-4', 'hanzi_to_english', 'Type the English meaning', '{"hanzi":"宝贵","pinyin":"bǎo guì","acceptedAnswers":["valuable","valuable"]}'::jsonb, '宝贵 = valuable', 8),
  ('lesson-h4-ia-4-ex-9', 'lesson-h4-ia-4', 'hanzi_to_english', 'Type the English meaning', '{"hanzi":"宝石","pinyin":"bǎo shí","acceptedAnswers":["precious stone; gem","precious stone; gem"]}'::jsonb, '宝石 = precious stone; gem', 9),
  ('lesson-h4-ia-4-ex-10', 'lesson-h4-ia-4', 'hanzi_to_english', 'Type the English meaning', '{"hanzi":"保守","pinyin":"bǎo shǒu","acceptedAnswers":["conservative","conservative"]}'::jsonb, '保守 = conservative', 10),
  ('lesson-h4-ia-4-ex-11', 'lesson-h4-ia-4', 'hanzi_to_english', 'Type the English meaning', '{"hanzi":"抱","pinyin":"bào","acceptedAnswers":["to hold","to hold"]}'::jsonb, '抱 = to hold', 11),
  ('lesson-h4-ia-4-ex-12', 'lesson-h4-ia-4', 'hanzi_to_english', 'Type the English meaning', '{"hanzi":"背景","pinyin":"bèi jǐng","acceptedAnswers":["background; backdrop; context","background; backdrop; context"]}'::jsonb, '背景 = background; backdrop; context', 12),
  ('lesson-h4-ia-4-ex-13', 'lesson-h4-ia-4', 'hanzi_to_english', 'Type the English meaning', '{"hanzi":"倍","pinyin":"bèi","acceptedAnswers":["(two, three etc) -fold","(two, three etc) -fold"]}'::jsonb, '倍 = (two, three etc) -fold', 13),
  ('lesson-h4-ia-4-ex-14', 'lesson-h4-ia-4', 'hanzi_to_english', 'Type the English meaning', '{"hanzi":"宝贝","pinyin":"bǎo bèi","acceptedAnswers":["treasured object","treasured object"]}'::jsonb, '宝贝 = treasured object', 14),
  ('lesson-h4-ia-4-ex-15', 'lesson-h4-ia-4', 'english_to_hanzi_word_bank', 'Build the hanzi for this word', '{"english":"valuable","wordBank":["石","背","倍","贝","宝","守","宝","景","贵","抱"],"correctAnswer":["宝","贵"]}'::jsonb, 'The hanzi for "valuable" is 宝贵.', 15),
  ('lesson-h4-ia-4-ex-16', 'lesson-h4-ia-4', 'english_to_hanzi_word_bank', 'Build the hanzi for this word', '{"english":"precious stone; gem","wordBank":["抱","背","贝","宝","石","守","宝","宝","保","贵"],"correctAnswer":["宝","石"]}'::jsonb, 'The hanzi for "precious stone; gem" is 宝石.', 16),
  ('lesson-h4-ia-4-ex-17', 'lesson-h4-ia-4', 'english_to_hanzi_word_bank', 'Build the hanzi for this word', '{"english":"conservative","wordBank":["贝","贵","景","倍","保","宝","石","宝","背","守"],"correctAnswer":["保","守"]}'::jsonb, 'The hanzi for "conservative" is 保守.', 17),
  ('lesson-h4-ia-4-ex-18', 'lesson-h4-ia-4', 'english_to_hanzi_word_bank', 'Build the hanzi for this word', '{"english":"to hold","wordBank":["宝","景","贝","贵","倍","石","背","抱","保","守"],"correctAnswer":["抱"]}'::jsonb, 'The hanzi for "to hold" is 抱.', 18),
  ('lesson-h4-ia-4-ex-19', 'lesson-h4-ia-4', 'reverse_pinyin', 'Which hanzi matches this pinyin?', '{"pinyin":"bèi jǐng","options":["背景","宝贵","保守","抱"],"correctAnswer":"背景"}'::jsonb, 'bèi jǐng → 背景', 19),
  ('lesson-h4-ia-4-ex-20', 'lesson-h4-ia-4', 'reverse_pinyin', 'Which hanzi matches this pinyin?', '{"pinyin":"bèi","options":["抱","宝贝","保守","倍"],"correctAnswer":"倍"}'::jsonb, 'bèi → 倍', 20),
  ('lesson-h4-ia-4-ex-21', 'lesson-h4-ia-4', 'match_pairs', 'Match each hanzi to its meaning', '{"pairs":[{"id":"v-h4-bao-bei","left":"宝贝","right":"treasured object"},{"id":"v-h4-bao-shi","left":"宝石","right":"precious stone; gem"},{"id":"v-h4-bei-jing","left":"背景","right":"background; backdrop; context"},{"id":"v-h4-bao-shou","left":"保守","right":"conservative"}]}'::jsonb, null, 21),
  ('lesson-h4-ia-4-ex-22', 'lesson-h4-ia-4', 'fill_in_blank', 'Fill in the missing character', '{"sentence":"___是阿姨。","blankIndex":0,"correctAnswer":"这","fullSentence":"这是阿姨。","fullPinyin":"Zhè shì ā yí.","options":["保","宝","抱","这"]}'::jsonb, 'Full sentence: 这是阿姨。 — This is maternal aunt.', 22),
  ('lesson-h4-ia-4-ex-23', 'lesson-h4-ia-4', 'fill_in_blank', 'Fill in the missing character', '{"sentence":"___是矮。","blankIndex":0,"correctAnswer":"这","fullSentence":"这是矮。","fullPinyin":"Zhè shì ǎi.","options":["这","保","抱","宝"]}'::jsonb, 'Full sentence: 这是矮。 — This is low.', 23),
  ('lesson-h4-ia-4-ex-24', 'lesson-h4-ia-4', 'fill_in_blank', 'Fill in the missing character', '{"sentence":"___是矮小。","blankIndex":0,"correctAnswer":"这","fullSentence":"这是矮小。","fullPinyin":"Zhè shì ǎi xiǎo.","options":["倍","这","背","宝"]}'::jsonb, 'Full sentence: 这是矮小。 — This is short and small.', 24);
