-- 20260707000000_hsk6.sql
insert into units (id, course_id, title, order_index) values
  ('unit-h6-aa', 'course-mandarin-1', 'Academic & Research', 41),
  ('unit-h6-ab', 'course-mandarin-1', 'Law & Administration', 42),
  ('unit-h6-ac', 'course-mandarin-1', 'Media & Journalism', 43),
  ('unit-h6-ad', 'course-mandarin-1', 'Philosophy & Abstract Thought', 44),
  ('unit-h6-ae', 'course-mandarin-1', 'HSK 6 Mastery', 45);
insert into lessons (id, unit_id, title, order_index) values
  ('lesson-h6-aa-1', 'unit-h6-aa', '挨 · 挨打', 1),
  ('lesson-h6-aa-2', 'unit-h6-aa', '办公 · 办事处', 2),
  ('lesson-h6-aa-3', 'unit-h6-aa', '抱歉 · 暴风雨', 3),
  ('lesson-h6-aa-4', 'unit-h6-aa', '背心 · 背着', 4),
  ('lesson-h6-aa-5', 'unit-h6-aa', '笔试 · 必将', 5),
  ('lesson-h6-aa-6', 'unit-h6-aa', '变换 · 变形', 6),
  ('lesson-h6-aa-7', 'unit-h6-aa', '拨打 · 波动', 7),
  ('lesson-h6-aa-8', 'unit-h6-aa', '捕 · 不便', 8),
  ('lesson-h6-aa-9', 'unit-h6-aa', '不再 · 不怎么', 9),
  ('lesson-h6-aa-10', 'unit-h6-aa', '踩 · 参赛', 10),
  ('lesson-h6-aa-11', 'unit-h6-aa', '仓库 · 藏', 11),
  ('lesson-h6-aa-12', 'unit-h6-aa', '层面 · 查出', 12),
  ('lesson-h6-aa-13', 'unit-h6-aa', '常年 · 厂商', 13),
  ('lesson-h6-aa-14', 'unit-h6-aa', '炒 · 炒股', 14),
  ('lesson-h6-aa-15', 'unit-h6-aa', '成品 · 承诺', 15),
  ('lesson-h6-aa-16', 'unit-h6-aa', '宠物 · 出场', 16),
  ('lesson-h6-aa-17', 'unit-h6-aa', '出事 · 出台', 17),
  ('lesson-h6-aa-18', 'unit-h6-aa', '处长 · 传出', 18),
  ('lesson-h6-aa-19', 'unit-h6-aa', '窗口 · 创办', 19),
  ('lesson-h6-aa-20', 'unit-h6-aa', '此致 · 次数', 20),
  ('lesson-h6-aa-21', 'unit-h6-aa', '搭档 · 搭配', 21),
  ('lesson-h6-aa-22', 'unit-h6-aa', '打造 · 大道', 22),
  ('lesson-h6-aa-23', 'unit-h6-aa', '大使 · 待会儿', 23),
  ('lesson-h6-aa-24', 'unit-h6-aa', '党 · 档', 24),
  ('lesson-h6-aa-25', 'unit-h6-aa', '地板 · 地名', 25),
  ('lesson-h6-aa-26', 'unit-h6-aa', '电车 · 电动', 26),
  ('lesson-h6-aa-27', 'unit-h6-aa', '定位 · 动画', 27),
  ('lesson-h6-aa-28', 'unit-h6-aa', '端 · 端午节', 28),
  ('lesson-h6-aa-29', 'unit-h6-aa', '多方面 · 多媒体', 29),
  ('lesson-h6-aa-30', 'unit-h6-aa', '发放 · 发怒', 30),
  ('lesson-h6-aa-31', 'unit-h6-aa', '凡是 · 繁殖', 31),
  ('lesson-h6-aa-32', 'unit-h6-aa', '仿佛 · 飞船', 32),
  ('lesson-h6-aa-33', 'unit-h6-aa', '峰会 · 奉献', 33),
  ('lesson-h6-aa-34', 'unit-h6-aa', '妇女 · 负', 34),
  ('lesson-h6-aa-35', 'unit-h6-aa', '赶不上 · 赶忙', 35),
  ('lesson-h6-aa-36', 'unit-h6-aa', '港口 · 高层', 36),
  ('lesson-h6-aa-37', 'unit-h6-aa', '稿子 · 歌唱', 37),
  ('lesson-h6-aa-38', 'unit-h6-aa', '公 · 公安', 38),
  ('lesson-h6-aa-39', 'unit-h6-aa', '巩固 · 贡献', 39),
  ('lesson-h6-aa-40', 'unit-h6-aa', '股票 · 故障', 40),
  ('lesson-h6-aa-41', 'unit-h6-aa', '官司 · 管道', 41),
  ('lesson-h6-aa-42', 'unit-h6-aa', '国会 · 国旗', 42),
  ('lesson-h6-aa-43', 'unit-h6-aa', '海报 · 海底', 43),
  ('lesson-h6-aa-44', 'unit-h6-aa', '好容易 · 好似', 44),
  ('lesson-h6-aa-45', 'unit-h6-aa', '很难说 · 狠', 45),
  ('lesson-h6-aa-46', 'unit-h6-aa', '互动 · 户外', 46),
  ('lesson-h6-aa-47', 'unit-h6-aa', '患者 · 皇帝', 47),
  ('lesson-h6-aa-48', 'unit-h6-aa', '混 · 混合', 48),
  ('lesson-h6-aa-49', 'unit-h6-aa', '基督教 · 激情', 49),
  ('lesson-h6-aa-50', 'unit-h6-aa', '加盟 · 茄子', 50),
  ('lesson-h6-aa-51', 'unit-h6-aa', '监督 · 捡', 51),
  ('lesson-h6-aa-52', 'unit-h6-aa', '酱 · 酱油', 52),
  ('lesson-h6-aa-53', 'unit-h6-aa', '揭 · 街头', 53),
  ('lesson-h6-aa-54', 'unit-h6-aa', '解 · 解说', 54),
  ('lesson-h6-aa-55', 'unit-h6-aa', '近日 · 近视', 55),
  ('lesson-h6-aa-56', 'unit-h6-aa', '景 · 景点', 56),
  ('lesson-h6-aa-57', 'unit-h6-aa', '救助 · 就是说', 57),
  ('lesson-h6-aa-58', 'unit-h6-aa', '捐助 · 决策', 58),
  ('lesson-h6-aa-59', 'unit-h6-aa', '军事 · 开创', 59),
  ('lesson-h6-aa-60', 'unit-h6-aa', '看得起 · 看管', 60),
  ('lesson-h6-aa-61', 'unit-h6-aa', '科研 · 客车', 61),
  ('lesson-h6-aa-62', 'unit-h6-aa', '快车 · 宽阔', 62),
  ('lesson-h6-aa-63', 'unit-h6-aa', '蓝天 · 懒', 63),
  ('lesson-h6-aa-64', 'unit-h6-aa', '理 · 理财', 64),
  ('lesson-h6-aa-65', 'unit-h6-aa', '两侧 · 两手', 65),
  ('lesson-h6-aa-66', 'unit-h6-aa', '领袖 · 另', 66),
  ('lesson-h6-aa-67', 'unit-h6-aa', '录音机 · 路过', 67),
  ('lesson-h6-aa-68', 'unit-h6-aa', '馒头 · 慢车', 68),
  ('lesson-h6-aa-69', 'unit-h6-aa', '秘书长 · 棉', 69),
  ('lesson-h6-aa-70', 'unit-h6-aa', '民工 · 民警', 70),
  ('lesson-h6-aa-71', 'unit-h6-aa', '明日 · 命', 71),
  ('lesson-h6-aa-72', 'unit-h6-aa', '母子 · 墓', 72),
  ('lesson-h6-aa-73', 'unit-h6-aa', '内衣 · 能否', 73),
  ('lesson-h6-aa-74', 'unit-h6-aa', '炮 · 陪同', 74),
  ('lesson-h6-aa-75', 'unit-h6-aa', '平凡 · 平方米', 75),
  ('lesson-h6-aa-76', 'unit-h6-aa', '扑 · 铺', 76),
  ('lesson-h6-aa-77', 'unit-h6-aa', '恰当 · 恰好', 77),
  ('lesson-h6-aa-78', 'unit-h6-aa', '潜力 · 强盗', 78),
  ('lesson-h6-aa-79', 'unit-h6-aa', '亲属 · 亲眼', 79),
  ('lesson-h6-aa-80', 'unit-h6-aa', '清洗 · 情绪', 80),
  ('lesson-h6-aa-81', 'unit-h6-aa', '取款 · 取款机', 81),
  ('lesson-h6-aa-82', 'unit-h6-aa', '缺陷 · 却是', 82),
  ('lesson-h6-aa-83', 'unit-h6-aa', '认同 · 日夜', 83),
  ('lesson-h6-aa-84', 'unit-h6-aa', '入 · 入学', 84),
  ('lesson-h6-aa-85', 'unit-h6-aa', '山峰 · 山谷', 85),
  ('lesson-h6-aa-86', 'unit-h6-aa', '上当 · 上帝', 86),
  ('lesson-h6-aa-87', 'unit-h6-aa', '设计师 · 涉及', 87),
  ('lesson-h6-aa-88', 'unit-h6-aa', '生活费 · 省钱', 88),
  ('lesson-h6-aa-89', 'unit-h6-aa', '时期 · 时时', 89),
  ('lesson-h6-aa-90', 'unit-h6-aa', '事后 · 试点', 90),
  ('lesson-h6-aa-91', 'unit-h6-aa', '首脑 · 首席', 91),
  ('lesson-h6-aa-92', 'unit-h6-aa', '水泥 · 税', 92),
  ('lesson-h6-aa-93', 'unit-h6-aa', '寺 · 送礼', 93),
  ('lesson-h6-aa-94', 'unit-h6-aa', '塔 · 踏', 94),
  ('lesson-h6-aa-95', 'unit-h6-aa', '掏 · 特', 95),
  ('lesson-h6-aa-96', 'unit-h6-aa', '提交 · 提升', 96),
  ('lesson-h6-aa-97', 'unit-h6-aa', '跳水 · 听取', 97),
  ('lesson-h6-aa-98', 'unit-h6-aa', '同 · 同胞', 98),
  ('lesson-h6-aa-99', 'unit-h6-aa', '透露 · 图书', 99),
  ('lesson-h6-aa-100', 'unit-h6-aa', '托 · 拖', 100),
  ('lesson-h6-aa-101', 'unit-h6-aa', '外出 · 外观', 101),
  ('lesson-h6-aa-102', 'unit-h6-aa', '顽皮 · 顽强', 102),
  ('lesson-h6-aa-103', 'unit-h6-aa', '往年 · 望见', 103),
  ('lesson-h6-aa-104', 'unit-h6-aa', '文娱 · 卧铺', 104),
  ('lesson-h6-aa-105', 'unit-h6-aa', '误 · 吸毒', 105),
  ('lesson-h6-aa-106', 'unit-h6-aa', '先锋 · 嫌', 106),
  ('lesson-h6-aa-107', 'unit-h6-aa', '消耗 · 消灭', 107),
  ('lesson-h6-aa-108', 'unit-h6-aa', '笑声 · 协调', 108),
  ('lesson-h6-aa-109', 'unit-h6-aa', '心愿 · 心脏', 109),
  ('lesson-h6-aa-110', 'unit-h6-aa', '行程 · 形', 110),
  ('lesson-h6-aa-111', 'unit-h6-aa', '旋转 · 选拔', 111),
  ('lesson-h6-aa-112', 'unit-h6-aa', '压迫 · 烟花', 112),
  ('lesson-h6-aa-113', 'unit-h6-aa', '宴会 · 洋', 113),
  ('lesson-h6-aa-114', 'unit-h6-aa', '要好 · 要么', 114),
  ('lesson-h6-aa-115', 'unit-h6-aa', '一番 · 一贯', 115),
  ('lesson-h6-aa-116', 'unit-h6-aa', '医药 · 依次', 116),
  ('lesson-h6-aa-117', 'unit-h6-aa', '异常 · 意想不到', 117),
  ('lesson-h6-aa-118', 'unit-h6-aa', '音像 · 隐藏', 118),
  ('lesson-h6-aa-119', 'unit-h6-aa', '影迷 · 影响力', 119),
  ('lesson-h6-aa-120', 'unit-h6-aa', '优质 · 游人', 120),
  ('lesson-h6-aa-121', 'unit-h6-aa', '于 · 娱乐', 121),
  ('lesson-h6-aa-122', 'unit-h6-aa', '园 · 园地', 122),
  ('lesson-h6-aa-123', 'unit-h6-aa', '远方 · 远离', 123),
  ('lesson-h6-aa-124', 'unit-h6-aa', '再生 · 再说', 124),
  ('lesson-h6-aa-125', 'unit-h6-aa', '扎 · 扎实', 125),
  ('lesson-h6-aa-126', 'unit-h6-aa', '战略 · 战术', 126),
  ('lesson-h6-aa-127', 'unit-h6-aa', '长跑 · 长远', 127),
  ('lesson-h6-aa-128', 'unit-h6-aa', '照样 · 照耀', 128),
  ('lesson-h6-aa-129', 'unit-h6-aa', '政策 · 政党', 129),
  ('lesson-h6-aa-130', 'unit-h6-aa', '知名 · 织', 130),
  ('lesson-h6-aa-131', 'unit-h6-aa', '指定 · 指数', 131),
  ('lesson-h6-aa-132', 'unit-h6-aa', '中期 · 中外', 132),
  ('lesson-h6-aa-133', 'unit-h6-aa', '粥 · 珠宝', 133),
  ('lesson-h6-aa-134', 'unit-h6-aa', '驻 · 柱子', 134),
  ('lesson-h6-aa-135', 'unit-h6-aa', '捉 · 咨询', 135),
  ('lesson-h6-aa-136', 'unit-h6-aa', '总部 · 总监', 136),
  ('lesson-h6-aa-137', 'unit-h6-aa', '足以 · 族', 137),
  ('lesson-h6-aa-138', 'unit-h6-aa', '罪 · 作', 138),
  ('lesson-h6-aa-review', 'unit-h6-aa', 'Academic & Research Review', 139),
  ('lesson-h6-ab-1', 'unit-h6-ab', '被告 · 车号', 1),
  ('lesson-h6-ab-2', 'unit-h6-ab', '允许 · 罪恶', 2),
  ('lesson-h6-ab-review', 'unit-h6-ab', 'Law & Administration Review', 3),
  ('lesson-h6-ac-1', 'unit-h6-ac', '暴露 · 传言', 1),
  ('lesson-h6-ac-review', 'unit-h6-ac', 'Media & Journalism Review', 2),
  ('lesson-h6-ad-1', 'unit-h6-ad', '本质 · 构建', 1),
  ('lesson-h6-ad-review', 'unit-h6-ad', 'Philosophy & Abstract Thought Review', 2),
  ('lesson-h6-ae-1', 'unit-h6-ae', 'HSK 6 Graduation Exam', 1);
insert into vocab_items (id, course_id, hanzi, pinyin, english, part_of_speech, difficulty, image_url, emoji) values
  ('v-h6-ai', 'course-mandarin-1', '挨', 'āi', 'in order; in sequence', 'word', 6, null, null),
  ('v-h6-ai-da', 'course-mandarin-1', '挨打', 'ái dǎ', 'to take a beating', 'word', 6, null, null),
  ('v-h6-ai-zhe', 'course-mandarin-1', '挨着', 'āi zhe', 'near', 'word', 6, null, null),
  ('v-h6-an-jian', 'course-mandarin-1', '安检', 'ān jiǎn', 'security check (abbr. for 安全检查)', 'word', 6, null, null),
  ('v-h6-ba-gong', 'course-mandarin-1', '罢工', 'bà gōng', 'a strike', 'verb', 6, null, null),
  ('v-h6-ba-le', 'course-mandarin-1', '罢了', 'bà le', 'a modal particle indicating (that''s all, only, nothing much)', 'word', 6, null, null),
  ('v-h6-bai-ling', 'course-mandarin-1', '白领', 'bái lǐng', 'white-collar', 'word', 6, null, null),
  ('v-h6-bai-fen-dian', 'course-mandarin-1', '百分点', 'bǎi fēn diǎn', 'percentage point', 'word', 6, null, null),
  ('v-h6-ban-gong', 'course-mandarin-1', '办公', 'bàn gōng', 'to handle official business', 'verb', 6, null, null),
  ('v-h6-ban-shi-chu', 'course-mandarin-1', '办事处', 'bàn shì chù', 'office', 'word', 6, null, null),
  ('v-h6-ban-xue', 'course-mandarin-1', '办学', 'bàn xué', 'to run a school', 'verb', 6, null, null),
  ('v-h6-ban-jue-sai', 'course-mandarin-1', '半决赛', 'bàn jué sài', 'semifinals', 'word', 6, null, null),
  ('v-h6-bang-wan', 'course-mandarin-1', '傍晚', 'bàng wǎn', 'in the evening', 'word', 6, null, null),
  ('v-h6-bao-jian', 'course-mandarin-1', '保健', 'bǎo jiàn', 'health protection', 'word', 6, null, null),
  ('v-h6-bao-kan', 'course-mandarin-1', '报刊', 'bào kān', 'newspapers and periodicals', 'word', 6, null, null),
  ('v-h6-bao-kao', 'course-mandarin-1', '报考', 'bào kǎo', 'to enter oneself for an examination', 'word', 6, null, null),
  ('v-h6-bao-qian', 'course-mandarin-1', '抱歉', 'bào qiàn', 'to be sorry', 'word', 6, null, null),
  ('v-h6-bao-feng-yu', 'course-mandarin-1', '暴风雨', 'bào fēng yǔ', 'rainstorm', 'word', 6, null, null),
  ('v-h6-bao-li', 'course-mandarin-1', '暴力', 'bào lì', 'violence', 'word', 6, null, null),
  ('v-h6-bao-yu', 'course-mandarin-1', '暴雨', 'bào yǔ', 'torrential rain', 'word', 6, null, null),
  ('v-h6-bao', 'course-mandarin-1', '爆', 'bào', 'to explode or burst', 'word', 6, null, null),
  ('v-h6-bao-fa', 'course-mandarin-1', '爆发', 'bào fā', 'to break out', 'word', 6, null, null),
  ('v-h6-bao-zha', 'course-mandarin-1', '爆炸', 'bào zhà', 'explosion', 'word', 6, null, null),
  ('v-h6-bei-can', 'course-mandarin-1', '悲惨', 'bēi cǎn', 'miserable', 'word', 6, null, null),
  ('v-h6-bei-xin', 'course-mandarin-1', '背心', 'bèi xīn', 'sleeveless garment (vest, waistcoat, singlet, tank top etc)', 'word', 6, null, null),
  ('v-h6-bei-zhe', 'course-mandarin-1', '背着', 'bēi zhe', 'carrying on one''s back', 'word', 6, null, null),
  ('v-h6-ben-pao', 'course-mandarin-1', '奔跑', 'bēn pǎo', 'to run', 'word', 6, null, null),
  ('v-h6-ben-di', 'course-mandarin-1', '本地', 'běn dì', 'local', 'word', 6, null, null),
  ('v-h6-ben-qi', 'course-mandarin-1', '本期', 'běn qī', 'the current period', 'word', 6, null, null),
  ('v-h6-ben-shen', 'course-mandarin-1', '本身', 'běn shēn', 'itself', 'word', 6, null, null),
  ('v-h6-ben-tu', 'course-mandarin-1', '本土', 'běn tǔ', 'one''s native country', 'word', 6, null, null),
  ('v-h6-bi', 'course-mandarin-1', '逼', 'bī', 'variant of 逼', 'word', 6, null, null),
  ('v-h6-bi-shi', 'course-mandarin-1', '笔试', 'bǐ shì', 'written examination', 'word', 6, null, null),
  ('v-h6-bi-jiang', 'course-mandarin-1', '必将', 'bì jiāng', 'inevitably', 'word', 6, null, null),
  ('v-h6-bi-xiu', 'course-mandarin-1', '必修', 'bì xiū', '(of an academic course) required', 'verb', 6, null, null),
  ('v-h6-bi-2', 'course-mandarin-1', '闭', 'bì', 'to close', 'word', 6, null, null),
  ('v-h6-bian-yuan', 'course-mandarin-1', '边缘', 'biān yuán', 'edge; fringe; verge; brink; periphery', 'word', 6, null, null),
  ('v-h6-bian-zhi', 'course-mandarin-1', '编制', 'biān zhì', 'to establish (a unit or department)', 'word', 6, null, null),
  ('v-h6-pian', 'course-mandarin-1', '扁', 'Piān', 'surname Pian', 'word', 6, null, null),
  ('v-h6-bian-geng', 'course-mandarin-1', '变更', 'biàn gēng', 'to change', 'word', 6, null, null),
  ('v-h6-bian-huan', 'course-mandarin-1', '变换', 'biàn huàn', 'to transform', 'word', 6, null, null),
  ('v-h6-bian-xing', 'course-mandarin-1', '变形', 'biàn xíng', 'to become deformed; to change shape; to morph', 'word', 6, null, null),
  ('v-h6-bian', 'course-mandarin-1', '便', 'biàn', 'plain', 'word', 6, null, null),
  ('v-h6-bian-shi', 'course-mandarin-1', '便是', 'biàn shì', '(emphasizes that sth is precisely or exactly as stated)', 'word', 6, null, null),
  ('v-h6-bian-di', 'course-mandarin-1', '遍地', 'biàn dì', 'everywhere', 'word', 6, null, null),
  ('v-h6-biao-mian-shang', 'course-mandarin-1', '表面上', 'biǎo miàn shang', 'outwardly; superficially; on the face of it', 'noun', 6, null, null),
  ('v-h6-bing-fang', 'course-mandarin-1', '病房', 'bìng fáng', 'ward (of a hospital)', 'word', 6, null, null),
  ('v-h6-bing-qing', 'course-mandarin-1', '病情', 'bìng qíng', 'state of an illness', 'word', 6, null, null),
  ('v-h6-bo-da', 'course-mandarin-1', '拨打', 'bō dǎ', 'to call', 'word', 6, null, null),
  ('v-h6-bo-dong', 'course-mandarin-1', '波动', 'bō dòng', 'to undulate', 'verb', 6, null, null),
  ('v-h6-bo-lang', 'course-mandarin-1', '波浪', 'bō làng', 'wave', 'word', 6, null, null),
  ('v-h6-bo', 'course-mandarin-1', '播', 'bō', 'to sow', 'word', 6, null, null),
  ('v-h6-bu-kao', 'course-mandarin-1', '补考', 'bǔ kǎo', 'to sit for a makeup exam', 'word', 6, null, null),
  ('v-h6-bu-ke', 'course-mandarin-1', '补课', 'bǔ kè', 'to make up missed lesson', 'word', 6, null, null),
  ('v-h6-bu-xi', 'course-mandarin-1', '补习', 'bǔ xí', 'to take extra lessons in a cram school or with a private tutor', 'word', 6, null, null),
  ('v-h6-bu-zhu', 'course-mandarin-1', '补助', 'bǔ zhù', 'to subsidize', 'word', 6, null, null),
  ('v-h6-bu', 'course-mandarin-1', '捕', 'bǔ', 'to catch', 'word', 6, null, null),
  ('v-h6-bu-bian', 'course-mandarin-1', '不便', 'bù biàn', 'inconvenient', 'adjective', 6, null, null),
  ('v-h6-bu-cheng', 'course-mandarin-1', '不成', 'bù chéng', 'won''t do', 'word', 6, null, null),
  ('v-h6-bu-jian', 'course-mandarin-1', '不见', 'bù jiàn', 'not to see', 'word', 6, null, null),
  ('v-h6-bu-jin-jin', 'course-mandarin-1', '不仅仅', 'bù jǐn jǐn', 'not only; not just', 'word', 6, null, null),
  ('v-h6-bu-jin', 'course-mandarin-1', '不禁', 'bù jīn', 'can''t help (doing sth)', 'word', 6, null, null),
  ('v-h6-bu-liao', 'course-mandarin-1', '不料', 'bù liào', 'unexpectedly', 'word', 6, null, null),
  ('v-h6-bu-tong', 'course-mandarin-1', '不通', 'bù tōng', 'to be obstructed', 'word', 6, null, null),
  ('v-h6-bu-zai', 'course-mandarin-1', '不再', 'bù zài', 'no more', 'word', 6, null, null),
  ('v-h6-bu-zen-me', 'course-mandarin-1', '不怎么', 'bù zěn me', 'not very', 'word', 6, null, null),
  ('v-h6-bu-zen-me-yang', 'course-mandarin-1', '不怎么样', 'bù zěn me yàng', 'not up to much', 'noun', 6, null, null),
  ('v-h6-bu-zhi', 'course-mandarin-1', '不值', 'bù zhí', 'not worth', 'noun', 6, null, null),
  ('v-h6-bu-zhi-yu', 'course-mandarin-1', '不至于', 'bù zhì yú', 'unlikely to go so far as to; not as bad as', 'word', 6, null, null),
  ('v-h6-bu-man', 'course-mandarin-1', '布满', 'bù mǎn', 'to be covered with', 'word', 6, null, null),
  ('v-h6-bu-dui', 'course-mandarin-1', '部队', 'bù duì', 'army', 'word', 6, null, null),
  ('v-h6-cai-na', 'course-mandarin-1', '采纳', 'cǎi nà', 'to accept', 'word', 6, null, null),
  ('v-h6-cai', 'course-mandarin-1', '踩', 'cǎi', 'variant of 踩', 'word', 6, null, null),
  ('v-h6-can-sai', 'course-mandarin-1', '参赛', 'cān sài', 'to compete', 'word', 6, null, null),
  ('v-h6-can-zhan', 'course-mandarin-1', '参展', 'cān zhǎn', 'to exhibit at or take part in a trade show etc', 'verb', 6, null, null),
  ('v-h6-can', 'course-mandarin-1', '餐', 'cān', 'meal', 'word', 6, null, null),
  ('v-h6-can-ji', 'course-mandarin-1', '残疾', 'cán jí', 'disabled', 'word', 6, null, null),
  ('v-h6-can-ji-ren', 'course-mandarin-1', '残疾人', 'cán jí rén', 'disabled person', 'word', 6, null, null),
  ('v-h6-can-ku', 'course-mandarin-1', '残酷', 'cán kù', 'cruel', 'word', 6, null, null),
  ('v-h6-can-2', 'course-mandarin-1', '惨', 'cǎn', 'miserable', 'word', 6, null, null),
  ('v-h6-cang-ku', 'course-mandarin-1', '仓库', 'cāng kù', 'depot', 'word', 6, null, null),
  ('v-h6-zang', 'course-mandarin-1', '藏', 'Zàng', 'Tibet', 'word', 6, null, null),
  ('v-h6-cao-zong', 'course-mandarin-1', '操纵', 'cāo zòng', 'to operate', 'word', 6, null, null),
  ('v-h6-ce', 'course-mandarin-1', '侧', 'cè', 'the side', 'word', 6, null, null),
  ('v-h6-ce-suo', 'course-mandarin-1', '厕所', 'cè suǒ', 'toilet', 'word', 6, null, null),
  ('v-h6-ce-ding', 'course-mandarin-1', '测定', 'cè dìng', 'to determine (by measuring or surveying)', 'word', 6, null, null),
  ('v-h6-ce-hua', 'course-mandarin-1', '策划', 'cè huà', 'to plot', 'word', 6, null, null),
  ('v-h6-ce-lu-e', 'course-mandarin-1', '策略', 'cè lu:è', 'strategy; tactics', 'word', 6, null, null),
  ('v-h6-ceng-mian', 'course-mandarin-1', '层面', 'céng miàn', 'aspect', 'word', 6, null, null),
  ('v-h6-cha-chu', 'course-mandarin-1', '查出', 'chá chū', 'to find out', 'word', 6, null, null),
  ('v-h6-cha-kan', 'course-mandarin-1', '查看', 'chá kàn', 'to look over', 'word', 6, null, null),
  ('v-h6-cha-yi', 'course-mandarin-1', '差异', 'chā yì', 'difference; discrepancy', 'word', 6, null, null),
  ('v-h6-chai-qian', 'course-mandarin-1', '拆迁', 'chāi qiān', 'to demolish a building and relocate the inhabitants', 'word', 6, null, null),
  ('v-h6-chan-liang', 'course-mandarin-1', '产量', 'chǎn liàng', 'output', 'word', 6, null, null),
  ('v-h6-chang-sheng', 'course-mandarin-1', '昌盛', 'chāng shèng', 'prosperous', 'adjective', 6, null, null),
  ('v-h6-chang-gui', 'course-mandarin-1', '常规', 'cháng guī', 'code of conduct', 'word', 6, null, null),
  ('v-h6-chang-nian', 'course-mandarin-1', '常年', 'cháng nián', 'all year round', 'word', 6, null, null),
  ('v-h6-chang-shang', 'course-mandarin-1', '厂商', 'chǎng shāng', 'manufacturer', 'word', 6, null, null),
  ('v-h6-chang-di', 'course-mandarin-1', '场地', 'chǎng dì', 'space', 'word', 6, null, null),
  ('v-h6-chang-guan', 'course-mandarin-1', '场馆', 'chǎng guǎn', 'sporting venue', 'word', 6, null, null),
  ('v-h6-chang-jing', 'course-mandarin-1', '场景', 'chǎng jǐng', 'scene; scenario; situation; setting', 'word', 6, null, null),
  ('v-h6-chang-tong', 'course-mandarin-1', '畅通', 'chàng tōng', 'unimpeded', 'word', 6, null, null),
  ('v-h6-chao', 'course-mandarin-1', '超', 'chāo', 'to exceed', 'word', 6, null, null),
  ('v-h6-chao-chu', 'course-mandarin-1', '超出', 'chāo chū', 'to exceed', 'word', 6, null, null),
  ('v-h6-chao-2', 'course-mandarin-1', '炒', 'chǎo', 'to sauté', 'word', 6, null, null),
  ('v-h6-chao-gu', 'course-mandarin-1', '炒股', 'chǎo gǔ', '(coll.) to speculate in stocks', 'word', 6, null, null),
  ('v-h6-chao-zuo', 'course-mandarin-1', '炒作', 'chǎo zuò', 'to hype', 'word', 6, null, null),
  ('v-h6-che-zhan', 'course-mandarin-1', '车展', 'chē zhǎn', 'motor show', 'noun', 6, null, null),
  ('v-h6-che-li', 'course-mandarin-1', '撤离', 'chè lí', 'to withdraw from', 'word', 6, null, null),
  ('v-h6-che-xiao', 'course-mandarin-1', '撤销', 'chè xiāo', 'to repeal', 'word', 6, null, null),
  ('v-h6-cheng', 'course-mandarin-1', '撑', 'chēng', 'to support', 'word', 6, null, null),
  ('v-h6-cheng-fen', 'course-mandarin-1', '成分', 'chéng fèn', 'composition; ingredient; element; component', 'word', 6, null, null),
  ('v-h6-cheng-pin', 'course-mandarin-1', '成品', 'chéng pǐn', 'finished goods', 'word', 6, null, null),
  ('v-h6-cheng-nuo', 'course-mandarin-1', '承诺', 'chéng nuò', 'to promise', 'word', 6, null, null),
  ('v-h6-cheng-qu', 'course-mandarin-1', '城区', 'chéng qū', 'city district', 'word', 6, null, null),
  ('v-h6-cheng-xiang', 'course-mandarin-1', '城乡', 'chéng xiāng', 'city and countryside', 'word', 6, null, null),
  ('v-h6-cheng-zhen', 'course-mandarin-1', '城镇', 'chéng zhèn', 'town', 'word', 6, null, null),
  ('v-h6-chi-you', 'course-mandarin-1', '持有', 'chí yǒu', 'to hold (passport, views etc)', 'word', 6, null, null),
  ('v-h6-chong-ji', 'course-mandarin-1', '冲击', 'chōng jī', 'variant of 冲击', 'verb', 6, null, null),
  ('v-h6-chong-bai', 'course-mandarin-1', '崇拜', 'chóng bài', 'to worship', 'word', 6, null, null),
  ('v-h6-chong-wu', 'course-mandarin-1', '宠物', 'chǒng wù', 'house pet', 'word', 6, null, null),
  ('v-h6-chu-chang', 'course-mandarin-1', '出场', 'chū chǎng', '(of a performer) to come onto the stage to perform', 'word', 6, null, null),
  ('v-h6-chu-dong', 'course-mandarin-1', '出动', 'chū dòng', 'to start out on a trip', 'word', 6, null, null),
  ('v-h6-chu-fang', 'course-mandarin-1', '出访', 'chū fǎng', 'to go and visit in an official capacity or for investigation', 'word', 6, null, null),
  ('v-h6-chu-lu', 'course-mandarin-1', '出路', 'chū lù', 'a way out (lit. and fig.)', 'word', 6, null, null),
  ('v-h6-chu-mian', 'course-mandarin-1', '出面', 'chū miàn', 'to appear personally', 'word', 6, null, null),
  ('v-h6-chu-ming', 'course-mandarin-1', '出名', 'chū míng', 'well-known for sth', 'word', 6, null, null),
  ('v-h6-chu-ru', 'course-mandarin-1', '出入', 'chū rù', 'to go out and come in', 'word', 6, null, null),
  ('v-h6-chu-shi', 'course-mandarin-1', '出事', 'chū shì', 'to have an accident', 'word', 6, null, null),
  ('v-h6-chu-tai', 'course-mandarin-1', '出台', 'chū tái', 'to officially launch (a policy, program etc)', 'word', 6, null, null),
  ('v-h6-chu-xing', 'course-mandarin-1', '出行', 'chū xíng', 'to go out somewhere (relatively short trip)', 'word', 6, null, null),
  ('v-h6-chu-deng', 'course-mandarin-1', '初等', 'chū děng', 'elementary (i.e. easy)', 'word', 6, null, null),
  ('v-h6-chu', 'course-mandarin-1', '除', 'chú', 'to get rid of', 'word', 6, null, null),
  ('v-h6-chu-shi-2', 'course-mandarin-1', '厨师', 'chú shī', 'cook', 'word', 6, null, null),
  ('v-h6-chu-cun', 'course-mandarin-1', '储存', 'chǔ cún', 'stockpile', 'word', 6, null, null),
  ('v-h6-chu-chu', 'course-mandarin-1', '处处', 'chù chù', 'everywhere', 'word', 6, null, null),
  ('v-h6-chu-zhang', 'course-mandarin-1', '处长', 'chù zhǎng', 'department head', 'word', 6, null, null),
  ('v-h6-chuan-chu', 'course-mandarin-1', '传出', 'chuán chū', 'to transmit outwards', 'word', 6, null, null),
  ('v-h6-chuan-mei', 'course-mandarin-1', '传媒', 'chuán méi', 'media', 'word', 6, null, null),
  ('v-h6-chuan-shu', 'course-mandarin-1', '传输', 'chuán shū', 'to transmit', 'verb', 6, null, null),
  ('v-h6-chuan-yuan', 'course-mandarin-1', '船员', 'chuán yuán', 'sailor', 'word', 6, null, null),
  ('v-h6-chuan-zhang', 'course-mandarin-1', '船长', 'chuán zhǎng', 'captain (of a boat)', 'word', 6, null, null),
  ('v-h6-chuan-zhi', 'course-mandarin-1', '船只', 'chuán zhī', 'ship', 'word', 6, null, null),
  ('v-h6-chuan', 'course-mandarin-1', '串', 'chuàn', 'to string together', 'word', 6, null, null),
  ('v-h6-chuang-kou', 'course-mandarin-1', '窗口', 'chuāng kǒu', 'window', 'word', 6, null, null),
  ('v-h6-chuang-ban', 'course-mandarin-1', '创办', 'chuàng bàn', 'to establish', 'word', 6, null, null),
  ('v-h6-chuang-jian', 'course-mandarin-1', '创建', 'chuàng jiàn', 'to found', 'word', 6, null, null),
  ('v-h6-chuang-yi', 'course-mandarin-1', '创意', 'chuàng yì', 'creative', 'word', 6, null, null),
  ('v-h6-ci-chu', 'course-mandarin-1', '此处', 'cǐ chù', 'this place', 'word', 6, null, null),
  ('v-h6-ci-ci', 'course-mandarin-1', '此次', 'cǐ cì', 'this time', 'word', 6, null, null),
  ('v-h6-ci-qian', 'course-mandarin-1', '此前', 'cǐ qián', 'before this', 'word', 6, null, null),
  ('v-h6-ci-shi', 'course-mandarin-1', '此事', 'cǐ shì', 'this matter', 'word', 6, null, null),
  ('v-h6-ci-zhi', 'course-mandarin-1', '此致', 'cǐ zhì', '(used at the end of a letter to introduce a polite salutation)', 'word', 6, null, null),
  ('v-h6-ci-shu', 'course-mandarin-1', '次数', 'cì shù', 'number of times', 'word', 6, null, null),
  ('v-h6-cong-bu', 'course-mandarin-1', '从不', 'cóng bù', 'never', 'word', 6, null, null),
  ('v-h6-cong-mei', 'course-mandarin-1', '从没', 'cóng méi', 'never (in the past)', 'word', 6, null, null),
  ('v-h6-cu', 'course-mandarin-1', '醋', 'cù', 'vinegar', 'word', 6, null, null),
  ('v-h6-cun-zhuang', 'course-mandarin-1', '村庄', 'cūn zhuāng', 'village', 'word', 6, null, null),
  ('v-h6-cuo-guo', 'course-mandarin-1', '错过', 'cuò guò', 'to miss (train, opportunity etc)', 'word', 6, null, null),
  ('v-h6-da', 'course-mandarin-1', '搭', 'dā', 'to put up', 'word', 6, null, null),
  ('v-h6-da-dang', 'course-mandarin-1', '搭档', 'dā dàng', 'to cooperate', 'word', 6, null, null),
  ('v-h6-da-pei', 'course-mandarin-1', '搭配', 'dā pèi', 'to pair up', 'word', 6, null, null),
  ('v-h6-da-dong', 'course-mandarin-1', '打动', 'dǎ dòng', 'to move (to pity)', 'word', 6, null, null),
  ('v-h6-da-duan', 'course-mandarin-1', '打断', 'dǎ duàn', 'to interrupt', 'word', 6, null, null),
  ('v-h6-da-fa', 'course-mandarin-1', '打发', 'dǎ fa', 'to dispatch sb to do sth', 'word', 6, null, null),
  ('v-h6-da-guan-si', 'course-mandarin-1', '打官司', 'dǎ guān si', 'to file a lawsuit', 'word', 6, null, null),
  ('v-h6-da-pai', 'course-mandarin-1', '打牌', 'dǎ pái', 'to play mahjong or cards', 'word', 6, null, null),
  ('v-h6-da-yin-ji', 'course-mandarin-1', '打印机', 'dǎ yìn jī', 'printer', 'word', 6, null, null),
  ('v-h6-da-zao', 'course-mandarin-1', '打造', 'dǎ zào', 'to create', 'word', 6, null, null),
  ('v-h6-da-dao', 'course-mandarin-1', '大道', 'dà dào', 'main street', 'word', 6, null, null),
  ('v-h6-da-jie', 'course-mandarin-1', '大街', 'dà jiē', 'street', 'word', 6, null, null),
  ('v-h6-da-li', 'course-mandarin-1', '大力', 'dà lì', 'energetically', 'word', 6, null, null),
  ('v-h6-da-mi', 'course-mandarin-1', '大米', 'dà mǐ', '(husked) rice', 'word', 6, null, null),
  ('v-h6-da-pi', 'course-mandarin-1', '大批', 'dà pī', 'large quantities of', 'word', 6, null, null),
  ('v-h6-da-sai', 'course-mandarin-1', '大赛', 'dà sài', 'grand contest', 'verb', 6, null, null),
  ('v-h6-da-shi', 'course-mandarin-1', '大师', 'dà shī', 'great master', 'word', 6, null, null),
  ('v-h6-da-shi-2', 'course-mandarin-1', '大使', 'dà shǐ', 'ambassador', 'word', 6, null, null),
  ('v-h6-dai-hui-r', 'course-mandarin-1', '待会儿', 'dāi huì r', 'in a moment', 'word', 6, null, null),
  ('v-h6-dan-da', 'course-mandarin-1', '单打', 'dān dǎ', 'singles (in sports)', 'word', 6, null, null),
  ('v-h6-dan-you', 'course-mandarin-1', '担忧', 'dān yōu', 'to worry', 'word', 6, null, null),
  ('v-h6-dan-sheng', 'course-mandarin-1', '诞生', 'dàn shēng', 'to be born', 'word', 6, null, null),
  ('v-h6-dang-cheng', 'course-mandarin-1', '当成', 'dàng chéng', 'to consider as; to take to be', 'word', 6, null, null),
  ('v-h6-dang-tian', 'course-mandarin-1', '当天', 'dāng tiān', 'on that day', 'word', 6, null, null),
  ('v-h6-dang-zuo', 'course-mandarin-1', '当作', 'dàng zuò', 'to treat as', 'word', 6, null, null),
  ('v-h6-dang', 'course-mandarin-1', '党', 'Dǎng', 'surname Dang', 'word', 6, null, null),
  ('v-h6-dang-2', 'course-mandarin-1', '档', 'dǎng', '(Tw) variant of 挡, gear', 'word', 6, null, null),
  ('v-h6-dang-an', 'course-mandarin-1', '档案', 'dàng àn', 'file', 'word', 6, null, null),
  ('v-h6-dao', 'course-mandarin-1', '岛', 'dǎo', 'variant of 岛', 'word', 6, null, null),
  ('v-h6-dao-qi', 'course-mandarin-1', '到期', 'dào qī', 'to fall due (loan etc)', 'word', 6, null, null),
  ('v-h6-dao-ban', 'course-mandarin-1', '盗版', 'dào bǎn', 'pirated', 'verb', 6, null, null),
  ('v-h6-dao-jiao', 'course-mandarin-1', '道教', 'Dào jiào', 'Taoism', 'noun', 6, null, null),
  ('v-h6-dao-qian', 'course-mandarin-1', '道歉', 'dào qiàn', 'to apologize', 'word', 6, null, null),
  ('v-h6-di-ban', 'course-mandarin-1', '地板', 'dì bǎn', 'floor', 'word', 6, null, null),
  ('v-h6-di-ming', 'course-mandarin-1', '地名', 'dì míng', 'place name', 'word', 6, null, null),
  ('v-h6-di-xia-shi', 'course-mandarin-1', '地下室', 'dì xià shì', 'basement', 'word', 6, null, null),
  ('v-h6-di-tou', 'course-mandarin-1', '低头', 'dī tóu', 'to bow the head', 'word', 6, null, null),
  ('v-h6-di-wen', 'course-mandarin-1', '低温', 'dī wēn', 'low temperature', 'word', 6, null, null),
  ('v-h6-di', 'course-mandarin-1', '滴', 'dī', 'a drop', 'word', 6, null, null),
  ('v-h6-di-da', 'course-mandarin-1', '抵达', 'dǐ dá', 'to arrive', 'word', 6, null, null),
  ('v-h6-di-kang', 'course-mandarin-1', '抵抗', 'dǐ kàng', 'to resist', 'word', 6, null, null),
  ('v-h6-dian-che', 'course-mandarin-1', '电车', 'diàn chē', 'trolleybus', 'word', 6, null, null),
  ('v-h6-dian-dong', 'course-mandarin-1', '电动', 'diàn dòng', 'electric-powered', 'word', 6, null, null),
  ('v-h6-dian-li', 'course-mandarin-1', '电力', 'diàn lì', 'electrical power', 'word', 6, null, null),
  ('v-h6-dian-qi', 'course-mandarin-1', '电器', 'diàn qì', '(electrical) appliance', 'word', 6, null, null),
  ('v-h6-diao', 'course-mandarin-1', '吊', 'diào', 'to suspend', 'word', 6, null, null),
  ('v-h6-die', 'course-mandarin-1', '跌', 'diē', 'to fall', 'word', 6, null, null),
  ('v-h6-ding-jia', 'course-mandarin-1', '定价', 'dìng jià', 'to set a price', 'word', 6, null, null),
  ('v-h6-ding-shi', 'course-mandarin-1', '定时', 'dìng shí', 'to fix a time', 'word', 6, null, null),
  ('v-h6-ding-wei', 'course-mandarin-1', '定位', 'dìng wèi', 'to orientate', 'word', 6, null, null),
  ('v-h6-dong-hua', 'course-mandarin-1', '动画', 'dòng huà', 'animation', 'word', 6, null, null),
  ('v-h6-du-shi', 'course-mandarin-1', '都市', 'dū shì', 'city; metropolis', 'word', 6, null, null),
  ('v-h6-dou-zheng', 'course-mandarin-1', '斗争', 'dòu zhēng', 'a struggle', 'verb', 6, null, null),
  ('v-h6-du-pin', 'course-mandarin-1', '毒品', 'dú pǐn', 'drugs', 'word', 6, null, null),
  ('v-h6-du', 'course-mandarin-1', '赌', 'dǔ', 'to bet', 'word', 6, null, null),
  ('v-h6-du-bo', 'course-mandarin-1', '赌博', 'dǔ bó', 'to gamble', 'word', 6, null, null),
  ('v-h6-du-2', 'course-mandarin-1', '渡', 'dù', 'to cross', 'word', 6, null, null),
  ('v-h6-duan', 'course-mandarin-1', '端', 'duān', 'end', 'word', 6, null, null),
  ('v-h6-duan-wu-jie', 'course-mandarin-1', '端午节', 'Duān wǔ jié', 'Dragon Boat Festival (5th day of the 5th lunar month)', 'word', 6, null, null),
  ('v-h6-duan-pian', 'course-mandarin-1', '短片', 'duǎn piàn', 'short film', 'word', 6, null, null),
  ('v-h6-dui-wu', 'course-mandarin-1', '队伍', 'duì wǔ', 'ranks', 'word', 6, null, null),
  ('v-h6-dui-kang', 'course-mandarin-1', '对抗', 'duì kàng', 'to withstand', 'word', 6, null, null),
  ('v-h6-dui-wai', 'course-mandarin-1', '对外', 'duì wài', 'external', 'word', 6, null, null),
  ('v-h6-dun', 'course-mandarin-1', '蹲', 'dūn', 'to crouch', 'word', 6, null, null),
  ('v-h6-duo-ban', 'course-mandarin-1', '多半', 'duō bàn', 'most', 'word', 6, null, null),
  ('v-h6-duo-fang-mian', 'course-mandarin-1', '多方面', 'duō fāng miàn', 'many-sided', 'word', 6, null, null),
  ('v-h6-duo-mei-ti', 'course-mandarin-1', '多媒体', 'duō méi tǐ', 'multimedia', 'word', 6, null, null),
  ('v-h6-duo', 'course-mandarin-1', '夺', 'duó', 'to seize', 'word', 6, null, null),
  ('v-h6-duo-qu', 'course-mandarin-1', '夺取', 'duó qǔ', 'to seize', 'word', 6, null, null),
  ('v-h6-en-ren', 'course-mandarin-1', '恩人', 'ēn rén', 'a benefactor', 'word', 6, null, null),
  ('v-h6-er-ke', 'course-mandarin-1', '儿科', 'ér kē', 'pediatrics', 'word', 6, null, null),
  ('v-h6-fa-bing', 'course-mandarin-1', '发病', 'fā bìng', '(of an illness) to occur', 'word', 6, null, null),
  ('v-h6-fa-dian', 'course-mandarin-1', '发电', 'fā diàn', 'to generate electricity', 'word', 6, null, null),
  ('v-h6-fa-fang', 'course-mandarin-1', '发放', 'fā fàng', 'to provide', 'word', 6, null, null),
  ('v-h6-fa-nu', 'course-mandarin-1', '发怒', 'fā nù', 'to get angry', 'word', 6, null, null),
  ('v-h6-fa-qi', 'course-mandarin-1', '发起', 'fā qǐ', 'to originate', 'word', 6, null, null),
  ('v-h6-fa-yan-ren', 'course-mandarin-1', '发言人', 'fā yán rén', 'spokesperson', 'word', 6, null, null),
  ('v-h6-fa-yan', 'course-mandarin-1', '发炎', 'fā yán', 'to become inflamed', 'word', 6, null, null),
  ('v-h6-fa-yu', 'course-mandarin-1', '法语', 'Fǎ yǔ', 'French (language)', 'noun', 6, null, null),
  ('v-h6-pan', 'course-mandarin-1', '番', 'Pān', 'surname Pan', 'word', 6, null, null),
  ('v-h6-fan-qie', 'course-mandarin-1', '番茄', 'fān qié', 'tomato', 'word', 6, null, null),
  ('v-h6-fan-shi', 'course-mandarin-1', '凡是', 'fán shì', 'each and every', 'word', 6, null, null),
  ('v-h6-fan-zhi', 'course-mandarin-1', '繁殖', 'fán zhí', 'to breed', 'word', 6, null, null),
  ('v-h6-fan-kang', 'course-mandarin-1', '反抗', 'fǎn kàng', 'to resist', 'word', 6, null, null),
  ('v-h6-fan-wen', 'course-mandarin-1', '反问', 'fǎn wèn', 'to ask (a question) in reply', 'word', 6, null, null),
  ('v-h6-fan-xiang', 'course-mandarin-1', '反响', 'fǎn xiǎng', 'repercussions', 'word', 6, null, null),
  ('v-h6-fan-gui', 'course-mandarin-1', '犯规', 'fàn guī', 'to break the rules', 'word', 6, null, null),
  ('v-h6-fang-fan', 'course-mandarin-1', '防范', 'fáng fàn', 'to be on guard', 'word', 6, null, null),
  ('v-h6-fang-jia', 'course-mandarin-1', '房价', 'fáng jià', 'house price', 'word', 6, null, null),
  ('v-h6-fang-fu', 'course-mandarin-1', '仿佛', 'fǎng fú', 'variant of 仿佛', 'word', 6, null, null),
  ('v-h6-fei-chuan', 'course-mandarin-1', '飞船', 'fēi chuán', 'spaceship', 'word', 6, null, null),
  ('v-h6-fei-xing-yuan', 'course-mandarin-1', '飞行员', 'fēi xíng yuán', 'pilot', 'word', 6, null, null),
  ('v-h6-fei', 'course-mandarin-1', '肺', 'fèi', 'lung', 'word', 6, null, null),
  ('v-h6-fen-gong', 'course-mandarin-1', '分工', 'fēn gōng', 'to divide up the work', 'verb', 6, null, null),
  ('v-h6-fen-lie', 'course-mandarin-1', '分裂', 'fēn liè', 'to split up', 'word', 6, null, null),
  ('v-h6-fen-nu', 'course-mandarin-1', '愤怒', 'fèn nù', 'angry', 'word', 6, null, null),
  ('v-h6-feng-bao', 'course-mandarin-1', '风暴', 'fēng bào', 'storm', 'word', 6, null, null),
  ('v-h6-feng-hui', 'course-mandarin-1', '峰会', 'fēng huì', 'summit meeting', 'word', 6, null, null),
  ('v-h6-feng-xian', 'course-mandarin-1', '奉献', 'fèng xiàn', 'to offer respectfully', 'word', 6, null, null),
  ('v-h6-fo', 'course-mandarin-1', '佛', 'Fó', 'Buddha; Buddhism (abbr. for 陀)', 'word', 6, null, null),
  ('v-h6-fo-jiao', 'course-mandarin-1', '佛教', 'Fó jiào', 'Buddhism', 'noun', 6, null, null),
  ('v-h6-fu', 'course-mandarin-1', '服', 'fú', 'clothes', 'word', 6, null, null),
  ('v-h6-fu-2', 'course-mandarin-1', '浮', 'fú', 'to float', 'word', 6, null, null),
  ('v-h6-fu-nu', 'course-mandarin-1', '父女', 'fù nǚ', 'father and daughter', 'word', 6, null, null),
  ('v-h6-fu-zi', 'course-mandarin-1', '父子', 'fù zǐ', 'father and son', 'word', 6, null, null),
  ('v-h6-fu-nu-2', 'course-mandarin-1', '妇女', 'fù nǚ', 'woman', 'word', 6, null, null),
  ('v-h6-fu-3', 'course-mandarin-1', '负', 'fù', 'to bear', 'word', 6, null, null),
  ('v-h6-fu-su', 'course-mandarin-1', '复苏', 'fù sū', 'to recover (health, economic)', 'word', 6, null, null),
  ('v-h6-fu-4', 'course-mandarin-1', '副', 'fù', 'secondary', 'word', 6, null, null),
  ('v-h6-fu-ren', 'course-mandarin-1', '富人', 'fù rén', 'rich person', 'word', 6, null, null),
  ('v-h6-gai-zhuang', 'course-mandarin-1', '改装', 'gǎi zhuāng', 'to change one''s costume', 'word', 6, null, null),
  ('v-h6-gan', 'course-mandarin-1', '杆', 'gān', 'pole', 'word', 6, null, null),
  ('v-h6-gan-2', 'course-mandarin-1', '肝', 'gān', 'liver', 'word', 6, null, null),
  ('v-h6-gan-bu-shang', 'course-mandarin-1', '赶不上', 'gǎn bù shàng', 'can''t keep up with', 'noun', 6, null, null),
  ('v-h6-gan-mang', 'course-mandarin-1', '赶忙', 'gǎn máng', 'to hurry', 'word', 6, null, null),
  ('v-h6-gan-shang', 'course-mandarin-1', '赶上', 'gǎn shàng', 'to keep up with', 'word', 6, null, null),
  ('v-h6-gan-yu', 'course-mandarin-1', '敢于', 'gǎn yú', 'to have the courage to do sth', 'word', 6, null, null),
  ('v-h6-gan-ren', 'course-mandarin-1', '感人', 'gǎn rén', 'touching; moving', 'word', 6, null, null),
  ('v-h6-gan-she', 'course-mandarin-1', '干涉', 'gān shè', 'to interfere', 'word', 6, null, null),
  ('v-h6-gang-hao', 'course-mandarin-1', '刚好', 'gāng hǎo', 'just', 'word', 6, null, null),
  ('v-h6-gang-wei', 'course-mandarin-1', '岗位', 'gǎng wèi', 'a post; a job', 'word', 6, null, null),
  ('v-h6-gang-kou', 'course-mandarin-1', '港口', 'gǎng kǒu', 'port', 'word', 6, null, null),
  ('v-h6-gao-ceng', 'course-mandarin-1', '高层', 'gāo céng', 'high-rise', 'word', 6, null, null),
  ('v-h6-gao-dang', 'course-mandarin-1', '高档', 'gāo dàng', 'superior quality', 'word', 6, null, null),
  ('v-h6-gao-deng', 'course-mandarin-1', '高等', 'gāo děng', 'high-level', 'word', 6, null, null),
  ('v-h6-gao-feng', 'course-mandarin-1', '高峰', 'gāo fēng', 'peak', 'word', 6, null, null),
  ('v-h6-gao-kao', 'course-mandarin-1', '高考', 'gāo kǎo', 'college entrance exam (especially as abbr. for 普通高等学校招生全国统一考试)', 'word', 6, null, null),
  ('v-h6-gao-ke-ji', 'course-mandarin-1', '高科技', 'gāo kē jì', 'high tech; high technology', 'word', 6, null, null),
  ('v-h6-gao-shou', 'course-mandarin-1', '高手', 'gāo shǒu', 'expert', 'word', 6, null, null),
  ('v-h6-gao-zi', 'course-mandarin-1', '稿子', 'gǎo zi', 'draft of a document', 'word', 6, null, null),
  ('v-h6-ge-chang', 'course-mandarin-1', '歌唱', 'gē chàng', 'to sing', 'word', 6, null, null),
  ('v-h6-ge-ci', 'course-mandarin-1', '歌词', 'gē cí', 'song lyric', 'word', 6, null, null),
  ('v-h6-ge-xing', 'course-mandarin-1', '歌星', 'gē xīng', 'singing star', 'word', 6, null, null),
  ('v-h6-ge-xin', 'course-mandarin-1', '革新', 'gé xīn', 'to innovate', 'verb', 6, null, null),
  ('v-h6-ji-yu', 'course-mandarin-1', '给予', 'jǐ yǔ', '(literary) to give; to accord; to render', 'word', 6, null, null),
  ('v-h6-geng-shi', 'course-mandarin-1', '更是', 'gèng shì', 'even more (so)', 'word', 6, null, null),
  ('v-h6-gong-shang', 'course-mandarin-1', '工商', 'gōng shāng', 'industry and commerce', 'word', 6, null, null),
  ('v-h6-gong', 'course-mandarin-1', '公', 'gōng', 'public', 'word', 6, null, null),
  ('v-h6-gong-an', 'course-mandarin-1', '公安', 'gōng ān', '(Ministry of) Public Security', 'word', 6, null, null),
  ('v-h6-gong-ji', 'course-mandarin-1', '公鸡', 'gōng jī', 'cock', 'word', 6, null, null),
  ('v-h6-gong-zhong', 'course-mandarin-1', '公众', 'gōng zhòng', 'public', 'word', 6, null, null),
  ('v-h6-gong-zhu', 'course-mandarin-1', '公主', 'gōng zhǔ', 'princess', 'word', 6, null, null),
  ('v-h6-gong-ji-2', 'course-mandarin-1', '攻击', 'gōng jī', 'to attack', 'word', 6, null, null),
  ('v-h6-gong-ji-3', 'course-mandarin-1', '供给', 'gōng jǐ', 'to furnish', 'verb', 6, null, null),
  ('v-h6-gong-2', 'course-mandarin-1', '宫', 'Gōng', 'surname Gong', 'word', 6, null, null),
  ('v-h6-gong-gu', 'course-mandarin-1', '巩固', 'gǒng gù', 'to consolidate', 'word', 6, null, null),
  ('v-h6-gong-xian', 'course-mandarin-1', '贡献', 'gòng xiàn', 'to contribute', 'word', 6, null, null),
  ('v-h6-gu-gu', 'course-mandarin-1', '姑姑', 'gū gu', 'paternal aunt', 'word', 6, null, null),
  ('v-h6-gu-du', 'course-mandarin-1', '孤独', 'gū dú', 'lonely', 'word', 6, null, null),
  ('v-h6-gu-er', 'course-mandarin-1', '孤儿', 'gū ér', 'orphan', 'word', 6, null, null),
  ('v-h6-gu-dian', 'course-mandarin-1', '古典', 'gǔ diǎn', 'classical', 'word', 6, null, null),
  ('v-h6-gu', 'course-mandarin-1', '股', 'gǔ', 'thigh', 'word', 6, null, null),
  ('v-h6-gu-dong', 'course-mandarin-1', '股东', 'gǔ dōng', 'shareholder', 'word', 6, null, null),
  ('v-h6-gu-piao', 'course-mandarin-1', '股票', 'gǔ piào', 'share certificate', 'word', 6, null, null),
  ('v-h6-gu-zhang', 'course-mandarin-1', '故障', 'gù zhàng', 'malfunction', 'word', 6, null, null),
  ('v-h6-gu-2', 'course-mandarin-1', '顾', 'Gù', 'surname Gu', 'word', 6, null, null),
  ('v-h6-gua', 'course-mandarin-1', '刮', 'guā', 'to scrape', 'word', 6, null, null),
  ('v-h6-guai', 'course-mandarin-1', '拐', 'guǎi', 'to turn (a corner etc)', 'word', 6, null, null),
  ('v-h6-guan-ai', 'course-mandarin-1', '关爱', 'guān ài', 'to show concern and care for', 'word', 6, null, null),
  ('v-h6-guan-lian', 'course-mandarin-1', '关联', 'guān lián', 'to be related; to be connected', 'verb', 6, null, null),
  ('v-h6-guan-guang', 'course-mandarin-1', '观光', 'guān guāng', 'to tour', 'word', 6, null, null),
  ('v-h6-guan-si', 'course-mandarin-1', '官司', 'guān si', 'lawsuit', 'word', 6, null, null),
  ('v-h6-guan-dao', 'course-mandarin-1', '管道', 'guǎn dào', 'tubing', 'word', 6, null, null),
  ('v-h6-guang-hui', 'course-mandarin-1', '光辉', 'guāng huī', 'radiance', 'word', 6, null, null),
  ('v-h6-guang-kuo', 'course-mandarin-1', '广阔', 'guǎng kuò', 'wide', 'word', 6, null, null),
  ('v-h6-gui-dao', 'course-mandarin-1', '轨道', 'guǐ dào', 'track (for trains etc)', 'word', 6, null, null),
  ('v-h6-gui', 'course-mandarin-1', '跪', 'guì', 'to kneel', 'word', 6, null, null),
  ('v-h6-guo-chan', 'course-mandarin-1', '国产', 'guó chǎn', 'domestically produced', 'word', 6, null, null),
  ('v-h6-guo-ge', 'course-mandarin-1', '国歌', 'guó gē', 'national anthem', 'word', 6, null, null),
  ('v-h6-guo-hui', 'course-mandarin-1', '国会', 'Guó huì', 'Parliament (UK)', 'word', 6, null, null),
  ('v-h6-guo-qi', 'course-mandarin-1', '国旗', 'guó qí', 'flag (of a country)', 'word', 6, null, null),
  ('v-h6-guo-wang', 'course-mandarin-1', '国王', 'guó wáng', 'king', 'word', 6, null, null),
  ('v-h6-guo-jiang', 'course-mandarin-1', '果酱', 'guǒ jiàng', 'jam', 'word', 6, null, null),
  ('v-h6-guo-shu', 'course-mandarin-1', '果树', 'guǒ shù', 'fruit tree', 'word', 6, null, null),
  ('v-h6-guo-du', 'course-mandarin-1', '过渡', 'guò dù', 'to cross over (by ferry)', 'word', 6, null, null),
  ('v-h6-guo-hou', 'course-mandarin-1', '过后', 'guò hòu', 'after the event', 'word', 6, null, null),
  ('v-h6-guo-shi', 'course-mandarin-1', '过时', 'guò shí', 'old-fashioned', 'word', 6, null, null),
  ('v-h6-hai-bao', 'course-mandarin-1', '海报', 'hǎi bào', 'poster', 'word', 6, null, null),
  ('v-h6-hai-di', 'course-mandarin-1', '海底', 'hǎi dǐ', 'seabed', 'word', 6, null, null),
  ('v-h6-hai-jun', 'course-mandarin-1', '海军', 'hǎi jūn', 'navy', 'word', 6, null, null),
  ('v-h6-hai-lang', 'course-mandarin-1', '海浪', 'hǎi làng', 'sea wave', 'word', 6, null, null),
  ('v-h6-hai-wai', 'course-mandarin-1', '海外', 'hǎi wài', 'overseas', 'word', 6, null, null),
  ('v-h6-hai-wan', 'course-mandarin-1', '海湾', 'Hǎi wān', '(Persian) Gulf', 'word', 6, null, null),
  ('v-h6-hai-yang', 'course-mandarin-1', '海洋', 'hǎi yáng', 'ocean', 'word', 6, null, null),
  ('v-h6-hao-bu-rong-yi', 'course-mandarin-1', '好不容易', 'hǎo bù róng yì', 'with great difficulty', 'word', 6, null, null),
  ('v-h6-hao-rong-yi', 'course-mandarin-1', '好容易', 'hǎo róng yì', '(idiomatic usage) with great difficulty', 'word', 6, null, null),
  ('v-h6-hao-si', 'course-mandarin-1', '好似', 'hǎo sì', 'to seem', 'word', 6, null, null),
  ('v-h6-hao-xue', 'course-mandarin-1', '好学', 'hǎo xué', 'easy to learn', 'word', 6, null, null),
  ('v-h6-hao-zhuan', 'course-mandarin-1', '好转', 'hǎo zhuǎn', 'to improve', 'word', 6, null, null),
  ('v-h6-he-yue', 'course-mandarin-1', '合约', 'hé yuē', 'treaty', 'word', 6, null, null),
  ('v-h6-he-xie', 'course-mandarin-1', '和谐', 'hé xié', 'harmonious', 'word', 6, null, null),
  ('v-h6-he-xin', 'course-mandarin-1', '核心', 'hé xīn', 'core; nucleus', 'word', 6, null, null),
  ('v-h6-hei-ye', 'course-mandarin-1', '黑夜', 'hēi yè', 'night', 'word', 6, null, null),
  ('v-h6-hen-nanshuo', 'course-mandarin-1', '很难说', 'hěn nánshuō', 'Hard to say', 'word', 6, null, null),
  ('v-h6-hen', 'course-mandarin-1', '狠', 'hěn', 'ruthless', 'word', 6, null, null),
  ('v-h6-heng', 'course-mandarin-1', '横', 'héng', 'horizontal', 'word', 6, null, null),
  ('v-h6-heng-liang', 'course-mandarin-1', '衡量', 'héng liáng', 'to weigh', 'word', 6, null, null),
  ('v-h6-hong-da', 'course-mandarin-1', '宏大', 'hóng dà', 'great', 'word', 6, null, null),
  ('v-h6-hong-shui', 'course-mandarin-1', '洪水', 'hóng shuǐ', 'deluge; flood', 'word', 6, null, null),
  ('v-h6-hu-lu-e', 'course-mandarin-1', '忽略', 'hū lu:è', 'to neglect; to overlook; to ignore', 'word', 6, null, null),
  ('v-h6-hu', 'course-mandarin-1', '壶', 'hú', 'pot', 'word', 6, null, null),
  ('v-h6-hu-dong', 'course-mandarin-1', '互动', 'hù dòng', 'to interact', 'verb', 6, null, null),
  ('v-h6-hu-wai', 'course-mandarin-1', '户外', 'hù wài', 'outdoor', 'word', 6, null, null),
  ('v-h6-hu-2', 'course-mandarin-1', '护', 'hù', 'to protect', 'word', 6, null, null),
  ('v-h6-hua-fei', 'course-mandarin-1', '花费', 'huā fèi', 'expense', 'word', 6, null, null),
  ('v-h6-hua-ping', 'course-mandarin-1', '花瓶', 'huā píng', 'flower vase', 'word', 6, null, null),
  ('v-h6-hua-sheng', 'course-mandarin-1', '花生', 'huā shēng', 'peanut', 'word', 6, null, null),
  ('v-h6-hua-jie', 'course-mandarin-1', '化解', 'huà jiě', 'to dissolve', 'word', 6, null, null),
  ('v-h6-huan-xiang', 'course-mandarin-1', '幻想', 'huàn xiǎng', 'delusion', 'word', 6, null, null),
  ('v-h6-huan-zhe', 'course-mandarin-1', '患者', 'huàn zhě', 'patient; sufferer', 'word', 6, null, null),
  ('v-h6-huang-di', 'course-mandarin-1', '皇帝', 'huáng dì', 'emperor', 'word', 6, null, null),
  ('v-h6-hui-ying', 'course-mandarin-1', '回应', 'huí yìng', 'to respond', 'word', 6, null, null),
  ('v-h6-hui', 'course-mandarin-1', '毁', 'huǐ', 'to destroy; to ruin', 'word', 6, null, null),
  ('v-h6-hui-jian', 'course-mandarin-1', '会见', 'huì jiàn', 'to meet with (sb who is paying a visit)', 'word', 6, null, null),
  ('v-h6-hui-zhang', 'course-mandarin-1', '会长', 'huì zhǎng', 'president of a club, committee etc', 'word', 6, null, null),
  ('v-h6-hui-hua', 'course-mandarin-1', '绘画', 'huì huà', 'drawing', 'word', 6, null, null),
  ('v-h6-hun', 'course-mandarin-1', '昏', 'hūn', 'muddle-headed', 'word', 6, null, null),
  ('v-h6-hun-2', 'course-mandarin-1', '混', 'hún', 'confused', 'word', 6, null, null),
  ('v-h6-hun-he', 'course-mandarin-1', '混合', 'hùn hé', 'to mix', 'verb', 6, null, null),
  ('v-h6-hun-luan', 'course-mandarin-1', '混乱', 'hùn luàn', 'confusion', 'word', 6, null, null),
  ('v-h6-huo-yue', 'course-mandarin-1', '活跃', 'huó yuè', 'active', 'word', 6, null, null),
  ('v-h6-huo-jian', 'course-mandarin-1', '火箭', 'huǒ jiàn', 'rocket', 'word', 6, null, null),
  ('v-h6-ji-dong-che', 'course-mandarin-1', '机动车', 'jī dòng chē', 'motor vehicle', 'word', 6, null, null),
  ('v-h6-ji-guan', 'course-mandarin-1', '机关', 'jī guān', 'mechanism; gear', 'word', 6, null, null),
  ('v-h6-ji-xie', 'course-mandarin-1', '机械', 'jī xiè', 'machine', 'word', 6, null, null),
  ('v-h6-ji-du-jiao', 'course-mandarin-1', '基督教', 'Jī dū jiào', 'Christianity', 'noun', 6, null, null),
  ('v-h6-ji-qing', 'course-mandarin-1', '激情', 'jī qíng', 'passion', 'word', 6, null, null),
  ('v-h6-ji-li', 'course-mandarin-1', '吉利', 'Jí lì', 'Geely, Chinese car make', 'word', 6, null, null),
  ('v-h6-ji-xiang', 'course-mandarin-1', '吉祥', 'jí xiáng', 'lucky', 'word', 6, null, null),
  ('v-h6-ji-duan', 'course-mandarin-1', '极端', 'jí duān', 'extreme', 'word', 6, null, null),
  ('v-h6-ji-jiu', 'course-mandarin-1', '急救', 'jí jiù', 'to give emergency treatment', 'verb', 6, null, null),
  ('v-h6-ji-bing', 'course-mandarin-1', '疾病', 'jí bìng', 'disease; sickness; ailment', 'word', 6, null, null),
  ('v-h6-ji', 'course-mandarin-1', '集', 'jí', 'to gather', 'word', 6, null, null),
  ('v-h6-jia-meng', 'course-mandarin-1', '加盟', 'jiā méng', 'to become a member of an alliance or union', 'word', 6, null, null),
  ('v-h6-qie-zi', 'course-mandarin-1', '茄子', 'qié zi', 'eggplant (Solanum melongena L.)', 'word', 6, null, null),
  ('v-h6-jia-dian', 'course-mandarin-1', '家电', 'jiā diàn', 'household electric appliance', 'word', 6, null, null),
  ('v-h6-jia-yuan', 'course-mandarin-1', '家园', 'jiā yuán', 'home', 'word', 6, null, null),
  ('v-h6-jia-bin', 'course-mandarin-1', '嘉宾', 'jiā bīn', 'esteemed guest', 'word', 6, null, null),
  ('v-h6-jia-ri', 'course-mandarin-1', '假日', 'jià rì', 'holiday', 'word', 6, null, null),
  ('v-h6-jian', 'course-mandarin-1', '尖', 'jiān', 'pointed; tapering; sharp', 'word', 6, null, null),
  ('v-h6-jian-ce', 'course-mandarin-1', '监测', 'jiān cè', 'to monitor', 'verb', 6, null, null),
  ('v-h6-jian-du', 'course-mandarin-1', '监督', 'jiān dū', 'to control', 'verb', 6, null, null),
  ('v-h6-jian-2', 'course-mandarin-1', '捡', 'jiǎn', 'to pick up', 'word', 6, null, null),
  ('v-h6-jian-jie', 'course-mandarin-1', '简介', 'jiǎn jiè', 'summary', 'word', 6, null, null),
  ('v-h6-jian-3', 'course-mandarin-1', '剑', 'jiàn', 'double-edged sword', 'word', 6, null, null),
  ('v-h6-jian-ding', 'course-mandarin-1', '鉴定', 'jiàn dìng', 'to appraise', 'verb', 6, null, null),
  ('v-h6-jian-4', 'course-mandarin-1', '箭', 'jiàn', 'arrow', 'word', 6, null, null),
  ('v-h6-jiang-jun', 'course-mandarin-1', '将军', 'Jiāng jūn', '(common place name)', 'word', 6, null, null),
  ('v-h6-jiang-ke', 'course-mandarin-1', '讲课', 'jiǎng kè', 'teach', 'word', 6, null, null),
  ('v-h6-jiang', 'course-mandarin-1', '酱', 'jiàng', 'thick paste of fermented soybean', 'word', 6, null, null),
  ('v-h6-jiang-you', 'course-mandarin-1', '酱油', 'jiàng yóu', 'soy sauce', 'word', 6, null, null),
  ('v-h6-jiao-ao', 'course-mandarin-1', '骄傲', 'jiāo ào', 'pride', 'adjective', 6, null, null),
  ('v-h6-jiao-dian', 'course-mandarin-1', '焦点', 'jiāo diǎn', 'focal point; focus (lit. and fig.)', 'word', 6, null, null),
  ('v-h6-jiao-yin', 'course-mandarin-1', '脚印', 'jiǎo yìn', 'footprint', 'word', 6, null, null),
  ('v-h6-jiao-tang', 'course-mandarin-1', '教堂', 'jiào táng', 'church', 'word', 6, null, null),
  ('v-h6-jiao-yu-bu', 'course-mandarin-1', '教育部', 'Jiào yù bù', 'Ministry of Education', 'noun', 6, null, null),
  ('v-h6-jie-shou', 'course-mandarin-1', '接收', 'jiē shōu', 'reception (of transmitted signal)', 'word', 6, null, null),
  ('v-h6-jie', 'course-mandarin-1', '揭', 'Jiē', 'surname Jie', 'word', 6, null, null),
  ('v-h6-jie-tou', 'course-mandarin-1', '街头', 'jiē tóu', 'street', 'word', 6, null, null),
  ('v-h6-jie-jia-ri', 'course-mandarin-1', '节假日', 'jié jià rì', 'public holiday', 'word', 6, null, null),
  ('v-h6-jie-neng', 'course-mandarin-1', '节能', 'jié néng', 'to save energy', 'verb', 6, null, null),
  ('v-h6-jie-zou', 'course-mandarin-1', '节奏', 'jié zòu', 'rhythm', 'word', 6, null, null),
  ('v-h6-jie-chu', 'course-mandarin-1', '杰出', 'jié chū', 'outstanding', 'word', 6, null, null),
  ('v-h6-jie-zhi', 'course-mandarin-1', '截止', 'jié zhǐ', 'to close', 'word', 6, null, null),
  ('v-h6-jie-zhi-2', 'course-mandarin-1', '截至', 'jié zhì', 'up to (a time)', 'word', 6, null, null),
  ('v-h6-xie', 'course-mandarin-1', '解', 'Xiè', 'surname Xie', 'word', 6, null, null),
  ('v-h6-jie-shuo', 'course-mandarin-1', '解说', 'jiě shuō', 'to explain (verbally); to give a running commentary', 'word', 6, null, null),
  ('v-h6-jie-2', 'course-mandarin-1', '界', 'jiè', '(bound form) boundary; border', 'word', 6, null, null),
  ('v-h6-jie-jian', 'course-mandarin-1', '借鉴', 'jiè jiàn', 'to draw on (others'' experience)', 'word', 6, null, null),
  ('v-h6-jin-e', 'course-mandarin-1', '金额', 'jīn é', 'sum of money', 'word', 6, null, null),
  ('v-h6-jin-qian', 'course-mandarin-1', '金钱', 'jīn qián', 'money', 'word', 6, null, null),
  ('v-h6-jin-rong', 'course-mandarin-1', '金融', 'jīn róng', 'banking', 'word', 6, null, null),
  ('v-h6-jin', 'course-mandarin-1', '尽', 'jǐn', 'to the greatest extent', 'word', 6, null, null),
  ('v-h6-jin-ri', 'course-mandarin-1', '近日', 'jìn rì', '(in) the past few days', 'word', 6, null, null),
  ('v-h6-jin-shi', 'course-mandarin-1', '近视', 'jìn shì', 'shortsighted', 'word', 6, null, null),
  ('v-h6-jin-gong', 'course-mandarin-1', '进攻', 'jìn gōng', 'to attack', 'word', 6, null, null),
  ('v-h6-jing-ren', 'course-mandarin-1', '惊人', 'jīng rén', 'astonishing', 'word', 6, null, null),
  ('v-h6-jing-xi', 'course-mandarin-1', '惊喜', 'jīng xǐ', 'nice surprise', 'word', 6, null, null),
  ('v-h6-jing-mei', 'course-mandarin-1', '精美', 'jīng měi', 'delicate', 'word', 6, null, null),
  ('v-h6-jing-pin', 'course-mandarin-1', '精品', 'jīng pǐn', 'quality goods', 'word', 6, null, null),
  ('v-h6-jing', 'course-mandarin-1', '井', 'Jǐng', 'Jing, one of the 28 constellations of Chinese astronomy', 'word', 6, null, null),
  ('v-h6-jing-2', 'course-mandarin-1', '景', 'Jǐng', 'surname Jing', 'word', 6, null, null),
  ('v-h6-jing-dian', 'course-mandarin-1', '景点', 'jǐng diǎn', 'tourist attraction; scenic spot', 'word', 6, null, null),
  ('v-h6-jing-3', 'course-mandarin-1', '净', 'jìng', 'variant of 净', 'word', 6, null, null),
  ('v-h6-jiu-fen', 'course-mandarin-1', '纠纷', 'jiū fēn', 'dispute', 'word', 6, null, null),
  ('v-h6-jiu-zheng', 'course-mandarin-1', '纠正', 'jiū zhèng', 'to correct', 'word', 6, null, null),
  ('v-h6-jiu-shui', 'course-mandarin-1', '酒水', 'jiǔ shuǐ', 'beverage; drink', 'word', 6, null, null),
  ('v-h6-jiu-ming', 'course-mandarin-1', '救命', 'jiù mìng', 'to save sb''s life', 'word', 6, null, null),
  ('v-h6-jiu-yuan', 'course-mandarin-1', '救援', 'jiù yuán', 'to save', 'verb', 6, null, null),
  ('v-h6-jiu-zhu', 'course-mandarin-1', '救助', 'jiù zhù', 'to help sb in trouble', 'word', 6, null, null),
  ('v-h6-jiu-shi-shuo', 'course-mandarin-1', '就是说', 'jiù shì shuō', 'in other words; that is', 'word', 6, null, null),
  ('v-h6-jiu-suan', 'course-mandarin-1', '就算', 'jiù suàn', '(coll.) even if', 'word', 6, null, null),
  ('v-h6-ju', 'course-mandarin-1', '剧', 'jù', 'theatrical work (play, opera, TV series etc)', 'word', 6, null, null),
  ('v-h6-ju-2', 'course-mandarin-1', '据', 'jù', 'variant of 据', 'word', 6, null, null),
  ('v-h6-juan', 'course-mandarin-1', '捐', 'juān', 'to relinquish; to abandon', 'word', 6, null, null),
  ('v-h6-juan-kuan', 'course-mandarin-1', '捐款', 'juān kuǎn', 'to donate money', 'word', 6, null, null),
  ('v-h6-juan-zeng', 'course-mandarin-1', '捐赠', 'juān zèng', 'to contribute (as a gift)', 'word', 6, null, null),
  ('v-h6-juan-zhu', 'course-mandarin-1', '捐助', 'juān zhù', 'to donate', 'word', 6, null, null),
  ('v-h6-jue-ce', 'course-mandarin-1', '决策', 'jué cè', 'strategic decision', 'word', 6, null, null),
  ('v-h6-jue', 'course-mandarin-1', '绝', 'jué', 'to cut short', 'word', 6, null, null),
  ('v-h6-jue-da-duo-shu', 'course-mandarin-1', '绝大多数', 'jué dà duō shù', 'the vast majority', 'word', 6, null, null),
  ('v-h6-jiao', 'course-mandarin-1', '觉', 'jiào', 'a nap', 'word', 6, null, null),
  ('v-h6-jue-wu', 'course-mandarin-1', '觉悟', 'jué wù', 'to come to understand', 'word', 6, null, null),
  ('v-h6-jun-dui', 'course-mandarin-1', '军队', 'jūn duì', 'armed forces; troops', 'word', 6, null, null),
  ('v-h6-jun-jian', 'course-mandarin-1', '军舰', 'jūn jiàn', 'warship', 'word', 6, null, null),
  ('v-h6-jun-shi', 'course-mandarin-1', '军事', 'jūn shì', 'military affairs', 'word', 6, null, null),
  ('v-h6-kai-chuang', 'course-mandarin-1', '开创', 'kāi chuàng', 'to initiate', 'word', 6, null, null),
  ('v-h6-kai-guan', 'course-mandarin-1', '开关', 'kāi guān', 'power switch', 'word', 6, null, null),
  ('v-h6-kai-she', 'course-mandarin-1', '开设', 'kāi shè', 'to offer (goods or services)', 'word', 6, null, null),
  ('v-h6-kai-tong', 'course-mandarin-1', '开通', 'kāi tōng', 'to open (a new road or railway line); to set up (a hotline); to launch (a service); to subscribe to (a members-only service)', 'word', 6, null, null),
  ('v-h6-kai-tou', 'course-mandarin-1', '开头', 'kāi tóu', 'beginning', 'word', 6, null, null),
  ('v-h6-kai-ye-che', 'course-mandarin-1', '开夜车', 'kāi yè chē', 'to burn the midnight oil', 'word', 6, null, null),
  ('v-h6-kan-de-jian', 'course-mandarin-1', '看得见', 'kàn dé jiàn', 'can see', 'word', 6, null, null),
  ('v-h6-kan-de-qi', 'course-mandarin-1', '看得起', 'kàn de qǐ', 'to show respect for', 'word', 6, null, null),
  ('v-h6-kan-guan', 'course-mandarin-1', '看管', 'kān guǎn', 'to look after', 'word', 6, null, null),
  ('v-h6-kan-hao', 'course-mandarin-1', '看好', 'kān hǎo', 'to keep an eye on', 'word', 6, null, null),
  ('v-h6-kan-zuo', 'course-mandarin-1', '看作', 'kàn zuò', 'to look upon as', 'word', 6, null, null),
  ('v-h6-kang-fu', 'course-mandarin-1', '康复', 'kāng fù', 'to recuperate', 'word', 6, null, null),
  ('v-h6-kang-yi', 'course-mandarin-1', '抗议', 'kàng yì', 'to protest', 'word', 6, null, null),
  ('v-h6-kao-chang', 'course-mandarin-1', '考场', 'kǎo chǎng', 'exam room', 'word', 6, null, null),
  ('v-h6-kao-ti', 'course-mandarin-1', '考题', 'kǎo tí', 'exam question', 'word', 6, null, null),
  ('v-h6-ke-yan', 'course-mandarin-1', '科研', 'kē yán', '(scientific) research', 'word', 6, null, null),
  ('v-h6-ke-che', 'course-mandarin-1', '客车', 'kè chē', 'coach', 'word', 6, null, null),
  ('v-h6-ken', 'course-mandarin-1', '肯', 'kěn', 'old variant of 肯', 'word', 6, null, null),
  ('v-h6-kong-jun', 'course-mandarin-1', '空军', 'kōng jūn', 'air force', 'word', 6, null, null),
  ('v-h6-kou-shi', 'course-mandarin-1', '口试', 'kǒu shì', 'oral examination', 'word', 6, null, null),
  ('v-h6-kou', 'course-mandarin-1', '扣', 'kòu', 'to fasten', 'word', 6, null, null),
  ('v-h6-ku', 'course-mandarin-1', '酷', 'kù', 'ruthless', 'word', 6, null, null),
  ('v-h6-kua', 'course-mandarin-1', '跨', 'kuà', 'to step across', 'word', 6, null, null),
  ('v-h6-kuai-che', 'course-mandarin-1', '快车', 'kuài chē', 'express (train, bus etc)', 'word', 6, null, null),
  ('v-h6-kuan-kuo', 'course-mandarin-1', '宽阔', 'kuān kuò', 'expansive', 'word', 6, null, null),
  ('v-h6-kuang', 'course-mandarin-1', '矿', 'kuàng', 'mineral deposit; ore deposit', 'word', 6, null, null),
  ('v-h6-kuo', 'course-mandarin-1', '阔', 'kuò', 'variant of 阔', 'word', 6, null, null),
  ('v-h6-la', 'course-mandarin-1', '啦', 'lā', '(onom.) sound of singing, cheering etc', 'word', 6, null, null),
  ('v-h6-lai-wang', 'course-mandarin-1', '来往', 'lái wǎng', 'to come and go', 'word', 6, null, null),
  ('v-h6-lai', 'course-mandarin-1', '赖', 'Lài', 'surname Lai', 'word', 6, null, null),
  ('v-h6-lan-ling', 'course-mandarin-1', '蓝领', 'lán lǐng', 'blue-collar', 'word', 6, null, null),
  ('v-h6-lan-tian', 'course-mandarin-1', '蓝天', 'lán tiān', 'blue sky', 'word', 6, null, null),
  ('v-h6-lan', 'course-mandarin-1', '懒', 'lǎn', 'variant of 懒', 'word', 6, null, null),
  ('v-h6-lao', 'course-mandarin-1', '牢', 'láo', 'firm', 'word', 6, null, null),
  ('v-h6-lao-xiang', 'course-mandarin-1', '老乡', 'lǎo xiāng', 'fellow townsman; fellow villager; sb from the same hometown', 'word', 6, null, null),
  ('v-h6-yue-qu', 'course-mandarin-1', '乐曲', 'yuè qǔ', 'musical composition', 'word', 6, null, null),
  ('v-h6-leng-qi', 'course-mandarin-1', '冷气', 'lěng qì', 'air conditioning (Tw)', 'word', 6, null, null),
  ('v-h6-leng-shui', 'course-mandarin-1', '冷水', 'lěng shuǐ', 'cold water', 'word', 6, null, null),
  ('v-h6-li-tang', 'course-mandarin-1', '礼堂', 'lǐ táng', 'assembly hall', 'word', 6, null, null),
  ('v-h6-li', 'course-mandarin-1', '理', 'lǐ', 'texture', 'word', 6, null, null),
  ('v-h6-li-cai', 'course-mandarin-1', '理财', 'lǐ cái', 'to manage wealth; to manage finances; money management', 'verb', 6, null, null),
  ('v-h6-li-zhi', 'course-mandarin-1', '理智', 'lǐ zhì', 'reason', 'word', 6, null, null),
  ('v-h6-li-2', 'course-mandarin-1', '利', 'Lì', 'surname Li', 'word', 6, null, null),
  ('v-h6-lian-meng', 'course-mandarin-1', '联盟', 'lián méng', 'alliance', 'word', 6, null, null),
  ('v-h6-lian-sai', 'course-mandarin-1', '联赛', 'lián sài', '(sports) league', 'word', 6, null, null),
  ('v-h6-lian-shou', 'course-mandarin-1', '联手', 'lián shǒu', 'lit. to join hands', 'word', 6, null, null),
  ('v-h6-liang-xie', 'course-mandarin-1', '凉鞋', 'liáng xié', 'sandal', 'word', 6, null, null),
  ('v-h6-liang-ce', 'course-mandarin-1', '两侧', 'liǎng cè', 'two sides', 'word', 6, null, null),
  ('v-h6-liang-shou', 'course-mandarin-1', '两手', 'liǎng shǒu', 'one''s two hands', 'word', 6, null, null),
  ('v-h6-liao', 'course-mandarin-1', '聊', 'liáo', 'to chat', 'word', 6, null, null),
  ('v-h6-liao-tian-r', 'course-mandarin-1', '聊天儿', 'liáo tiān r', 'erhua variant of 聊天', 'noun', 6, null, null),
  ('v-h6-liao-2', 'course-mandarin-1', '料', 'liào', 'material', 'word', 6, null, null),
  ('v-h6-lie', 'course-mandarin-1', '裂', 'liè', 'to split', 'word', 6, null, null),
  ('v-h6-ling-huo', 'course-mandarin-1', '灵活', 'líng huó', 'flexible', 'word', 6, null, null),
  ('v-h6-ling-qu', 'course-mandarin-1', '领取', 'lǐng qǔ', 'to receive; to draw; to get', 'word', 6, null, null),
  ('v-h6-ling-xiu', 'course-mandarin-1', '领袖', 'lǐng xiù', 'leader', 'word', 6, null, null),
  ('v-h6-ling', 'course-mandarin-1', '另', 'lìng', 'other', 'word', 6, null, null),
  ('v-h6-liu-gan', 'course-mandarin-1', '流感', 'liú gǎn', 'flu; influenza', 'word', 6, null, null),
  ('v-h6-liu-yan', 'course-mandarin-1', '留言', 'liú yán', 'to leave a message', 'word', 6, null, null),
  ('v-h6-lou-dao', 'course-mandarin-1', '楼道', 'lóu dào', 'corridor', 'word', 6, null, null),
  ('v-h6-lou-fang', 'course-mandarin-1', '楼房', 'lóu fáng', 'a building of two or more stories', 'word', 6, null, null),
  ('v-h6-lu-jun', 'course-mandarin-1', '陆军', 'lù jūn', 'army', 'word', 6, null, null),
  ('v-h6-lu-xiang', 'course-mandarin-1', '录像', 'lù xiàng', 'to videotape', 'word', 6, null, null),
  ('v-h6-lu-yin-ji', 'course-mandarin-1', '录音机', 'lù yīn jī', '(tape) recording machine', 'word', 6, null, null),
  ('v-h6-lu-guo', 'course-mandarin-1', '路过', 'lù guò', 'to pass by or through', 'word', 6, null, null),
  ('v-h6-lu', 'course-mandarin-1', '露', 'Lù', 'surname Lu', 'word', 6, null, null),
  ('v-h6-lu-dian', 'course-mandarin-1', '旅店', 'lǚ diàn', 'inn', 'word', 6, null, null),
  ('v-h6-lu-hua', 'course-mandarin-1', '绿化', 'lǜ huà', 'to make green with plants', 'word', 6, null, null),
  ('v-h6-ma-che', 'course-mandarin-1', '马车', 'mǎ chē', 'cart', 'word', 6, null, null),
  ('v-h6-ma', 'course-mandarin-1', '嘛', 'má', 'used in 吽', 'word', 6, null, null),
  ('v-h6-mai', 'course-mandarin-1', '埋', 'mái', 'to bury', 'word', 6, null, null),
  ('v-h6-man-tou', 'course-mandarin-1', '馒头', 'mán tou', 'steamed roll', 'word', 6, null, null),
  ('v-h6-man-che', 'course-mandarin-1', '慢车', 'màn chē', 'local bus or train', 'word', 6, null, null),
  ('v-h6-mang-ren', 'course-mandarin-1', '盲人', 'máng rén', 'blind person', 'word', 6, null, null),
  ('v-h6-mo-shou', 'course-mandarin-1', '没收', 'mò shōu', 'to confiscate', 'word', 6, null, null),
  ('v-h6-mei-hua', 'course-mandarin-1', '梅花', 'méi huā', 'plum blossom', 'word', 6, null, null),
  ('v-h6-mei-rong', 'course-mandarin-1', '美容', 'měi róng', 'to improve one''s appearance (using cosmetics or cosmetic surgery)', 'verb', 6, null, null),
  ('v-h6-meng', 'course-mandarin-1', '蒙', 'méng', 'drizzle', 'word', 6, null, null),
  ('v-h6-meng-2', 'course-mandarin-1', '猛', 'měng', 'ferocious', 'word', 6, null, null),
  ('v-h6-mi-shu-zhang', 'course-mandarin-1', '秘书长', 'mì shū zhǎng', 'secretary-general', 'word', 6, null, null),
  ('v-h6-mian', 'course-mandarin-1', '棉', 'mián', 'generic term for cotton or kapok', 'word', 6, null, null),
  ('v-h6-mian-de', 'course-mandarin-1', '免得', 'miǎn de', 'so as not to; so as to avoid', 'word', 6, null, null),
  ('v-h6-mian-dui-mian', 'course-mandarin-1', '面对面', 'miàn duì miàn', 'face to face', 'word', 6, null, null),
  ('v-h6-mian-xiang', 'course-mandarin-1', '面向', 'miàn xiàng', 'to face', 'word', 6, null, null),
  ('v-h6-miao', 'course-mandarin-1', '妙', 'miào', 'clever', 'word', 6, null, null),
  ('v-h6-mie', 'course-mandarin-1', '灭', 'miè', 'to extinguish or put out', 'word', 6, null, null),
  ('v-h6-min-ge', 'course-mandarin-1', '民歌', 'mín gē', 'folk song', 'word', 6, null, null),
  ('v-h6-min-gong', 'course-mandarin-1', '民工', 'mín gōng', 'migrant worker (who moved from a rural area of China to a city to find work)', 'word', 6, null, null),
  ('v-h6-min-jing', 'course-mandarin-1', '民警', 'mín jǐng', 'civil police', 'word', 6, null, null),
  ('v-h6-min-yi', 'course-mandarin-1', '民意', 'mín yì', 'public opinion', 'word', 6, null, null),
  ('v-h6-min-zhu', 'course-mandarin-1', '民主', 'mín zhǔ', 'democracy', 'word', 6, null, null),
  ('v-h6-ming-e', 'course-mandarin-1', '名额', 'míng é', 'quota', 'word', 6, null, null),
  ('v-h6-ming-sheng', 'course-mandarin-1', '名胜', 'míng shèng', 'a place famous for its scenery or historical relics', 'word', 6, null, null),
  ('v-h6-ming-yi', 'course-mandarin-1', '名义', 'míng yì', 'name', 'word', 6, null, null),
  ('v-h6-ming-yu', 'course-mandarin-1', '名誉', 'míng yù', 'fame', 'word', 6, null, null),
  ('v-h6-ming-ri', 'course-mandarin-1', '明日', 'míng rì', 'tomorrow', 'word', 6, null, null),
  ('v-h6-ming', 'course-mandarin-1', '命', 'mìng', 'life', 'word', 6, null, null),
  ('v-h6-mo', 'course-mandarin-1', '膜', 'mó', 'membrane', 'word', 6, null, null),
  ('v-h6-mo-2', 'course-mandarin-1', '磨', 'mó', 'to rub', 'word', 6, null, null),
  ('v-h6-mo-shui', 'course-mandarin-1', '墨水', 'mò shuǐ', 'ink', 'word', 6, null, null),
  ('v-h6-mu', 'course-mandarin-1', '母', 'mǔ', 'mother', 'word', 6, null, null),
  ('v-h6-mu-ji', 'course-mandarin-1', '母鸡', 'mǔ jī', 'hen', 'word', 6, null, null),
  ('v-h6-mu-nu', 'course-mandarin-1', '母女', 'mǔ nǚ', 'mother and daughter', 'word', 6, null, null),
  ('v-h6-mu-zi', 'course-mandarin-1', '母子', 'mǔ zǐ', 'mother and child', 'word', 6, null, null),
  ('v-h6-mu-2', 'course-mandarin-1', '墓', 'mù', 'grave', 'word', 6, null, null),
  ('v-h6-na-zou', 'course-mandarin-1', '拿走', 'ná zǒu', 'to take away', 'word', 6, null, null),
  ('v-h6-nai-fen', 'course-mandarin-1', '奶粉', 'nǎi fěn', 'powdered milk', 'word', 6, null, null),
  ('v-h6-nai-niu', 'course-mandarin-1', '奶牛', 'nǎi niú', 'milk cow', 'word', 6, null, null),
  ('v-h6-nan-wang', 'course-mandarin-1', '难忘', 'nán wàng', 'unforgettable', 'word', 6, null, null),
  ('v-h6-nei-di', 'course-mandarin-1', '内地', 'Nèi dì', 'mainland China (PRC excluding Hong Kong and Macau, but including islands such as Hainan)', 'word', 6, null, null),
  ('v-h6-nei-wai', 'course-mandarin-1', '内外', 'nèi wài', 'inside and outside', 'word', 6, null, null),
  ('v-h6-nei-yi', 'course-mandarin-1', '内衣', 'nèi yī', 'undergarment', 'word', 6, null, null),
  ('v-h6-neng-fou', 'course-mandarin-1', '能否', 'néng fǒu', 'whether or not', 'word', 6, null, null),
  ('v-h6-ni', 'course-mandarin-1', '泥', 'ní', 'mud', 'word', 6, null, null),
  ('v-h6-niu', 'course-mandarin-1', '扭', 'niǔ', 'to turn', 'word', 6, null, null),
  ('v-h6-pai-hang-bang', 'course-mandarin-1', '排行榜', 'pái háng bǎng', 'the charts (of best-sellers)', 'word', 6, null, null),
  ('v-h6-pai-chu', 'course-mandarin-1', '派出', 'pài chū', 'to send', 'word', 6, null, null),
  ('v-h6-pan-wang', 'course-mandarin-1', '盼望', 'pàn wàng', 'to hope for; to look forward to', 'word', 6, null, null),
  ('v-h6-pao', 'course-mandarin-1', '泡', 'pāo', 'puffed; swollen; spongy', 'word', 6, null, null),
  ('v-h6-bao-2', 'course-mandarin-1', '炮', 'bāo', 'to sauté', 'word', 6, null, null),
  ('v-h6-pei-tong', 'course-mandarin-1', '陪同', 'péi tóng', 'to accompany', 'word', 6, null, null),
  ('v-h6-pei-zhi', 'course-mandarin-1', '配置', 'pèi zhì', 'to deploy', 'word', 6, null, null),
  ('v-h6-pi-qiu', 'course-mandarin-1', '皮球', 'pí qiú', 'ball (made of rubber, leather etc)', 'word', 6, null, null),
  ('v-h6-pian-2', 'course-mandarin-1', '偏', 'piān', 'to lean', 'word', 6, null, null),
  ('v-h6-pin-kun', 'course-mandarin-1', '贫困', 'pín kùn', 'impoverished', 'word', 6, null, null),
  ('v-h6-pin-pai', 'course-mandarin-1', '品牌', 'pǐn pái', 'brand name', 'word', 6, null, null),
  ('v-h6-pin-qing', 'course-mandarin-1', '聘请', 'pìn qǐng', 'to engage', 'word', 6, null, null),
  ('v-h6-ping-fan', 'course-mandarin-1', '平凡', 'píng fán', 'commonplace', 'word', 6, null, null),
  ('v-h6-ping-fang-mi', 'course-mandarin-1', '平方米', 'píng fāng mǐ', 'square meter', 'word', 6, null, null),
  ('v-h6-ping-heng', 'course-mandarin-1', '平衡', 'píng héng', 'balance', 'word', 6, null, null),
  ('v-h6-ping-tai', 'course-mandarin-1', '平台', 'píng tái', 'platform', 'word', 6, null, null),
  ('v-h6-ping', 'course-mandarin-1', '评', 'píng', 'to discuss', 'word', 6, null, null),
  ('v-h6-ping-xuan', 'course-mandarin-1', '评选', 'píng xuǎn', 'to select on the basis of a vote or consensus', 'word', 6, null, null),
  ('v-h6-ping-mu', 'course-mandarin-1', '屏幕', 'píng mù', 'screen (TV, computer or movie)', 'word', 6, null, null),
  ('v-h6-po', 'course-mandarin-1', '坡', 'pō', 'slope', 'word', 6, null, null),
  ('v-h6-pu', 'course-mandarin-1', '扑', 'pū', 'to throw oneself at', 'word', 6, null, null),
  ('v-h6-pu-2', 'course-mandarin-1', '铺', 'pù', 'variant of 铺', 'word', 6, null, null),
  ('v-h6-qi-fu', 'course-mandarin-1', '欺负', 'qī fu', 'to bully', 'word', 6, null, null),
  ('v-h6-qi-miao', 'course-mandarin-1', '奇妙', 'qí miào', 'fantastic; wonderful', 'word', 6, null, null),
  ('v-h6-qi-tu', 'course-mandarin-1', '企图', 'qǐ tú', 'to attempt', 'word', 6, null, null),
  ('v-h6-qi-dian', 'course-mandarin-1', '起点', 'qǐ diǎn', 'starting point', 'word', 6, null, null),
  ('v-h6-qi-su', 'course-mandarin-1', '起诉', 'qǐ sù', 'to sue', 'word', 6, null, null),
  ('v-h6-qi-fen', 'course-mandarin-1', '气氛', 'qì fēn', 'atmosphere; mood', 'word', 6, null, null),
  ('v-h6-qia-dang', 'course-mandarin-1', '恰当', 'qià dàng', 'appropriate', 'word', 6, null, null),
  ('v-h6-qia-hao', 'course-mandarin-1', '恰好', 'qià hǎo', 'as it turns out', 'word', 6, null, null),
  ('v-h6-qia-qia', 'course-mandarin-1', '恰恰', 'qià qià', 'exactly', 'word', 6, null, null),
  ('v-h6-qian', 'course-mandarin-1', '牵', 'qiān', 'to lead along', 'word', 6, null, null),
  ('v-h6-qian-bi', 'course-mandarin-1', '铅笔', 'qiān bǐ', '(lead) pencil', 'word', 6, null, null),
  ('v-h6-qian-xu', 'course-mandarin-1', '谦虚', 'qiān xū', 'modest', 'word', 6, null, null),
  ('v-h6-qian-fang', 'course-mandarin-1', '前方', 'qián fāng', 'ahead', 'word', 6, null, null),
  ('v-h6-qian-lai', 'course-mandarin-1', '前来', 'qián lái', 'to come (formal)', 'word', 6, null, null),
  ('v-h6-qian-li', 'course-mandarin-1', '潜力', 'qián lì', 'potential', 'word', 6, null, null),
  ('v-h6-qiang-dao', 'course-mandarin-1', '强盗', 'qiáng dào', 'to rob (with force)', 'word', 6, null, null),
  ('v-h6-qiang-hua', 'course-mandarin-1', '强化', 'qiáng huà', 'to strengthen', 'word', 6, null, null),
  ('v-h6-qiang-shi', 'course-mandarin-1', '强势', 'qiáng shì', 'strong', 'word', 6, null, null),
  ('v-h6-qiang-zhuang', 'course-mandarin-1', '强壮', 'qiáng zhuàng', 'strong', 'word', 6, null, null),
  ('v-h6-qiao-liang', 'course-mandarin-1', '桥梁', 'qiáo liáng', 'bridge (lit. and fig.)', 'word', 6, null, null),
  ('v-h6-qiao-miao', 'course-mandarin-1', '巧妙', 'qiǎo miào', 'ingenious; clever', 'word', 6, null, null),
  ('v-h6-qie-shi', 'course-mandarin-1', '切实', 'qiè shí', 'feasible', 'word', 6, null, null),
  ('v-h6-qin-shu', 'course-mandarin-1', '亲属', 'qīn shǔ', 'kin', 'word', 6, null, null),
  ('v-h6-qin-yan', 'course-mandarin-1', '亲眼', 'qīn yǎn', 'with one''s own eyes', 'word', 6, null, null),
  ('v-h6-qin-fan', 'course-mandarin-1', '侵犯', 'qīn fàn', 'to infringe on', 'word', 6, null, null),
  ('v-h6-qing-xiang', 'course-mandarin-1', '倾向', 'qīng xiàng', 'trend', 'word', 6, null, null),
  ('v-h6-qing', 'course-mandarin-1', '清', 'Qīng', 'Qing (Wade-Giles: Ch''ing) dynasty of imperial China (1644-1911)', 'word', 6, null, null),
  ('v-h6-qing-jie', 'course-mandarin-1', '清洁', 'qīng jié', 'clean', 'word', 6, null, null),
  ('v-h6-qing-jie-gong', 'course-mandarin-1', '清洁工', 'qīng jié gōng', 'cleaner', 'word', 6, null, null),
  ('v-h6-qing-ming-jie', 'course-mandarin-1', '清明节', 'Qīng míng jié', 'Qingming or Pure Brightness Festival or Tomb Sweeping Day, celebration for the dead (in early April)', 'noun', 6, null, null),
  ('v-h6-qing-xi', 'course-mandarin-1', '清洗', 'qīng xǐ', 'to wash', 'word', 6, null, null),
  ('v-h6-qing-xu', 'course-mandarin-1', '情绪', 'qíng xù', 'mood', 'word', 6, null, null),
  ('v-h6-qiu-zhi', 'course-mandarin-1', '求职', 'qiú zhí', 'to seek employment', 'verb', 6, null, null),
  ('v-h6-qiu-pai', 'course-mandarin-1', '球拍', 'qiú pāi', 'racket', 'word', 6, null, null),
  ('v-h6-qiu-xing', 'course-mandarin-1', '球星', 'qiú xīng', 'sports star (ball sport)', 'word', 6, null, null),
  ('v-h6-qiu-yuan', 'course-mandarin-1', '球员', 'qiú yuán', '(ball sports) player; team member', 'word', 6, null, null),
  ('v-h6-qu-fen', 'course-mandarin-1', '区分', 'qū fēn', 'to differentiate', 'word', 6, null, null),
  ('v-h6-qu-dao', 'course-mandarin-1', '渠道', 'qú dào', 'irrigation ditch', 'word', 6, null, null),
  ('v-h6-qu-kuan', 'course-mandarin-1', '取款', 'qǔ kuǎn', 'to withdraw money from a bank', 'word', 6, null, null),
  ('v-h6-qu-kuan-ji', 'course-mandarin-1', '取款机', 'qǔ kuǎn jī', 'ATM', 'noun', 6, null, null),
  ('v-h6-qu-diao', 'course-mandarin-1', '去掉', 'qù diào', 'to get rid of', 'word', 6, null, null),
  ('v-h6-quan-li', 'course-mandarin-1', '全力', 'quán lì', 'with all one''s strength', 'word', 6, null, null),
  ('v-h6-quan-xin', 'course-mandarin-1', '全新', 'quán xīn', 'all new', 'word', 6, null, null),
  ('v-h6-quan', 'course-mandarin-1', '权', 'Quán', 'surname Quan', 'word', 6, null, null),
  ('v-h6-quan-li-2', 'course-mandarin-1', '权力', 'quán lì', 'power', 'word', 6, null, null),
  ('v-h6-quan-2', 'course-mandarin-1', '券', 'quàn', 'bond (esp. document split in two, with each party holding one half)', 'word', 6, null, null),
  ('v-h6-que-xian', 'course-mandarin-1', '缺陷', 'quē xiàn', 'defect; flaw', 'word', 6, null, null),
  ('v-h6-que-shi', 'course-mandarin-1', '却是', 'què shì', 'nevertheless', 'noun', 6, null, null),
  ('v-h6-rang-zuo', 'course-mandarin-1', '让座', 'ràng zuò', 'to give up one''s seat for sb', 'word', 6, null, null),
  ('v-h6-re-dian', 'course-mandarin-1', '热点', 'rè diǎn', 'hot spot', 'word', 6, null, null),
  ('v-h6-re-shui', 'course-mandarin-1', '热水', 'rè shuǐ', 'hot water', 'word', 6, null, null),
  ('v-h6-re-shui-qi', 'course-mandarin-1', '热水器', 'rè shuǐ qì', 'water heater', 'word', 6, null, null),
  ('v-h6-re-xian', 'course-mandarin-1', '热线', 'rè xiàn', 'hotline (communications link)', 'word', 6, null, null),
  ('v-h6-ren-quan', 'course-mandarin-1', '人权', 'rén quán', 'human rights', 'word', 6, null, null),
  ('v-h6-ren-tong', 'course-mandarin-1', '认同', 'rèn tóng', 'to approve of', 'word', 6, null, null),
  ('v-h6-ri-ye', 'course-mandarin-1', '日夜', 'rì yè', 'day and night', 'word', 6, null, null),
  ('v-h6-ri-yu', 'course-mandarin-1', '日语', 'Rì yǔ', 'Japanese language', 'noun', 6, null, null),
  ('v-h6-rong-he', 'course-mandarin-1', '融合', 'róng hé', 'a mixture', 'word', 6, null, null),
  ('v-h6-rong-ru', 'course-mandarin-1', '融入', 'róng rù', 'to blend into', 'word', 6, null, null),
  ('v-h6-ru', 'course-mandarin-1', '如', 'rú', 'as', 'word', 6, null, null),
  ('v-h6-ru-yi', 'course-mandarin-1', '如一', 'rú yī', 'consistent', 'noun', 6, null, null),
  ('v-h6-ru-zhi-pin', 'course-mandarin-1', '乳制品', 'rǔ zhì pǐn', 'dairy products', 'word', 6, null, null),
  ('v-h6-ru-2', 'course-mandarin-1', '入', 'rù', 'to enter', 'word', 6, null, null),
  ('v-h6-ru-xue', 'course-mandarin-1', '入学', 'rù xué', 'to enter a school or college', 'word', 6, null, null),
  ('v-h6-ruo', 'course-mandarin-1', '若', 'ruò', 'to seem', 'word', 6, null, null),
  ('v-h6-sai', 'course-mandarin-1', '塞', 'Sāi', 'Serbia', 'word', 6, null, null),
  ('v-h6-sai-2', 'course-mandarin-1', '赛', 'sài', 'to compete', 'verb', 6, null, null),
  ('v-h6-sai-chang', 'course-mandarin-1', '赛场', 'sài chǎng', 'racetrack', 'word', 6, null, null),
  ('v-h6-san-ming-zhi', 'course-mandarin-1', '三明治', 'sān míng zhì', 'sandwich (loanword)', 'word', 6, null, null),
  ('v-h6-sang-shi', 'course-mandarin-1', '丧失', 'sàng shī', 'to lose', 'word', 6, null, null),
  ('v-h6-shan-feng', 'course-mandarin-1', '山峰', 'shān fēng', '(mountain) peak', 'word', 6, null, null),
  ('v-h6-shan-gu', 'course-mandarin-1', '山谷', 'shān gǔ', 'valley', 'word', 6, null, null),
  ('v-h6-shan-po', 'course-mandarin-1', '山坡', 'shān pō', 'hillside', 'word', 6, null, null),
  ('v-h6-shang-kou', 'course-mandarin-1', '伤口', 'shāng kǒu', 'wound', 'word', 6, null, null),
  ('v-h6-shang-wang', 'course-mandarin-1', '伤亡', 'shāng wáng', 'casualties', 'verb', 6, null, null),
  ('v-h6-shang-yuan', 'course-mandarin-1', '伤员', 'shāng yuán', 'wounded person', 'word', 6, null, null),
  ('v-h6-shang-cheng', 'course-mandarin-1', '商城', 'Shāng chéng', 'see 商城县', 'word', 6, null, null),
  ('v-h6-shang-ban-zu', 'course-mandarin-1', '上班族', 'shàng bān zú', 'office workers (as social group)', 'word', 6, null, null),
  ('v-h6-shang-dang', 'course-mandarin-1', '上当', 'shàng dàng', 'taken in (by sb''s deceit)', 'word', 6, null, null),
  ('v-h6-shang-di', 'course-mandarin-1', '上帝', 'Shàng dì', 'God', 'word', 6, null, null),
  ('v-h6-shang-shi', 'course-mandarin-1', '上市', 'shàng shì', 'to hit the market (of a new product)', 'word', 6, null, null),
  ('v-h6-shang-tai', 'course-mandarin-1', '上台', 'shàng tái', 'to rise to power (in politics)', 'word', 6, null, null),
  ('v-h6-shang-yan', 'course-mandarin-1', '上演', 'shàng yǎn', 'to screen (a movie)', 'word', 6, null, null),
  ('v-h6-shao', 'course-mandarin-1', '勺', 'sháo', 'spoon', 'word', 6, null, null),
  ('v-h6-shao-er', 'course-mandarin-1', '少儿', 'shào ér', 'child', 'word', 6, null, null),
  ('v-h6-she-tou', 'course-mandarin-1', '舌头', 'shé tou', 'tongue', 'word', 6, null, null),
  ('v-h6-she-ji-shi', 'course-mandarin-1', '设计师', 'shè jì shī', 'designer', 'word', 6, null, null),
  ('v-h6-she-ji', 'course-mandarin-1', '涉及', 'shè jí', 'to involve', 'word', 6, null, null),
  ('v-h6-shen-hua', 'course-mandarin-1', '深化', 'shēn huà', 'to deepen', 'word', 6, null, null),
  ('v-h6-shen-shen', 'course-mandarin-1', '深深', 'shēn shēn', 'deep', 'word', 6, null, null),
  ('v-h6-shen-cha', 'course-mandarin-1', '审查', 'shěn chá', 'to examine', 'word', 6, null, null),
  ('v-h6-sheng-ji', 'course-mandarin-1', '升级', 'shēng jí', 'to go up by one grade; to be promoted', 'word', 6, null, null),
  ('v-h6-sheng-xue', 'course-mandarin-1', '升学', 'shēng xué', 'to enter the next grade school', 'word', 6, null, null),
  ('v-h6-sheng-zhi', 'course-mandarin-1', '升值', 'shēng zhí', 'to rise in value', 'word', 6, null, null),
  ('v-h6-sheng-huo-fei', 'course-mandarin-1', '生活费', 'shēng huó fèi', 'cost of living', 'word', 6, null, null),
  ('v-h6-sheng-qian', 'course-mandarin-1', '省钱', 'shěng qián', 'to save money', 'word', 6, null, null),
  ('v-h6-sheng-dan-jie', 'course-mandarin-1', '圣诞节', 'Shèng dàn jié', 'Christmas time', 'word', 6, null, null),
  ('v-h6-sheng-xing', 'course-mandarin-1', '盛行', 'shèng xíng', 'to be in vogue; to be popular; to be prevalent', 'word', 6, null, null),
  ('v-h6-shi-fu', 'course-mandarin-1', '师父', 'shī fu', 'used for 师傅 (in Taiwan)', 'word', 6, null, null),
  ('v-h6-shi-sheng', 'course-mandarin-1', '师生', 'shī shēng', 'teachers and students', 'word', 6, null, null),
  ('v-h6-shi-er', 'course-mandarin-1', '时而', 'shí ér', 'occasionally', 'word', 6, null, null),
  ('v-h6-shi-jie', 'course-mandarin-1', '时节', 'shí jié', 'season; time', 'word', 6, null, null),
  ('v-h6-shi-qi', 'course-mandarin-1', '时期', 'shí qī', 'period', 'word', 6, null, null),
  ('v-h6-shi-shi', 'course-mandarin-1', '时时', 'shí shí', 'often', 'word', 6, null, null),
  ('v-h6-shi-zhuang', 'course-mandarin-1', '时装', 'shí zhuāng', 'fashion', 'word', 6, null, null),
  ('v-h6-shi', 'course-mandarin-1', '识', 'shí', 'to know', 'word', 6, null, null),
  ('v-h6-shi-zi', 'course-mandarin-1', '识字', 'shí zì', 'to learn to read', 'word', 6, null, null),
  ('v-h6-shi-jian', 'course-mandarin-1', '实践', 'shí jiàn', 'practice', 'word', 6, null, null),
  ('v-h6-shi-yu', 'course-mandarin-1', '食欲', 'shí yù', 'appetite', 'word', 6, null, null),
  ('v-h6-shi-min', 'course-mandarin-1', '市民', 'shì mín', 'city resident', 'word', 6, null, null),
  ('v-h6-shi-hou', 'course-mandarin-1', '事后', 'shì hòu', 'after the event', 'word', 6, null, null),
  ('v-h6-shi-dian', 'course-mandarin-1', '试点', 'shì diǎn', 'test point', 'word', 6, null, null),
  ('v-h6-shi-dang', 'course-mandarin-1', '适当', 'shì dàng', 'suitable; appropriate', 'word', 6, null, null),
  ('v-h6-shou-cang', 'course-mandarin-1', '收藏', 'shōu cáng', 'to collect (works of art, dolls, antiques etc); to put away for safekeeping; (Internet) to bookmark', 'word', 6, null, null),
  ('v-h6-shou-qu', 'course-mandarin-1', '收取', 'shōu qǔ', 'to receive', 'word', 6, null, null),
  ('v-h6-shou-yang', 'course-mandarin-1', '收养', 'shōu yǎng', 'to take in and care for (an elderly person, a dog etc)', 'word', 6, null, null),
  ('v-h6-shou-xu-fei', 'course-mandarin-1', '手续费', 'shǒu xù fèi', 'service charge', 'word', 6, null, null),
  ('v-h6-shou-ci', 'course-mandarin-1', '首次', 'shǒu cì', 'first', 'word', 6, null, null),
  ('v-h6-shou-nao', 'course-mandarin-1', '首脑', 'shǒu nǎo', 'head (of state)', 'word', 6, null, null),
  ('v-h6-shou-xi', 'course-mandarin-1', '首席', 'shǒu xí', 'chief (representative, correspondent etc)', 'word', 6, null, null),
  ('v-h6-shou-xiang', 'course-mandarin-1', '首相', 'shǒu xiàng', 'prime minister (of Japan or UK etc)', 'word', 6, null, null),
  ('v-h6-shu-fang', 'course-mandarin-1', '书房', 'shū fáng', 'study (room)', 'word', 6, null, null),
  ('v-h6-shu-pian', 'course-mandarin-1', '薯片', 'shǔ piàn', 'fried potato chips', 'noun', 6, null, null),
  ('v-h6-shu-tiao', 'course-mandarin-1', '薯条', 'shǔ tiáo', 'french fries', 'word', 6, null, null),
  ('v-h6-shuang-da', 'course-mandarin-1', '双打', 'shuāng dǎ', 'doubles (in sports)', 'word', 6, null, null),
  ('v-h6-shuang', 'course-mandarin-1', '爽', 'shuǎng', 'bright', 'word', 6, null, null),
  ('v-h6-shui-ni', 'course-mandarin-1', '水泥', 'shuǐ ní', 'cement', 'word', 6, null, null),
  ('v-h6-shui', 'course-mandarin-1', '税', 'shuì', 'taxes', 'word', 6, null, null),
  ('v-h6-shun', 'course-mandarin-1', '顺', 'shùn', 'to obey', 'word', 6, null, null),
  ('v-h6-shuo-ming-shu', 'course-mandarin-1', '说明书', 'shuō míng shū', '(technical) manual', 'word', 6, null, null),
  ('v-h6-shuo-shi-hua', 'course-mandarin-1', '说实话', 'shuō shí huà', 'to speak the truth', 'word', 6, null, null),
  ('v-h6-si-zhang', 'course-mandarin-1', '司长', 'sī zhǎng', 'bureau chief', 'word', 6, null, null),
  ('v-h6-si-wang', 'course-mandarin-1', '死亡', 'sǐ wáng', 'to die', 'word', 6, null, null),
  ('v-h6-si-chu', 'course-mandarin-1', '四处', 'sì chù', 'all over the place', 'word', 6, null, null),
  ('v-h6-si', 'course-mandarin-1', '寺', 'sì', 'Buddhist temple', 'word', 6, null, null),
  ('v-h6-song-li', 'course-mandarin-1', '送礼', 'sòng lǐ', 'to give a present', 'word', 6, null, null),
  ('v-h6-song-xing', 'course-mandarin-1', '送行', 'sòng xíng', 'to see someone off', 'word', 6, null, null),
  ('v-h6-su-zhi', 'course-mandarin-1', '素质', 'sù zhì', 'inner quality', 'word', 6, null, null),
  ('v-h6-suan-le', 'course-mandarin-1', '算了', 'suàn le', 'let it be', 'noun', 6, null, null),
  ('v-h6-suan-shi', 'course-mandarin-1', '算是', 'suàn shì', 'considered to be', 'word', 6, null, null),
  ('v-h6-sui', 'course-mandarin-1', '虽', 'suī', 'although', 'word', 6, null, null),
  ('v-h6-sui-shu', 'course-mandarin-1', '岁数', 'suì shu', 'age (number of years old)', 'word', 6, null, null),
  ('v-h6-ta', 'course-mandarin-1', '塔', 'tǎ', 'pagoda', 'word', 6, null, null),
  ('v-h6-ta-2', 'course-mandarin-1', '踏', 'tā', 'see 踏实', 'word', 6, null, null),
  ('v-h6-ta-shi', 'course-mandarin-1', '踏实', 'tā shi', 'firmly-based', 'word', 6, null, null),
  ('v-h6-tai-deng', 'course-mandarin-1', '台灯', 'tái dēng', 'desk lamp', 'word', 6, null, null),
  ('v-h6-tai-yang-neng', 'course-mandarin-1', '太阳能', 'tài yáng néng', 'solar energy', 'word', 6, null, null),
  ('v-h6-tan-qi', 'course-mandarin-1', '叹气', 'tàn qì', 'to sigh', 'word', 6, null, null),
  ('v-h6-tan-suo', 'course-mandarin-1', '探索', 'tàn suǒ', 'to explore; to probe', 'word', 6, null, null),
  ('v-h6-tang', 'course-mandarin-1', '趟', 'tāng', 'old variant of 趟', 'word', 6, null, null),
  ('v-h6-tao', 'course-mandarin-1', '掏', 'tāo', 'to fish out (from pocket)', 'word', 6, null, null),
  ('v-h6-te', 'course-mandarin-1', '特', 'tè', 'special', 'word', 6, null, null),
  ('v-h6-te-da', 'course-mandarin-1', '特大', 'tè dà', 'exceptionally big', 'word', 6, null, null),
  ('v-h6-te-di', 'course-mandarin-1', '特地', 'tè dì', 'specially', 'word', 6, null, null),
  ('v-h6-te-kuai', 'course-mandarin-1', '特快', 'tè kuài', 'express (train, delivery etc)', 'word', 6, null, null),
  ('v-h6-te-yi', 'course-mandarin-1', '特意', 'tè yì', 'specially', 'word', 6, null, null),
  ('v-h6-teng-tong', 'course-mandarin-1', '疼痛', 'téng tòng', 'pain', 'adjective', 6, null, null),
  ('v-h6-ti', 'course-mandarin-1', '踢', 'tī', 'to kick', 'word', 6, null, null),
  ('v-h6-ti-jiao', 'course-mandarin-1', '提交', 'tí jiāo', 'to submit (a report etc)', 'word', 6, null, null),
  ('v-h6-ti-sheng', 'course-mandarin-1', '提升', 'tí shēng', 'to promote (to a higher-ranking position)', 'word', 6, null, null),
  ('v-h6-tian-ran', 'course-mandarin-1', '天然', 'tiān rán', 'natural', 'word', 6, null, null),
  ('v-h6-tian-tang', 'course-mandarin-1', '天堂', 'tiān táng', 'paradise', 'word', 6, null, null),
  ('v-h6-tian-xia', 'course-mandarin-1', '天下', 'tiān xià', 'land under heaven', 'word', 6, null, null),
  ('v-h6-tian', 'course-mandarin-1', '添', 'tiān', 'to add', 'word', 6, null, null),
  ('v-h6-tian-2', 'course-mandarin-1', '田', 'Tián', 'surname Tian', 'word', 6, null, null),
  ('v-h6-tian-jing', 'course-mandarin-1', '田径', 'tián jìng', 'track and field (athletics)', 'word', 6, null, null),
  ('v-h6-tiao-shui', 'course-mandarin-1', '跳水', 'tiào shuǐ', 'to dive (into water)', 'verb', 6, null, null),
  ('v-h6-ting-qu', 'course-mandarin-1', '听取', 'tīng qǔ', 'to hear (news); to listen to', 'word', 6, null, null),
  ('v-h6-tong-bao', 'course-mandarin-1', '通报', 'tōng bào', 'to inform', 'word', 6, null, null),
  ('v-h6-tong-dao', 'course-mandarin-1', '通道', 'Tōng dào', 'Tongdao Dong autonomous county in Huaihua 怀化, Hunan', 'word', 6, null, null),
  ('v-h6-tong-hong', 'course-mandarin-1', '通红', 'tōng hóng', 'very red', 'word', 6, null, null),
  ('v-h6-tong-hua', 'course-mandarin-1', '通话', 'tōng huà', 'to hold a conversation', 'word', 6, null, null),
  ('v-h6-tong-xing', 'course-mandarin-1', '通行', 'tōng xíng', 'to go through', 'word', 6, null, null),
  ('v-h6-tong-xun', 'course-mandarin-1', '通讯', 'tōng xùn', 'communications', 'word', 6, null, null),
  ('v-h6-tong', 'course-mandarin-1', '同', 'tóng', 'like', 'word', 6, null, null),
  ('v-h6-tong-bao-2', 'course-mandarin-1', '同胞', 'tóng bāo', 'born of the same parents', 'word', 6, null, null),
  ('v-h6-tong-qi', 'course-mandarin-1', '同期', 'tóng qī', 'the corresponding time period (in a different year etc)', 'word', 6, null, null),
  ('v-h6-tong-hang', 'course-mandarin-1', '同行', 'tóng háng', 'person of the same profession', 'word', 6, null, null),
  ('v-h6-tong-yi', 'course-mandarin-1', '同一', 'tóng yī', 'identical; the same', 'word', 6, null, null),
  ('v-h6-tong-pai', 'course-mandarin-1', '铜牌', 'tóng pái', 'bronze medal', 'word', 6, null, null),
  ('v-h6-tou-teng', 'course-mandarin-1', '头疼', 'tóu téng', 'headache', 'word', 6, null, null),
  ('v-h6-tou-piao', 'course-mandarin-1', '投票', 'tóu piào', 'to vote', 'word', 6, null, null),
  ('v-h6-tou-lu', 'course-mandarin-1', '透露', 'tòu lù', 'to leak out', 'word', 6, null, null),
  ('v-h6-tu-shu', 'course-mandarin-1', '图书', 'tú shū', 'books (in a library or bookstore)', 'word', 6, null, null),
  ('v-h6-tu-di', 'course-mandarin-1', '徒弟', 'tú dì', 'apprentice', 'word', 6, null, null),
  ('v-h6-tu-jing', 'course-mandarin-1', '途径', 'tú jìng', 'way; means; channel', 'word', 6, null, null),
  ('v-h6-tuan-dui', 'course-mandarin-1', '团队', 'tuán duì', 'team', 'word', 6, null, null),
  ('v-h6-tui-chu', 'course-mandarin-1', '推出', 'tuī chū', 'to push out', 'word', 6, null, null),
  ('v-h6-tui-piao', 'course-mandarin-1', '退票', 'tuì piào', 'to bounce (a check)', 'word', 6, null, null),
  ('v-h6-tun', 'course-mandarin-1', '吞', 'tūn', 'to swallow', 'word', 6, null, null),
  ('v-h6-tuo', 'course-mandarin-1', '托', 'tuō', 'prop', 'word', 6, null, null),
  ('v-h6-tuo-2', 'course-mandarin-1', '拖', 'tuō', 'variant of 拖', 'word', 6, null, null),
  ('v-h6-tuo-xie', 'course-mandarin-1', '拖鞋', 'tuō xié', 'slippers', 'word', 6, null, null),
  ('v-h6-wa', 'course-mandarin-1', '挖', 'wā', 'to dig', 'word', 6, null, null),
  ('v-h6-wa-wa', 'course-mandarin-1', '娃娃', 'wá wa', 'baby', 'word', 6, null, null),
  ('v-h6-wa-2', 'course-mandarin-1', '哇', 'wā', 'Wow!', 'word', 6, null, null),
  ('v-h6-wai-bi', 'course-mandarin-1', '外币', 'wài bì', 'foreign currency', 'word', 6, null, null),
  ('v-h6-wai-bu', 'course-mandarin-1', '外部', 'wài bù', 'the outside; (attributive) external', 'word', 6, null, null),
  ('v-h6-wai-chu', 'course-mandarin-1', '外出', 'wài chū', 'to go out', 'word', 6, null, null),
  ('v-h6-wai-guan', 'course-mandarin-1', '外观', 'wài guān', 'outward appearance', 'word', 6, null, null),
  ('v-h6-wai-ke', 'course-mandarin-1', '外科', 'wài kē', 'surgery (branch of medicine)', 'word', 6, null, null),
  ('v-h6-wai-lai', 'course-mandarin-1', '外来', 'wài lái', 'external', 'word', 6, null, null),
  ('v-h6-wai-tou', 'course-mandarin-1', '外头', 'wài tou', 'outside', 'word', 6, null, null),
  ('v-h6-wai-yi', 'course-mandarin-1', '外衣', 'wài yī', 'outer clothing', 'word', 6, null, null),
  ('v-h6-wai-zi', 'course-mandarin-1', '外资', 'wài zī', 'foreign investment', 'word', 6, null, null),
  ('v-h6-wan-qu', 'course-mandarin-1', '弯曲', 'wān qū', 'to bend', 'word', 6, null, null),
  ('v-h6-wan-pi', 'course-mandarin-1', '顽皮', 'wán pí', 'naughty', 'word', 6, null, null),
  ('v-h6-wan-qiang', 'course-mandarin-1', '顽强', 'wán qiáng', 'tenacious', 'word', 6, null, null),
  ('v-h6-wang-hou', 'course-mandarin-1', '王后', 'wáng hòu', 'queen', 'word', 6, null, null),
  ('v-h6-wang-zi', 'course-mandarin-1', '王子', 'wáng zǐ', 'prince', 'word', 6, null, null),
  ('v-h6-wang-ba', 'course-mandarin-1', '网吧', 'wǎng bā', 'Internet café', 'word', 6, null, null),
  ('v-h6-wang-ye', 'course-mandarin-1', '网页', 'wǎng yè', 'web page', 'word', 6, null, null),
  ('v-h6-wang-hou-2', 'course-mandarin-1', '往后', 'wǎng hòu', 'from now on', 'word', 6, null, null),
  ('v-h6-wang-lai', 'course-mandarin-1', '往来', 'wǎng lái', 'dealings', 'word', 6, null, null),
  ('v-h6-wang-nian', 'course-mandarin-1', '往年', 'wǎng nián', 'in former years', 'word', 6, null, null),
  ('v-h6-wang-jian', 'course-mandarin-1', '望见', 'wàng jiàn', 'to espy', 'word', 6, null, null),
  ('v-h6-wei-ji', 'course-mandarin-1', '危机', 'wēi jī', 'crisis', 'word', 6, null, null),
  ('v-h6-wei-xie', 'course-mandarin-1', '威胁', 'wēi xié', 'to threaten; to menace', 'word', 6, null, null),
  ('v-h6-wei-bo-lu', 'course-mandarin-1', '微波炉', 'wēi bō lú', 'microwave oven', 'word', 6, null, null),
  ('v-h6-wei-sheng-su', 'course-mandarin-1', '维生素', 'wéi shēng sù', 'vitamin', 'word', 6, null, null),
  ('v-h6-wei-ci', 'course-mandarin-1', '为此', 'wèi cǐ', 'for this reason', 'word', 6, null, null),
  ('v-h6-wei-he', 'course-mandarin-1', '为何', 'wèi hé', 'why', 'word', 6, null, null),
  ('v-h6-wen-yu', 'course-mandarin-1', '文娱', 'wén yú', 'cultural recreation', 'word', 6, null, null),
  ('v-h6-wo-pu', 'course-mandarin-1', '卧铺', 'wò pù', 'a bed (on a train)', 'word', 6, null, null),
  ('v-h6-wu-yun', 'course-mandarin-1', '乌云', 'wū yún', 'black cloud', 'word', 6, null, null),
  ('v-h6-wu-bian', 'course-mandarin-1', '无边', 'wú biān', 'without boundary', 'word', 6, null, null),
  ('v-h6-wu-guan', 'course-mandarin-1', '无关', 'wú guān', 'unrelated', 'word', 6, null, null),
  ('v-h6-wu-xiao', 'course-mandarin-1', '无效', 'wú xiào', 'not valid', 'word', 6, null, null),
  ('v-h6-wu-dao', 'course-mandarin-1', '舞蹈', 'wǔ dǎo', 'dance (performance art)', 'word', 6, null, null),
  ('v-h6-wu-pin', 'course-mandarin-1', '物品', 'wù pǐn', 'articles; goods', 'word', 6, null, null),
  ('v-h6-wu', 'course-mandarin-1', '误', 'wù', 'mistake', 'word', 6, null, null),
  ('v-h6-xi-du', 'course-mandarin-1', '吸毒', 'xī dú', 'to take drugs', 'word', 6, null, null),
  ('v-h6-xi-ban-ya-yu', 'course-mandarin-1', '西班牙语', 'Xī bān yá yǔ', 'Spanish language', 'noun', 6, null, null),
  ('v-h6-xi-sheng', 'course-mandarin-1', '牺牲', 'xī shēng', 'to sacrifice one''s life', 'word', 6, null, null),
  ('v-h6-xi-yi-fen', 'course-mandarin-1', '洗衣粉', 'xǐ yī fěn', 'laundry detergent', 'word', 6, null, null),
  ('v-h6-xi-qu', 'course-mandarin-1', '戏曲', 'xì qǔ', 'Chinese opera', 'word', 6, null, null),
  ('v-h6-xi-bao', 'course-mandarin-1', '细胞', 'xì bāo', 'cell (biology)', 'word', 6, null, null),
  ('v-h6-xi-jun', 'course-mandarin-1', '细菌', 'xì jūn', 'bacterium', 'word', 6, null, null),
  ('v-h6-xian-feng', 'course-mandarin-1', '先锋', 'xiān fēng', 'vanguard', 'word', 6, null, null),
  ('v-h6-xian', 'course-mandarin-1', '嫌', 'xián', 'to dislike', 'word', 6, null, null),
  ('v-h6-xian-chu', 'course-mandarin-1', '显出', 'xiǎn chū', 'to express', 'word', 6, null, null),
  ('v-h6-xian-2', 'course-mandarin-1', '险', 'xiǎn', 'danger', 'word', 6, null, null),
  ('v-h6-xian-lu', 'course-mandarin-1', '线路', 'xiàn lù', '(electricity) line; circuit; wire', 'word', 6, null, null),
  ('v-h6-xian-ru', 'course-mandarin-1', '陷入', 'xiàn rù', 'to sink into', 'word', 6, null, null),
  ('v-h6-xiang-sheng', 'course-mandarin-1', '响声', 'xiǎng shēng', 'noise', 'word', 6, null, null),
  ('v-h6-xiang-bu-dao', 'course-mandarin-1', '想不到', 'xiǎng bu dào', 'unexpected', 'word', 6, null, null),
  ('v-h6-xiao-hao', 'course-mandarin-1', '消耗', 'xiāo hào', 'to use up', 'word', 6, null, null),
  ('v-h6-xiao-mie', 'course-mandarin-1', '消灭', 'xiāo miè', 'to put an end to', 'word', 6, null, null),
  ('v-h6-xiao-fei', 'course-mandarin-1', '小费', 'xiǎo fèi', 'tip', 'noun', 6, null, null),
  ('v-h6-xiao-mai', 'course-mandarin-1', '小麦', 'xiǎo mài', 'wheat', 'word', 6, null, null),
  ('v-h6-xiao-yu', 'course-mandarin-1', '小于', 'xiǎo yú', 'less than, <', 'word', 6, null, null),
  ('v-h6-xiao-de', 'course-mandarin-1', '晓得', 'xiǎo de', 'to know', 'word', 6, null, null),
  ('v-h6-xiao-lian', 'course-mandarin-1', '笑脸', 'xiào liǎn', 'smiling face', 'word', 6, null, null),
  ('v-h6-xiao-rong', 'course-mandarin-1', '笑容', 'xiào róng', 'smile', 'word', 6, null, null),
  ('v-h6-xiao-sheng', 'course-mandarin-1', '笑声', 'xiào shēng', 'laughter', 'word', 6, null, null),
  ('v-h6-xie-tiao', 'course-mandarin-1', '协调', 'xié tiáo', 'to coordinate', 'word', 6, null, null),
  ('v-h6-xie-hui', 'course-mandarin-1', '协会', 'xié huì', 'an association', 'word', 6, null, null),
  ('v-h6-xie-shang', 'course-mandarin-1', '协商', 'xié shāng', 'to consult with', 'word', 6, null, null),
  ('v-h6-xie-zhu', 'course-mandarin-1', '协助', 'xié zhù', 'to provide assistance', 'word', 6, null, null),
  ('v-h6-xie-zi-lou', 'course-mandarin-1', '写字楼', 'xiě zì lóu', 'office building', 'word', 6, null, null),
  ('v-h6-xie-zi-tai', 'course-mandarin-1', '写字台', 'xiě zì tái', 'writing desk', 'word', 6, null, null),
  ('v-h6-xin-ling', 'course-mandarin-1', '心灵', 'xīn líng', 'bright', 'word', 6, null, null),
  ('v-h6-xin-yuan', 'course-mandarin-1', '心愿', 'xīn yuàn', 'cherished desire', 'word', 6, null, null),
  ('v-h6-xin-zang', 'course-mandarin-1', '心脏', 'xīn zàng', 'heart', 'word', 6, null, null),
  ('v-h6-xin-zang-bing', 'course-mandarin-1', '心脏病', 'xīn zàng bìng', 'heart disease', 'word', 6, null, null),
  ('v-h6-xin-ren', 'course-mandarin-1', '新人', 'xīn rén', 'newcomer', 'word', 6, null, null),
  ('v-h6-xin-xing', 'course-mandarin-1', '新兴', 'Xīn xīng', 'Xinxing county in Yunfu 云浮, Guangdong', 'word', 6, null, null),
  ('v-h6-xin-shui', 'course-mandarin-1', '薪水', 'xīn shuǐ', 'salary', 'word', 6, null, null),
  ('v-h6-xin-yang', 'course-mandarin-1', '信仰', 'xìn yǎng', 'to believe in (a religion)', 'verb', 6, null, null),
  ('v-h6-xin-yong', 'course-mandarin-1', '信用', 'xìn yòng', 'trustworthiness', 'word', 6, null, null),
  ('v-h6-xing-cheng', 'course-mandarin-1', '行程', 'xíng chéng', 'journey', 'word', 6, null, null),
  ('v-h6-xing', 'course-mandarin-1', '形', 'xíng', 'to appear', 'word', 6, null, null),
  ('v-h6-xing-wang', 'course-mandarin-1', '兴旺', 'xīng wàng', 'prosperous', 'word', 6, null, null),
  ('v-h6-xiong', 'course-mandarin-1', '凶', 'xiōng', 'terrible', 'word', 6, null, null),
  ('v-h6-xiong-shou', 'course-mandarin-1', '凶手', 'xiōng shǒu', 'murderer', 'word', 6, null, null),
  ('v-h6-xiu-che', 'course-mandarin-1', '修车', 'xiū chē', 'to repair a bike (car etc)', 'word', 6, null, null),
  ('v-h6-xiu-zhen', 'course-mandarin-1', '袖珍', 'xiù zhēn', 'pocket-sized', 'word', 6, null, null),
  ('v-h6-xuan', 'course-mandarin-1', '悬', 'xuán', 'to hang or suspend', 'word', 6, null, null),
  ('v-h6-xuan-zhuan', 'course-mandarin-1', '旋转', 'xuán zhuǎn', 'to rotate', 'word', 6, null, null),
  ('v-h6-xuan-ba', 'course-mandarin-1', '选拔', 'xuǎn bá', 'to select the best', 'word', 6, null, null),
  ('v-h6-xuan-ju', 'course-mandarin-1', '选举', 'xuǎn jǔ', 'to elect', 'word', 6, null, null),
  ('v-h6-xue-hui', 'course-mandarin-1', '学会', 'xué huì', 'to learn', 'word', 6, null, null),
  ('v-h6-xue-yuan', 'course-mandarin-1', '学员', 'xué yuán', 'student', 'word', 6, null, null),
  ('v-h6-xue-guan', 'course-mandarin-1', '血管', 'xuè guǎn', 'vein', 'word', 6, null, null),
  ('v-h6-xue-ye', 'course-mandarin-1', '血液', 'xuè yè', 'blood', 'word', 6, null, null),
  ('v-h6-xun-huan', 'course-mandarin-1', '循环', 'xún huán', 'to cycle', 'verb', 6, null, null),
  ('v-h6-ya-po', 'course-mandarin-1', '压迫', 'yā pò', 'to oppress', 'verb', 6, null, null),
  ('v-h6-yan-hua', 'course-mandarin-1', '烟花', 'yān huā', 'fireworks', 'word', 6, null, null),
  ('v-h6-yan', 'course-mandarin-1', '沿', 'yán', 'along', 'word', 6, null, null),
  ('v-h6-yan-hai', 'course-mandarin-1', '沿海', 'yán hǎi', 'coastal', 'word', 6, null, null),
  ('v-h6-yan-zhe', 'course-mandarin-1', '沿着', 'yán zhe', 'to go along', 'word', 6, null, null),
  ('v-h6-yan-fa', 'course-mandarin-1', '研发', 'yán fā', 'research and development', 'word', 6, null, null),
  ('v-h6-yan-kan', 'course-mandarin-1', '眼看', 'yǎn kàn', 'soon', 'word', 6, null, null),
  ('v-h6-yan-zou', 'course-mandarin-1', '演奏', 'yǎn zòu', 'to perform on a musical instrument', 'word', 6, null, null),
  ('v-h6-yan-hui', 'course-mandarin-1', '宴会', 'yàn huì', 'banquet', 'word', 6, null, null),
  ('v-h6-yang', 'course-mandarin-1', '洋', 'yáng', 'ocean', 'word', 6, null, null),
  ('v-h6-yang-2', 'course-mandarin-1', '仰', 'Yǎng', 'surname Yang', 'word', 6, null, null),
  ('v-h6-yang-lao', 'course-mandarin-1', '养老', 'yǎng lǎo', 'to provide for the elderly (family members)', 'verb', 6, null, null),
  ('v-h6-yang-qi', 'course-mandarin-1', '氧气', 'yǎng qì', 'oxygen', 'word', 6, null, null),
  ('v-h6-yang-3', 'course-mandarin-1', '样', 'yàng', 'manner', 'word', 6, null, null),
  ('v-h6-yao-pin', 'course-mandarin-1', '药品', 'yào pǐn', 'medicaments', 'word', 6, null, null),
  ('v-h6-yao-bu-ran', 'course-mandarin-1', '要不然', 'yào bù rán', 'otherwise', 'word', 6, null, null),
  ('v-h6-yao-hao', 'course-mandarin-1', '要好', 'yào hǎo', 'to be on good terms', 'word', 6, null, null),
  ('v-h6-yao-me', 'course-mandarin-1', '要么', 'yào me', 'or', 'word', 6, null, null),
  ('v-h6-yao-su', 'course-mandarin-1', '要素', 'yào sù', 'essential factor', 'word', 6, null, null),
  ('v-h6-ye', 'course-mandarin-1', '野', 'yě', 'old variant of 野', 'word', 6, null, null),
  ('v-h6-ye-sheng', 'course-mandarin-1', '野生', 'yě shēng', 'wild', 'word', 6, null, null),
  ('v-h6-yi-ci-xing', 'course-mandarin-1', '一次性', 'yī cì xìng', 'one-off (offer)', 'word', 6, null, null),
  ('v-h6-yi-dai', 'course-mandarin-1', '一代', 'yī dài', 'generation', 'word', 6, null, null),
  ('v-h6-yi-dao', 'course-mandarin-1', '一道', 'yī dào', 'together', 'word', 6, null, null),
  ('v-h6-yi-fan', 'course-mandarin-1', '一番', 'yì fān', 'Some', 'word', 6, null, null),
  ('v-h6-yi-guan', 'course-mandarin-1', '一贯', 'yī guàn', 'consistent', 'word', 6, null, null),
  ('v-h6-yi-lu-shang', 'course-mandarin-1', '一路上', 'yī lù shàng', 'along the way', 'noun', 6, null, null),
  ('v-h6-yi-mu-yi-yang', 'course-mandarin-1', '一模一样', 'yī mú yī yàng', 'exactly the same (idiom)', 'word', 6, null, null),
  ('v-h6-yi-qi', 'course-mandarin-1', '一齐', 'yī qí', 'at the same time', 'word', 6, null, null),
  ('v-h6-yi-shi', 'course-mandarin-1', '一时', 'yī shí', 'a period of time', 'word', 6, null, null),
  ('v-h6-yi-tong', 'course-mandarin-1', '一同', 'yī tóng', 'together', 'word', 6, null, null),
  ('v-h6-yi-xing', 'course-mandarin-1', '一行', 'yī xíng', 'party', 'word', 6, null, null),
  ('v-h6-yi-yao', 'course-mandarin-1', '医药', 'yī yào', 'medical care and medicines', 'word', 6, null, null),
  ('v-h6-yi-ci', 'course-mandarin-1', '依次', 'yī cì', 'in order', 'word', 6, null, null),
  ('v-h6-yi-lai', 'course-mandarin-1', '依赖', 'yī lài', 'to depend on', 'word', 6, null, null),
  ('v-h6-yi-qi-2', 'course-mandarin-1', '仪器', 'yí qì', 'instrument; apparatus', 'word', 6, null, null),
  ('v-h6-yi-shi-2', 'course-mandarin-1', '仪式', 'yí shì', 'ceremony', 'word', 6, null, null),
  ('v-h6-yi-han', 'course-mandarin-1', '遗憾', 'yí hàn', 'regret', 'word', 6, null, null),
  ('v-h6-yi-ren', 'course-mandarin-1', '艺人', 'yì rén', 'performing artist', 'word', 6, null, null),
  ('v-h6-yi-ti', 'course-mandarin-1', '议题', 'yì tí', 'topic of discussion', 'word', 6, null, null),
  ('v-h6-yi-chang', 'course-mandarin-1', '异常', 'yì cháng', 'unusual; abnormal', 'word', 6, null, null),
  ('v-h6-yi-xiang-bu-dao', 'course-mandarin-1', '意想不到', 'yì xiǎng bù dào', 'unexpected', 'word', 6, null, null),
  ('v-h6-yi-yuan', 'course-mandarin-1', '意愿', 'yì yuàn', 'aspiration', 'word', 6, null, null),
  ('v-h6-yin', 'course-mandarin-1', '因', 'yīn', 'old variant of 因', 'word', 6, null, null),
  ('v-h6-yin-su', 'course-mandarin-1', '因素', 'yīn sù', 'element', 'word', 6, null, null),
  ('v-h6-yin-mou', 'course-mandarin-1', '阴谋', 'yīn móu', 'to conspire; to plot', 'word', 6, null, null),
  ('v-h6-yin-ying', 'course-mandarin-1', '阴影', 'yīn yǐng', '(lit. and fig.) shadow', 'word', 6, null, null),
  ('v-h6-yin-liang', 'course-mandarin-1', '音量', 'yīn liàng', 'loudness', 'word', 6, null, null),
  ('v-h6-yin-xiang', 'course-mandarin-1', '音像', 'yīn xiàng', 'audio and video', 'word', 6, null, null),
  ('v-h6-yin-cang', 'course-mandarin-1', '隐藏', 'yǐn cáng', 'to hide', 'word', 6, null, null),
  ('v-h6-yin-si', 'course-mandarin-1', '隐私', 'yǐn sī', 'secrets', 'word', 6, null, null),
  ('v-h6-yin-2', 'course-mandarin-1', '印', 'Yìn', 'surname Yin', 'word', 6, null, null),
  ('v-h6-ying-dui', 'course-mandarin-1', '应对', 'yìng duì', 'to answer; to reply', 'word', 6, null, null),
  ('v-h6-ying-ji', 'course-mandarin-1', '应急', 'yìng jí', 'to respond to an emergency', 'verb', 6, null, null),
  ('v-h6-ying-xiong', 'course-mandarin-1', '英雄', 'yīng xióng', 'hero', 'word', 6, null, null),
  ('v-h6-ying-lai', 'course-mandarin-1', '迎来', 'yíng lái', 'to welcome (a visitor or newcomer)', 'word', 6, null, null),
  ('v-h6-ying-mi', 'course-mandarin-1', '影迷', 'yǐng mí', 'film enthusiast', 'word', 6, null, null),
  ('v-h6-ying-xiang-li', 'course-mandarin-1', '影响力', 'yǐng xiǎng lì', 'influence', 'word', 6, null, null),
  ('v-h6-ying-xing', 'course-mandarin-1', '影星', 'yǐng xīng', 'film star', 'word', 6, null, null),
  ('v-h6-yong-chu', 'course-mandarin-1', '用处', 'yòng chu', 'usefulness', 'word', 6, null, null),
  ('v-h6-yong-de-zhao', 'course-mandarin-1', '用得着', 'yòng de zháo', 'to be able to use; useable; to have a use for', 'noun', 6, null, null),
  ('v-h6-yong-fa', 'course-mandarin-1', '用法', 'yòng fǎ', 'usage', 'word', 6, null, null),
  ('v-h6-yong-pin', 'course-mandarin-1', '用品', 'yòng pǐn', 'articles for use', 'word', 6, null, null),
  ('v-h6-yong-xin', 'course-mandarin-1', '用心', 'yòng xīn', 'motive', 'word', 6, null, null),
  ('v-h6-you-zhi', 'course-mandarin-1', '优质', 'yōu zhì', 'excellent quality', 'word', 6, null, null),
  ('v-h6-you-ren', 'course-mandarin-1', '游人', 'yóu rén', 'a tourist', 'word', 6, null, null),
  ('v-h6-you-wan', 'course-mandarin-1', '游玩', 'yóu wán', 'to amuse oneself', 'word', 6, null, null),
  ('v-h6-you-xi-ji', 'course-mandarin-1', '游戏机', 'yóu xì jī', 'video game machine', 'word', 6, null, null),
  ('v-h6-you-xing', 'course-mandarin-1', '游行', 'yóu xíng', 'to march; to parade; to demonstrate', 'verb', 6, null, null),
  ('v-h6-you-guan', 'course-mandarin-1', '有关', 'yǒu guān', 'to have sth to do with', 'verb', 6, null, null),
  ('v-h6-you-mei-you', 'course-mandarin-1', '有没有', 'yǒu méi yǒu', '(before a noun) Do (you, they etc) have ...?', 'noun', 6, null, null),
  ('v-h6-you-shi', 'course-mandarin-1', '有事', 'yǒu shì', 'to be occupied with sth', 'word', 6, null, null),
  ('v-h6-yu', 'course-mandarin-1', '于', 'Yú', 'surname Yu', 'word', 6, null, null),
  ('v-h6-yu-le', 'course-mandarin-1', '娱乐', 'yú lè', 'to entertain', 'verb', 6, null, null),
  ('v-h6-yu-kuai', 'course-mandarin-1', '愉快', 'yú kuài', 'cheerful', 'word', 6, null, null),
  ('v-h6-yu-2', 'course-mandarin-1', '与', 'yú', 'variant of 欤', 'word', 6, null, null),
  ('v-h6-yu-hang-yuan', 'course-mandarin-1', '宇航员', 'yǔ háng yuán', 'astronaut', 'word', 6, null, null),
  ('v-h6-yu-yi', 'course-mandarin-1', '雨衣', 'yǔ yī', 'raincoat', 'word', 6, null, null),
  ('v-h6-yu-yue', 'course-mandarin-1', '预约', 'yù yuē', 'booking', 'word', 6, null, null),
  ('v-h6-yuan-su', 'course-mandarin-1', '元素', 'yuán sù', 'element (key component of sth)', 'word', 6, null, null),
  ('v-h6-yuan', 'course-mandarin-1', '园', 'Yuán', 'surname Yuan', 'word', 6, null, null),
  ('v-h6-yuan-di', 'course-mandarin-1', '园地', 'yuán dì', 'garden area', 'word', 6, null, null),
  ('v-h6-yuan-2', 'course-mandarin-1', '原', 'Yuán', 'surname Yuan', 'word', 6, null, null),
  ('v-h6-yuan-gao', 'course-mandarin-1', '原告', 'yuán gào', 'complainant', 'word', 6, null, null),
  ('v-h6-yuan-liang', 'course-mandarin-1', '原谅', 'yuán liàng', 'to excuse', 'word', 6, null, null),
  ('v-h6-yuan-zhu-bi', 'course-mandarin-1', '圆珠笔', 'yuán zhū bǐ', 'ballpoint pen', 'word', 6, null, null),
  ('v-h6-yuan-zhu', 'course-mandarin-1', '援助', 'yuán zhù', 'to help', 'verb', 6, null, null),
  ('v-h6-yuan-gu', 'course-mandarin-1', '缘故', 'yuán gù', 'reason', 'word', 6, null, null),
  ('v-h6-yuan-fang', 'course-mandarin-1', '远方', 'yuǎn fāng', 'far away', 'word', 6, null, null),
  ('v-h6-yuan-li', 'course-mandarin-1', '远离', 'yuǎn lí', 'to be far from', 'word', 6, null, null),
  ('v-h6-yuan-yuan', 'course-mandarin-1', '远远', 'yuǎn yuǎn', 'distant', 'word', 6, null, null),
  ('v-h6-yue-ding', 'course-mandarin-1', '约定', 'yuē dìng', 'to agree on sth (after discussion)', 'word', 6, null, null),
  ('v-h6-yun', 'course-mandarin-1', '晕', 'yūn', 'confused', 'word', 6, null, null),
  ('v-h6-yun-che', 'course-mandarin-1', '晕车', 'yùn chē', 'to be carsick', 'word', 6, null, null),
  ('v-h6-yun-zuo', 'course-mandarin-1', '运作', 'yùn zuò', 'to operate', 'word', 6, null, null),
  ('v-h6-za', 'course-mandarin-1', '杂', 'zá', 'variant of 杂', 'word', 6, null, null),
  ('v-h6-zai-sheng', 'course-mandarin-1', '再生', 'zài shēng', 'to be reborn', 'word', 6, null, null),
  ('v-h6-zai-shuo', 'course-mandarin-1', '再说', 'zài shuō', 'to say again', 'word', 6, null, null),
  ('v-h6-zao-dao', 'course-mandarin-1', '遭到', 'zāo dào', 'to suffer', 'word', 6, null, null),
  ('v-h6-zao-shou', 'course-mandarin-1', '遭受', 'zāo shòu', 'to suffer; to sustain (loss, misfortune)', 'word', 6, null, null),
  ('v-h6-zao-yu', 'course-mandarin-1', '遭遇', 'zāo yù', 'to meet with', 'word', 6, null, null),
  ('v-h6-zao-wan', 'course-mandarin-1', '早晚', 'zǎo wǎn', 'morning and evening', 'word', 6, null, null),
  ('v-h6-zeng-jin', 'course-mandarin-1', '增进', 'zēng jìn', 'to promote', 'word', 6, null, null),
  ('v-h6-zeng-zhi', 'course-mandarin-1', '增值', 'zēng zhí', 'to appreciate (financially)', 'word', 6, null, null),
  ('v-h6-zha', 'course-mandarin-1', '扎', 'zhā', 'to prick', 'word', 6, null, null),
  ('v-h6-zha-shi', 'course-mandarin-1', '扎实', 'zhā shi', 'strong', 'word', 6, null, null),
  ('v-h6-zha-2', 'course-mandarin-1', '炸', 'zhá', 'to deep fry', 'word', 6, null, null),
  ('v-h6-zha-dan', 'course-mandarin-1', '炸弹', 'zhà dàn', 'bomb', 'word', 6, null, null),
  ('v-h6-zha-yao', 'course-mandarin-1', '炸药', 'zhà yào', 'explosive (material)', 'word', 6, null, null),
  ('v-h6-zhai', 'course-mandarin-1', '债', 'zhài', 'debt', 'word', 6, null, null),
  ('v-h6-zhan-ju', 'course-mandarin-1', '占据', 'zhàn jù', 'to occupy', 'word', 6, null, null),
  ('v-h6-zhan-chang', 'course-mandarin-1', '战场', 'zhàn chǎng', 'battlefield', 'word', 6, null, null),
  ('v-h6-zhan-lu-e', 'course-mandarin-1', '战略', 'zhàn lu:è', 'strategy', 'word', 6, null, null),
  ('v-h6-zhan-shu', 'course-mandarin-1', '战术', 'zhàn shù', 'tactics', 'word', 6, null, null),
  ('v-h6-zhan-you', 'course-mandarin-1', '战友', 'zhàn yǒu', 'comrade-in-arms', 'word', 6, null, null),
  ('v-h6-zhan-tai', 'course-mandarin-1', '站台', 'zhàn tái', 'platform (at a railway station)', 'word', 6, null, null),
  ('v-h6-zhang', 'course-mandarin-1', '章', 'Zhāng', 'surname Zhang', 'word', 6, null, null),
  ('v-h6-chang-duan', 'course-mandarin-1', '长短', 'cháng duǎn', 'length', 'word', 6, null, null),
  ('v-h6-chang-jia', 'course-mandarin-1', '长假', 'cháng jià', 'long vacation', 'word', 6, null, null),
  ('v-h6-chang-jiu', 'course-mandarin-1', '长久', 'cháng jiǔ', '(for a) long time', 'word', 6, null, null),
  ('v-h6-chang-pao', 'course-mandarin-1', '长跑', 'cháng pǎo', 'long-distance running', 'verb', 6, null, null),
  ('v-h6-chang-yuan', 'course-mandarin-1', '长远', 'cháng yuǎn', 'long-term', 'word', 6, null, null),
  ('v-h6-zhang-sheng', 'course-mandarin-1', '掌声', 'zhǎng shēng', 'applause', 'word', 6, null, null),
  ('v-h6-zhang-2', 'course-mandarin-1', '账', 'zhàng', 'account', 'word', 6, null, null),
  ('v-h6-zhang-hu', 'course-mandarin-1', '账户', 'zhàng hù', 'bank account', 'word', 6, null, null),
  ('v-h6-zhang-ai', 'course-mandarin-1', '障碍', 'zhàng ài', 'barrier', 'word', 6, null, null),
  ('v-h6-zhao', 'course-mandarin-1', '招', 'zhāo', 'to recruit', 'word', 6, null, null),
  ('v-h6-zhao-pin', 'course-mandarin-1', '招聘', 'zhāo pìn', 'to invite applications for a job', 'word', 6, null, null),
  ('v-h6-zhao-yang', 'course-mandarin-1', '照样', 'zhào yàng', 'as before', 'word', 6, null, null),
  ('v-h6-zhao-yao', 'course-mandarin-1', '照耀', 'zhào yào', 'to shine', 'word', 6, null, null),
  ('v-h6-zhe-jiu-shi-shuo', 'course-mandarin-1', '这就是说', 'zhè jiù shì shuō', 'in other words', 'word', 6, null, null),
  ('v-h6-zhen', 'course-mandarin-1', '镇', 'zhèn', 'to press down', 'word', 6, null, null),
  ('v-h6-zheng-duo', 'course-mandarin-1', '争夺', 'zhēng duó', 'to fight over', 'word', 6, null, null),
  ('v-h6-zheng-dun', 'course-mandarin-1', '整顿', 'zhěng dùn', 'to tidy up', 'word', 6, null, null),
  ('v-h6-zheng-zhi', 'course-mandarin-1', '整治', 'zhěng zhì', 'to bring under control', 'word', 6, null, null),
  ('v-h6-zheng-dang', 'course-mandarin-1', '正当', 'zhèng dāng', 'timely', 'word', 6, null, null),
  ('v-h6-zheng-ce', 'course-mandarin-1', '政策', 'zhèng cè', 'policy', 'word', 6, null, null),
  ('v-h6-zheng-dang-2', 'course-mandarin-1', '政党', 'zhèng dǎng', 'political party', 'word', 6, null, null),
  ('v-h6-zheng-quan', 'course-mandarin-1', '政权', 'zhèng quán', 'regime', 'word', 6, null, null),
  ('v-h6-zheng-zhuang', 'course-mandarin-1', '症状', 'zhèng zhuàng', 'symptom (of an illness)', 'word', 6, null, null),
  ('v-h6-zhi-lei', 'course-mandarin-1', '之类', 'zhī lèi', 'and so on', 'word', 6, null, null),
  ('v-h6-zhi-cheng', 'course-mandarin-1', '支撑', 'zhī chēng', 'to prop up', 'word', 6, null, null),
  ('v-h6-zhi-yuan', 'course-mandarin-1', '支援', 'zhī yuán', 'to provide assistance', 'word', 6, null, null),
  ('v-h6-zhi', 'course-mandarin-1', '枝', 'zhī', 'branch', 'word', 6, null, null),
  ('v-h6-zhi-ming', 'course-mandarin-1', '知名', 'zhī míng', 'well-known; famous', 'word', 6, null, null),
  ('v-h6-zhi-2', 'course-mandarin-1', '织', 'zhī', 'to weave', 'word', 6, null, null),
  ('v-h6-zhi-sheng-ji', 'course-mandarin-1', '直升机', 'zhí shēng jī', 'helicopter', 'word', 6, null, null),
  ('v-h6-zhi-ze', 'course-mandarin-1', '职责', 'zhí zé', 'duty', 'word', 6, null, null),
  ('v-h6-zhi-3', 'course-mandarin-1', '止', 'zhǐ', 'to stop', 'word', 6, null, null),
  ('v-h6-zhi-de', 'course-mandarin-1', '只得', 'zhǐ dé', 'to have no alternative but to; to be obliged to', 'word', 6, null, null),
  ('v-h6-zhi-gu', 'course-mandarin-1', '只顾', 'zhǐ gù', 'solely preoccupied (with one thing)', 'word', 6, null, null),
  ('v-h6-zhi-guan', 'course-mandarin-1', '只管', 'zhǐ guǎn', 'solely engrossed in one thing', 'word', 6, null, null),
  ('v-h6-zhi-ding', 'course-mandarin-1', '指定', 'zhǐ dìng', 'to appoint', 'word', 6, null, null),
  ('v-h6-zhi-shu', 'course-mandarin-1', '指数', 'zhǐ shù', '(numerical, statistical) index', 'word', 6, null, null),
  ('v-h6-zhi-tou', 'course-mandarin-1', '指头', 'zhǐ tou', 'finger', 'word', 6, null, null),
  ('v-h6-zhizhe', 'course-mandarin-1', '指着', 'zhǐzhe', 'Poke', 'noun', 6, null, null),
  ('v-h6-zhi-yu', 'course-mandarin-1', '至于', 'zhì yú', 'as for', 'word', 6, null, null),
  ('v-h6-zhi-bing', 'course-mandarin-1', '治病', 'zhì bìng', 'to treat an illness', 'word', 6, null, null),
  ('v-h6-zhong-deng', 'course-mandarin-1', '中等', 'zhōng děng', 'medium', 'word', 6, null, null),
  ('v-h6-zhong-hua', 'course-mandarin-1', '中华', 'Zhōng huá', 'China (alternate formal name)', 'noun', 6, null, null),
  ('v-h6-zhong-qi', 'course-mandarin-1', '中期', 'zhōng qī', 'middle (of a period of time)', 'word', 6, null, null),
  ('v-h6-zhong-wai', 'course-mandarin-1', '中外', 'zhōng wài', 'Sino-foreign', 'word', 6, null, null),
  ('v-h6-zhong-xin', 'course-mandarin-1', '忠心', 'zhōng xīn', 'good faith', 'word', 6, null, null),
  ('v-h6-zhong-tou', 'course-mandarin-1', '钟头', 'zhōng tóu', 'hour', 'word', 6, null, null),
  ('v-h6-zhong', 'course-mandarin-1', '肿', 'zhǒng', 'to swell', 'word', 6, null, null),
  ('v-h6-zhong-zhong', 'course-mandarin-1', '种种', 'zhǒng zhǒng', 'all kinds of', 'word', 6, null, null),
  ('v-h6-chong-jian', 'course-mandarin-1', '重建', 'chóng jiàn', 'to rebuild', 'word', 6, null, null),
  ('v-h6-chong-zu', 'course-mandarin-1', '重组', 'chóng zǔ', 'to reorganize; to recombine; to restructure', 'word', 6, null, null),
  ('v-h6-yu-3', 'course-mandarin-1', '粥', 'yù', 'used in 荤粥', 'word', 6, null, null),
  ('v-h6-zhu-bao', 'course-mandarin-1', '珠宝', 'zhū bǎo', 'pearls', 'word', 6, null, null),
  ('v-h6-zhu-wei', 'course-mandarin-1', '诸位', 'zhū wèi', '(pron) everyone', 'word', 6, null, null),
  ('v-h6-zhu-chi-ren', 'course-mandarin-1', '主持人', 'zhǔ chí rén', 'TV or radio presenter', 'word', 6, null, null),
  ('v-h6-zhu-jue', 'course-mandarin-1', '主角', 'zhǔ jué', 'leading role; lead', 'word', 6, null, null),
  ('v-h6-zhu-liu', 'course-mandarin-1', '主流', 'zhǔ liú', 'main stream (of a river)', 'word', 6, null, null),
  ('v-h6-zhu', 'course-mandarin-1', '煮', 'zhǔ', 'variant of 煮', 'word', 6, null, null),
  ('v-h6-zhu-zhai', 'course-mandarin-1', '住宅', 'zhù zhái', 'residence; dwelling; abode', 'word', 6, null, null),
  ('v-h6-zhu-2', 'course-mandarin-1', '驻', 'zhù', 'to halt', 'word', 6, null, null),
  ('v-h6-zhu-zi', 'course-mandarin-1', '柱子', 'zhù zi', 'pillar', 'word', 6, null, null),
  ('v-h6-zhu-yuan', 'course-mandarin-1', '祝愿', 'zhù yuàn', 'to wish', 'word', 6, null, null),
  ('v-h6-zhuan-yong', 'course-mandarin-1', '专用', 'zhuān yòng', 'special', 'verb', 6, null, null),
  ('v-h6-zhuan', 'course-mandarin-1', '赚', 'zhuàn', 'to earn', 'word', 6, null, null),
  ('v-h6-zhuan-qian', 'course-mandarin-1', '赚钱', 'zhuàn qián', 'to earn money', 'word', 6, null, null),
  ('v-h6-zhuang-bei', 'course-mandarin-1', '装备', 'zhuāng bèi', 'equipment', 'word', 6, null, null),
  ('v-h6-zhuang-guan', 'course-mandarin-1', '壮观', 'zhuàng guān', 'spectacular', 'word', 6, null, null),
  ('v-h6-zhuo', 'course-mandarin-1', '捉', 'zhuō', 'to clutch', 'word', 6, null, null),
  ('v-h6-zi-xun', 'course-mandarin-1', '咨询', 'zī xún', 'to consult', 'verb', 6, null, null),
  ('v-h6-zi-lai-shui', 'course-mandarin-1', '自来水', 'zì lái shuǐ', 'running water', 'word', 6, null, null),
  ('v-h6-zi-wo', 'course-mandarin-1', '自我', 'zì wǒ', 'self-', 'word', 6, null, null),
  ('v-h6-zi-xue', 'course-mandarin-1', '自学', 'zì xué', 'self-study', 'word', 6, null, null),
  ('v-h6-zi-yan-zi-yu', 'course-mandarin-1', '自言自语', 'zì yán zì yǔ', 'to talk to oneself', 'word', 6, null, null),
  ('v-h6-zi-zai', 'course-mandarin-1', '自在', 'zì zai', 'comfortable; at ease', 'word', 6, null, null),
  ('v-h6-zong-jiao', 'course-mandarin-1', '宗教', 'zōng jiào', 'religion', 'word', 6, null, null),
  ('v-h6-zong-bu', 'course-mandarin-1', '总部', 'zǒng bù', 'general headquarters', 'word', 6, null, null),
  ('v-h6-zong-jian', 'course-mandarin-1', '总监', 'zǒng jiān', 'head', 'word', 6, null, null),
  ('v-h6-zong-jing-li', 'course-mandarin-1', '总经理', 'zǒng jīng lǐ', 'general manager', 'word', 6, null, null),
  ('v-h6-zong-liang', 'course-mandarin-1', '总量', 'zǒng liàng', 'total', 'word', 6, null, null),
  ('v-h6-zou-si', 'course-mandarin-1', '走私', 'zǒu sī', 'to smuggle', 'word', 6, null, null),
  ('v-h6-zou', 'course-mandarin-1', '奏', 'zòu', 'to play music', 'word', 6, null, null),
  ('v-h6-zu-jin', 'course-mandarin-1', '租金', 'zū jīn', 'rent', 'word', 6, null, null),
  ('v-h6-ju-3', 'course-mandarin-1', '足', 'jù', 'excessive', 'word', 6, null, null),
  ('v-h6-zu-yi', 'course-mandarin-1', '足以', 'zú yǐ', 'sufficient to...', 'word', 6, null, null),
  ('v-h6-zu', 'course-mandarin-1', '族', 'zú', 'race', 'word', 6, null, null),
  ('v-h6-zu-fu', 'course-mandarin-1', '祖父', 'zǔ fù', 'father''s father', 'word', 6, null, null),
  ('v-h6-zu-guo', 'course-mandarin-1', '祖国', 'zǔ guó', 'motherland', 'word', 6, null, null),
  ('v-h6-zu-mu', 'course-mandarin-1', '祖母', 'zǔ mǔ', 'father''s mother', 'word', 6, null, null),
  ('v-h6-zuan', 'course-mandarin-1', '钻', 'zuàn', 'variant of 钻', 'word', 6, null, null),
  ('v-h6-zui-jia', 'course-mandarin-1', '最佳', 'zuì jiā', 'optimum', 'word', 6, null, null),
  ('v-h6-zui-zhong', 'course-mandarin-1', '最终', 'zuì zhōng', 'final; ultimate', 'word', 6, null, null),
  ('v-h6-zui', 'course-mandarin-1', '罪', 'zuì', 'guilt', 'word', 6, null, null),
  ('v-h6-zuo', 'course-mandarin-1', '作', 'zuō', 'worker', 'word', 6, null, null),
  ('v-h6-zuo-fei', 'course-mandarin-1', '作废', 'zuò fèi', 'to become invalid', 'word', 6, null, null),
  ('v-h6-zuo-zhan', 'course-mandarin-1', '作战', 'zuò zhàn', 'combat', 'word', 6, null, null),
  ('v-h6-zuo-tan-hui', 'course-mandarin-1', '座谈会', 'zuò tán huì', 'conference', 'word', 6, null, null),
  ('v-h6-bei-gao', 'course-mandarin-1', '被告', 'bèi gào', 'defendant', 'word', 6, null, null),
  ('v-h6-che-hao', 'course-mandarin-1', '车号', 'chē hào', 'vehicle number (license plate number, taxi number, bus number, train car number)', 'word', 6, null, null),
  ('v-h6-che-pai', 'course-mandarin-1', '车牌', 'chē pái', 'license plate', 'word', 6, null, null),
  ('v-h6-fa-ting', 'course-mandarin-1', '法庭', 'fǎ tíng', 'court of law', 'word', 6, null, null),
  ('v-h6-fan', 'course-mandarin-1', '犯', 'fàn', 'to violate', 'word', 6, null, null),
  ('v-h6-fan-zui', 'course-mandarin-1', '犯罪', 'fàn zuì', 'to commit a crime', 'verb', 6, null, null),
  ('v-h6-fang-shou', 'course-mandarin-1', '防守', 'fáng shǒu', 'to defend', 'word', 6, null, null),
  ('v-h6-pan-2', 'course-mandarin-1', '判', 'pàn', 'to judge', 'word', 6, null, null),
  ('v-h6-yun-xu', 'course-mandarin-1', '允许', 'yǔn xǔ', 'to permit', 'word', 6, null, null),
  ('v-h6-zui-e', 'course-mandarin-1', '罪恶', 'zuì è', 'crime', 'word', 6, null, null),
  ('v-h6-bao-lu', 'course-mandarin-1', '暴露', 'bào lù', 'to expose', 'word', 6, null, null),
  ('v-h6-chuan-yan', 'course-mandarin-1', '传言', 'chuán yán', 'rumor', 'word', 6, null, null),
  ('v-h6-diao-yan', 'course-mandarin-1', '调研', 'diào yán', 'to investigate and research', 'verb', 6, null, null),
  ('v-h6-lan-mu', 'course-mandarin-1', '栏目', 'lán mù', 'regular column or segment (in a publication or broadcast program)', 'word', 6, null, null),
  ('v-h6-tan-tao', 'course-mandarin-1', '探讨', 'tàn tǎo', 'to investigate', 'word', 6, null, null),
  ('v-h6-zhui-jiu', 'course-mandarin-1', '追究', 'zhuī jiū', 'to investigate', 'word', 6, null, null),
  ('v-h6-ben-zhi', 'course-mandarin-1', '本质', 'běn zhì', 'essence', 'word', 6, null, null),
  ('v-h6-gou-jian', 'course-mandarin-1', '构建', 'gòu jiàn', 'to construct (sth abstract)', 'word', 6, null, null),
  ('v-h6-jing-4', 'course-mandarin-1', '精', 'jīng', 'essence', 'word', 6, null, null),
  ('v-h6-zhe-xue', 'course-mandarin-1', '哲学', 'zhé xué', 'philosophy', 'word', 6, null, null),
  ('v-h6-zhi-hui', 'course-mandarin-1', '智慧', 'zhì huì', 'wisdom', 'word', 6, null, null),
  ('v-h6-fu-you', 'course-mandarin-1', '富有', 'fù yǒu', 'rich; wealthy; affluent', 'word', 6, null, null);
insert into lesson_vocab (lesson_id, vocab_item_id) values
  ('lesson-h6-aa-1', 'v-h6-ai'),
  ('lesson-h6-aa-1', 'v-h6-ai-da'),
  ('lesson-h6-aa-1', 'v-h6-ai-zhe'),
  ('lesson-h6-aa-1', 'v-h6-an-jian'),
  ('lesson-h6-aa-1', 'v-h6-ba-gong'),
  ('lesson-h6-aa-1', 'v-h6-ba-le'),
  ('lesson-h6-aa-1', 'v-h6-bai-ling'),
  ('lesson-h6-aa-1', 'v-h6-bai-fen-dian'),
  ('lesson-h6-aa-2', 'v-h6-ban-gong'),
  ('lesson-h6-aa-2', 'v-h6-ban-shi-chu'),
  ('lesson-h6-aa-2', 'v-h6-ban-xue'),
  ('lesson-h6-aa-2', 'v-h6-ban-jue-sai'),
  ('lesson-h6-aa-2', 'v-h6-bang-wan'),
  ('lesson-h6-aa-2', 'v-h6-bao-jian'),
  ('lesson-h6-aa-2', 'v-h6-bao-kan'),
  ('lesson-h6-aa-2', 'v-h6-bao-kao'),
  ('lesson-h6-aa-3', 'v-h6-bao-qian'),
  ('lesson-h6-aa-3', 'v-h6-bao-feng-yu'),
  ('lesson-h6-aa-3', 'v-h6-bao-li'),
  ('lesson-h6-aa-3', 'v-h6-bao-yu'),
  ('lesson-h6-aa-3', 'v-h6-bao'),
  ('lesson-h6-aa-3', 'v-h6-bao-fa'),
  ('lesson-h6-aa-3', 'v-h6-bao-zha'),
  ('lesson-h6-aa-3', 'v-h6-bei-can'),
  ('lesson-h6-aa-4', 'v-h6-bei-xin'),
  ('lesson-h6-aa-4', 'v-h6-bei-zhe'),
  ('lesson-h6-aa-4', 'v-h6-ben-pao'),
  ('lesson-h6-aa-4', 'v-h6-ben-di'),
  ('lesson-h6-aa-4', 'v-h6-ben-qi'),
  ('lesson-h6-aa-4', 'v-h6-ben-shen'),
  ('lesson-h6-aa-4', 'v-h6-ben-tu'),
  ('lesson-h6-aa-4', 'v-h6-bi'),
  ('lesson-h6-aa-5', 'v-h6-bi-shi'),
  ('lesson-h6-aa-5', 'v-h6-bi-jiang'),
  ('lesson-h6-aa-5', 'v-h6-bi-xiu'),
  ('lesson-h6-aa-5', 'v-h6-bi-2'),
  ('lesson-h6-aa-5', 'v-h6-bian-yuan'),
  ('lesson-h6-aa-5', 'v-h6-bian-zhi'),
  ('lesson-h6-aa-5', 'v-h6-pian'),
  ('lesson-h6-aa-5', 'v-h6-bian-geng'),
  ('lesson-h6-aa-6', 'v-h6-bian-huan'),
  ('lesson-h6-aa-6', 'v-h6-bian-xing'),
  ('lesson-h6-aa-6', 'v-h6-bian'),
  ('lesson-h6-aa-6', 'v-h6-bian-shi'),
  ('lesson-h6-aa-6', 'v-h6-bian-di'),
  ('lesson-h6-aa-6', 'v-h6-biao-mian-shang'),
  ('lesson-h6-aa-6', 'v-h6-bing-fang'),
  ('lesson-h6-aa-6', 'v-h6-bing-qing'),
  ('lesson-h6-aa-7', 'v-h6-bo-da'),
  ('lesson-h6-aa-7', 'v-h6-bo-dong'),
  ('lesson-h6-aa-7', 'v-h6-bo-lang'),
  ('lesson-h6-aa-7', 'v-h6-bo'),
  ('lesson-h6-aa-7', 'v-h6-bu-kao'),
  ('lesson-h6-aa-7', 'v-h6-bu-ke'),
  ('lesson-h6-aa-7', 'v-h6-bu-xi'),
  ('lesson-h6-aa-7', 'v-h6-bu-zhu'),
  ('lesson-h6-aa-8', 'v-h6-bu'),
  ('lesson-h6-aa-8', 'v-h6-bu-bian'),
  ('lesson-h6-aa-8', 'v-h6-bu-cheng'),
  ('lesson-h6-aa-8', 'v-h6-bu-jian'),
  ('lesson-h6-aa-8', 'v-h6-bu-jin-jin'),
  ('lesson-h6-aa-8', 'v-h6-bu-jin'),
  ('lesson-h6-aa-8', 'v-h6-bu-liao'),
  ('lesson-h6-aa-8', 'v-h6-bu-tong'),
  ('lesson-h6-aa-9', 'v-h6-bu-zai'),
  ('lesson-h6-aa-9', 'v-h6-bu-zen-me'),
  ('lesson-h6-aa-9', 'v-h6-bu-zen-me-yang'),
  ('lesson-h6-aa-9', 'v-h6-bu-zhi'),
  ('lesson-h6-aa-9', 'v-h6-bu-zhi-yu'),
  ('lesson-h6-aa-9', 'v-h6-bu-man'),
  ('lesson-h6-aa-9', 'v-h6-bu-dui'),
  ('lesson-h6-aa-9', 'v-h6-cai-na'),
  ('lesson-h6-aa-10', 'v-h6-cai'),
  ('lesson-h6-aa-10', 'v-h6-can-sai'),
  ('lesson-h6-aa-10', 'v-h6-can-zhan'),
  ('lesson-h6-aa-10', 'v-h6-can'),
  ('lesson-h6-aa-10', 'v-h6-can-ji'),
  ('lesson-h6-aa-10', 'v-h6-can-ji-ren'),
  ('lesson-h6-aa-10', 'v-h6-can-ku'),
  ('lesson-h6-aa-10', 'v-h6-can-2'),
  ('lesson-h6-aa-11', 'v-h6-cang-ku'),
  ('lesson-h6-aa-11', 'v-h6-zang'),
  ('lesson-h6-aa-11', 'v-h6-cao-zong'),
  ('lesson-h6-aa-11', 'v-h6-ce'),
  ('lesson-h6-aa-11', 'v-h6-ce-suo'),
  ('lesson-h6-aa-11', 'v-h6-ce-ding'),
  ('lesson-h6-aa-11', 'v-h6-ce-hua'),
  ('lesson-h6-aa-11', 'v-h6-ce-lu-e'),
  ('lesson-h6-aa-12', 'v-h6-ceng-mian'),
  ('lesson-h6-aa-12', 'v-h6-cha-chu'),
  ('lesson-h6-aa-12', 'v-h6-cha-kan'),
  ('lesson-h6-aa-12', 'v-h6-cha-yi'),
  ('lesson-h6-aa-12', 'v-h6-chai-qian'),
  ('lesson-h6-aa-12', 'v-h6-chan-liang'),
  ('lesson-h6-aa-12', 'v-h6-chang-sheng'),
  ('lesson-h6-aa-12', 'v-h6-chang-gui'),
  ('lesson-h6-aa-13', 'v-h6-chang-nian'),
  ('lesson-h6-aa-13', 'v-h6-chang-shang'),
  ('lesson-h6-aa-13', 'v-h6-chang-di'),
  ('lesson-h6-aa-13', 'v-h6-chang-guan'),
  ('lesson-h6-aa-13', 'v-h6-chang-jing'),
  ('lesson-h6-aa-13', 'v-h6-chang-tong'),
  ('lesson-h6-aa-13', 'v-h6-chao'),
  ('lesson-h6-aa-13', 'v-h6-chao-chu'),
  ('lesson-h6-aa-14', 'v-h6-chao-2'),
  ('lesson-h6-aa-14', 'v-h6-chao-gu'),
  ('lesson-h6-aa-14', 'v-h6-chao-zuo'),
  ('lesson-h6-aa-14', 'v-h6-che-zhan'),
  ('lesson-h6-aa-14', 'v-h6-che-li'),
  ('lesson-h6-aa-14', 'v-h6-che-xiao'),
  ('lesson-h6-aa-14', 'v-h6-cheng'),
  ('lesson-h6-aa-14', 'v-h6-cheng-fen'),
  ('lesson-h6-aa-15', 'v-h6-cheng-pin'),
  ('lesson-h6-aa-15', 'v-h6-cheng-nuo'),
  ('lesson-h6-aa-15', 'v-h6-cheng-qu'),
  ('lesson-h6-aa-15', 'v-h6-cheng-xiang'),
  ('lesson-h6-aa-15', 'v-h6-cheng-zhen'),
  ('lesson-h6-aa-15', 'v-h6-chi-you'),
  ('lesson-h6-aa-15', 'v-h6-chong-ji'),
  ('lesson-h6-aa-15', 'v-h6-chong-bai'),
  ('lesson-h6-aa-16', 'v-h6-chong-wu'),
  ('lesson-h6-aa-16', 'v-h6-chu-chang'),
  ('lesson-h6-aa-16', 'v-h6-chu-dong'),
  ('lesson-h6-aa-16', 'v-h6-chu-fang'),
  ('lesson-h6-aa-16', 'v-h6-chu-lu'),
  ('lesson-h6-aa-16', 'v-h6-chu-mian'),
  ('lesson-h6-aa-16', 'v-h6-chu-ming'),
  ('lesson-h6-aa-16', 'v-h6-chu-ru'),
  ('lesson-h6-aa-17', 'v-h6-chu-shi'),
  ('lesson-h6-aa-17', 'v-h6-chu-tai'),
  ('lesson-h6-aa-17', 'v-h6-chu-xing'),
  ('lesson-h6-aa-17', 'v-h6-chu-deng'),
  ('lesson-h6-aa-17', 'v-h6-chu'),
  ('lesson-h6-aa-17', 'v-h6-chu-shi-2'),
  ('lesson-h6-aa-17', 'v-h6-chu-cun'),
  ('lesson-h6-aa-17', 'v-h6-chu-chu'),
  ('lesson-h6-aa-18', 'v-h6-chu-zhang'),
  ('lesson-h6-aa-18', 'v-h6-chuan-chu'),
  ('lesson-h6-aa-18', 'v-h6-chuan-mei'),
  ('lesson-h6-aa-18', 'v-h6-chuan-shu'),
  ('lesson-h6-aa-18', 'v-h6-chuan-yuan'),
  ('lesson-h6-aa-18', 'v-h6-chuan-zhang'),
  ('lesson-h6-aa-18', 'v-h6-chuan-zhi'),
  ('lesson-h6-aa-18', 'v-h6-chuan'),
  ('lesson-h6-aa-19', 'v-h6-chuang-kou'),
  ('lesson-h6-aa-19', 'v-h6-chuang-ban'),
  ('lesson-h6-aa-19', 'v-h6-chuang-jian'),
  ('lesson-h6-aa-19', 'v-h6-chuang-yi'),
  ('lesson-h6-aa-19', 'v-h6-ci-chu'),
  ('lesson-h6-aa-19', 'v-h6-ci-ci'),
  ('lesson-h6-aa-19', 'v-h6-ci-qian'),
  ('lesson-h6-aa-19', 'v-h6-ci-shi'),
  ('lesson-h6-aa-20', 'v-h6-ci-zhi'),
  ('lesson-h6-aa-20', 'v-h6-ci-shu'),
  ('lesson-h6-aa-20', 'v-h6-cong-bu'),
  ('lesson-h6-aa-20', 'v-h6-cong-mei'),
  ('lesson-h6-aa-20', 'v-h6-cu'),
  ('lesson-h6-aa-20', 'v-h6-cun-zhuang'),
  ('lesson-h6-aa-20', 'v-h6-cuo-guo'),
  ('lesson-h6-aa-20', 'v-h6-da'),
  ('lesson-h6-aa-21', 'v-h6-da-dang'),
  ('lesson-h6-aa-21', 'v-h6-da-pei'),
  ('lesson-h6-aa-21', 'v-h6-da-dong'),
  ('lesson-h6-aa-21', 'v-h6-da-duan'),
  ('lesson-h6-aa-21', 'v-h6-da-fa'),
  ('lesson-h6-aa-21', 'v-h6-da-guan-si'),
  ('lesson-h6-aa-21', 'v-h6-da-pai'),
  ('lesson-h6-aa-21', 'v-h6-da-yin-ji'),
  ('lesson-h6-aa-22', 'v-h6-da-zao'),
  ('lesson-h6-aa-22', 'v-h6-da-dao'),
  ('lesson-h6-aa-22', 'v-h6-da-jie'),
  ('lesson-h6-aa-22', 'v-h6-da-li'),
  ('lesson-h6-aa-22', 'v-h6-da-mi'),
  ('lesson-h6-aa-22', 'v-h6-da-pi'),
  ('lesson-h6-aa-22', 'v-h6-da-sai'),
  ('lesson-h6-aa-22', 'v-h6-da-shi'),
  ('lesson-h6-aa-23', 'v-h6-da-shi-2'),
  ('lesson-h6-aa-23', 'v-h6-dai-hui-r'),
  ('lesson-h6-aa-23', 'v-h6-dan-da'),
  ('lesson-h6-aa-23', 'v-h6-dan-you'),
  ('lesson-h6-aa-23', 'v-h6-dan-sheng'),
  ('lesson-h6-aa-23', 'v-h6-dang-cheng'),
  ('lesson-h6-aa-23', 'v-h6-dang-tian'),
  ('lesson-h6-aa-23', 'v-h6-dang-zuo'),
  ('lesson-h6-aa-24', 'v-h6-dang'),
  ('lesson-h6-aa-24', 'v-h6-dang-2'),
  ('lesson-h6-aa-24', 'v-h6-dang-an'),
  ('lesson-h6-aa-24', 'v-h6-dao'),
  ('lesson-h6-aa-24', 'v-h6-dao-qi'),
  ('lesson-h6-aa-24', 'v-h6-dao-ban'),
  ('lesson-h6-aa-24', 'v-h6-dao-jiao'),
  ('lesson-h6-aa-24', 'v-h6-dao-qian'),
  ('lesson-h6-aa-25', 'v-h6-di-ban'),
  ('lesson-h6-aa-25', 'v-h6-di-ming'),
  ('lesson-h6-aa-25', 'v-h6-di-xia-shi'),
  ('lesson-h6-aa-25', 'v-h6-di-tou'),
  ('lesson-h6-aa-25', 'v-h6-di-wen'),
  ('lesson-h6-aa-25', 'v-h6-di'),
  ('lesson-h6-aa-25', 'v-h6-di-da'),
  ('lesson-h6-aa-25', 'v-h6-di-kang'),
  ('lesson-h6-aa-26', 'v-h6-dian-che'),
  ('lesson-h6-aa-26', 'v-h6-dian-dong'),
  ('lesson-h6-aa-26', 'v-h6-dian-li'),
  ('lesson-h6-aa-26', 'v-h6-dian-qi'),
  ('lesson-h6-aa-26', 'v-h6-diao'),
  ('lesson-h6-aa-26', 'v-h6-die'),
  ('lesson-h6-aa-26', 'v-h6-ding-jia'),
  ('lesson-h6-aa-26', 'v-h6-ding-shi'),
  ('lesson-h6-aa-27', 'v-h6-ding-wei'),
  ('lesson-h6-aa-27', 'v-h6-dong-hua'),
  ('lesson-h6-aa-27', 'v-h6-du-shi'),
  ('lesson-h6-aa-27', 'v-h6-dou-zheng'),
  ('lesson-h6-aa-27', 'v-h6-du-pin'),
  ('lesson-h6-aa-27', 'v-h6-du'),
  ('lesson-h6-aa-27', 'v-h6-du-bo'),
  ('lesson-h6-aa-27', 'v-h6-du-2'),
  ('lesson-h6-aa-28', 'v-h6-duan'),
  ('lesson-h6-aa-28', 'v-h6-duan-wu-jie'),
  ('lesson-h6-aa-28', 'v-h6-duan-pian'),
  ('lesson-h6-aa-28', 'v-h6-dui-wu'),
  ('lesson-h6-aa-28', 'v-h6-dui-kang'),
  ('lesson-h6-aa-28', 'v-h6-dui-wai'),
  ('lesson-h6-aa-28', 'v-h6-dun'),
  ('lesson-h6-aa-28', 'v-h6-duo-ban'),
  ('lesson-h6-aa-29', 'v-h6-duo-fang-mian'),
  ('lesson-h6-aa-29', 'v-h6-duo-mei-ti'),
  ('lesson-h6-aa-29', 'v-h6-duo'),
  ('lesson-h6-aa-29', 'v-h6-duo-qu'),
  ('lesson-h6-aa-29', 'v-h6-en-ren'),
  ('lesson-h6-aa-29', 'v-h6-er-ke'),
  ('lesson-h6-aa-29', 'v-h6-fa-bing'),
  ('lesson-h6-aa-29', 'v-h6-fa-dian'),
  ('lesson-h6-aa-30', 'v-h6-fa-fang'),
  ('lesson-h6-aa-30', 'v-h6-fa-nu'),
  ('lesson-h6-aa-30', 'v-h6-fa-qi'),
  ('lesson-h6-aa-30', 'v-h6-fa-yan-ren'),
  ('lesson-h6-aa-30', 'v-h6-fa-yan'),
  ('lesson-h6-aa-30', 'v-h6-fa-yu'),
  ('lesson-h6-aa-30', 'v-h6-pan'),
  ('lesson-h6-aa-30', 'v-h6-fan-qie'),
  ('lesson-h6-aa-31', 'v-h6-fan-shi'),
  ('lesson-h6-aa-31', 'v-h6-fan-zhi'),
  ('lesson-h6-aa-31', 'v-h6-fan-kang'),
  ('lesson-h6-aa-31', 'v-h6-fan-wen'),
  ('lesson-h6-aa-31', 'v-h6-fan-xiang'),
  ('lesson-h6-aa-31', 'v-h6-fan-gui'),
  ('lesson-h6-aa-31', 'v-h6-fang-fan'),
  ('lesson-h6-aa-31', 'v-h6-fang-jia'),
  ('lesson-h6-aa-32', 'v-h6-fang-fu'),
  ('lesson-h6-aa-32', 'v-h6-fei-chuan'),
  ('lesson-h6-aa-32', 'v-h6-fei-xing-yuan'),
  ('lesson-h6-aa-32', 'v-h6-fei'),
  ('lesson-h6-aa-32', 'v-h6-fen-gong'),
  ('lesson-h6-aa-32', 'v-h6-fen-lie'),
  ('lesson-h6-aa-32', 'v-h6-fen-nu'),
  ('lesson-h6-aa-32', 'v-h6-feng-bao'),
  ('lesson-h6-aa-33', 'v-h6-feng-hui'),
  ('lesson-h6-aa-33', 'v-h6-feng-xian'),
  ('lesson-h6-aa-33', 'v-h6-fo'),
  ('lesson-h6-aa-33', 'v-h6-fo-jiao'),
  ('lesson-h6-aa-33', 'v-h6-fu'),
  ('lesson-h6-aa-33', 'v-h6-fu-2'),
  ('lesson-h6-aa-33', 'v-h6-fu-nu'),
  ('lesson-h6-aa-33', 'v-h6-fu-zi'),
  ('lesson-h6-aa-34', 'v-h6-fu-nu-2'),
  ('lesson-h6-aa-34', 'v-h6-fu-3'),
  ('lesson-h6-aa-34', 'v-h6-fu-su'),
  ('lesson-h6-aa-34', 'v-h6-fu-4'),
  ('lesson-h6-aa-34', 'v-h6-fu-ren'),
  ('lesson-h6-aa-34', 'v-h6-gai-zhuang'),
  ('lesson-h6-aa-34', 'v-h6-gan'),
  ('lesson-h6-aa-34', 'v-h6-gan-2'),
  ('lesson-h6-aa-35', 'v-h6-gan-bu-shang'),
  ('lesson-h6-aa-35', 'v-h6-gan-mang'),
  ('lesson-h6-aa-35', 'v-h6-gan-shang'),
  ('lesson-h6-aa-35', 'v-h6-gan-yu'),
  ('lesson-h6-aa-35', 'v-h6-gan-ren'),
  ('lesson-h6-aa-35', 'v-h6-gan-she'),
  ('lesson-h6-aa-35', 'v-h6-gang-hao'),
  ('lesson-h6-aa-35', 'v-h6-gang-wei'),
  ('lesson-h6-aa-36', 'v-h6-gang-kou'),
  ('lesson-h6-aa-36', 'v-h6-gao-ceng'),
  ('lesson-h6-aa-36', 'v-h6-gao-dang'),
  ('lesson-h6-aa-36', 'v-h6-gao-deng'),
  ('lesson-h6-aa-36', 'v-h6-gao-feng'),
  ('lesson-h6-aa-36', 'v-h6-gao-kao'),
  ('lesson-h6-aa-36', 'v-h6-gao-ke-ji'),
  ('lesson-h6-aa-36', 'v-h6-gao-shou'),
  ('lesson-h6-aa-37', 'v-h6-gao-zi'),
  ('lesson-h6-aa-37', 'v-h6-ge-chang'),
  ('lesson-h6-aa-37', 'v-h6-ge-ci'),
  ('lesson-h6-aa-37', 'v-h6-ge-xing'),
  ('lesson-h6-aa-37', 'v-h6-ge-xin'),
  ('lesson-h6-aa-37', 'v-h6-ji-yu'),
  ('lesson-h6-aa-37', 'v-h6-geng-shi'),
  ('lesson-h6-aa-37', 'v-h6-gong-shang'),
  ('lesson-h6-aa-38', 'v-h6-gong'),
  ('lesson-h6-aa-38', 'v-h6-gong-an'),
  ('lesson-h6-aa-38', 'v-h6-gong-ji'),
  ('lesson-h6-aa-38', 'v-h6-gong-zhong'),
  ('lesson-h6-aa-38', 'v-h6-gong-zhu'),
  ('lesson-h6-aa-38', 'v-h6-gong-ji-2'),
  ('lesson-h6-aa-38', 'v-h6-gong-ji-3'),
  ('lesson-h6-aa-38', 'v-h6-gong-2'),
  ('lesson-h6-aa-39', 'v-h6-gong-gu'),
  ('lesson-h6-aa-39', 'v-h6-gong-xian'),
  ('lesson-h6-aa-39', 'v-h6-gu-gu'),
  ('lesson-h6-aa-39', 'v-h6-gu-du'),
  ('lesson-h6-aa-39', 'v-h6-gu-er'),
  ('lesson-h6-aa-39', 'v-h6-gu-dian'),
  ('lesson-h6-aa-39', 'v-h6-gu'),
  ('lesson-h6-aa-39', 'v-h6-gu-dong'),
  ('lesson-h6-aa-40', 'v-h6-gu-piao'),
  ('lesson-h6-aa-40', 'v-h6-gu-zhang'),
  ('lesson-h6-aa-40', 'v-h6-gu-2'),
  ('lesson-h6-aa-40', 'v-h6-gua'),
  ('lesson-h6-aa-40', 'v-h6-guai'),
  ('lesson-h6-aa-40', 'v-h6-guan-ai'),
  ('lesson-h6-aa-40', 'v-h6-guan-lian'),
  ('lesson-h6-aa-40', 'v-h6-guan-guang'),
  ('lesson-h6-aa-41', 'v-h6-guan-si'),
  ('lesson-h6-aa-41', 'v-h6-guan-dao'),
  ('lesson-h6-aa-41', 'v-h6-guang-hui'),
  ('lesson-h6-aa-41', 'v-h6-guang-kuo'),
  ('lesson-h6-aa-41', 'v-h6-gui-dao'),
  ('lesson-h6-aa-41', 'v-h6-gui'),
  ('lesson-h6-aa-41', 'v-h6-guo-chan'),
  ('lesson-h6-aa-41', 'v-h6-guo-ge'),
  ('lesson-h6-aa-42', 'v-h6-guo-hui'),
  ('lesson-h6-aa-42', 'v-h6-guo-qi'),
  ('lesson-h6-aa-42', 'v-h6-guo-wang'),
  ('lesson-h6-aa-42', 'v-h6-guo-jiang'),
  ('lesson-h6-aa-42', 'v-h6-guo-shu'),
  ('lesson-h6-aa-42', 'v-h6-guo-du'),
  ('lesson-h6-aa-42', 'v-h6-guo-hou'),
  ('lesson-h6-aa-42', 'v-h6-guo-shi'),
  ('lesson-h6-aa-43', 'v-h6-hai-bao'),
  ('lesson-h6-aa-43', 'v-h6-hai-di'),
  ('lesson-h6-aa-43', 'v-h6-hai-jun'),
  ('lesson-h6-aa-43', 'v-h6-hai-lang'),
  ('lesson-h6-aa-43', 'v-h6-hai-wai'),
  ('lesson-h6-aa-43', 'v-h6-hai-wan'),
  ('lesson-h6-aa-43', 'v-h6-hai-yang'),
  ('lesson-h6-aa-43', 'v-h6-hao-bu-rong-yi'),
  ('lesson-h6-aa-44', 'v-h6-hao-rong-yi'),
  ('lesson-h6-aa-44', 'v-h6-hao-si'),
  ('lesson-h6-aa-44', 'v-h6-hao-xue'),
  ('lesson-h6-aa-44', 'v-h6-hao-zhuan'),
  ('lesson-h6-aa-44', 'v-h6-he-yue'),
  ('lesson-h6-aa-44', 'v-h6-he-xie'),
  ('lesson-h6-aa-44', 'v-h6-he-xin'),
  ('lesson-h6-aa-44', 'v-h6-hei-ye'),
  ('lesson-h6-aa-45', 'v-h6-hen-nanshuo'),
  ('lesson-h6-aa-45', 'v-h6-hen'),
  ('lesson-h6-aa-45', 'v-h6-heng'),
  ('lesson-h6-aa-45', 'v-h6-heng-liang'),
  ('lesson-h6-aa-45', 'v-h6-hong-da'),
  ('lesson-h6-aa-45', 'v-h6-hong-shui'),
  ('lesson-h6-aa-45', 'v-h6-hu-lu-e'),
  ('lesson-h6-aa-45', 'v-h6-hu'),
  ('lesson-h6-aa-46', 'v-h6-hu-dong'),
  ('lesson-h6-aa-46', 'v-h6-hu-wai'),
  ('lesson-h6-aa-46', 'v-h6-hu-2'),
  ('lesson-h6-aa-46', 'v-h6-hua-fei'),
  ('lesson-h6-aa-46', 'v-h6-hua-ping'),
  ('lesson-h6-aa-46', 'v-h6-hua-sheng'),
  ('lesson-h6-aa-46', 'v-h6-hua-jie'),
  ('lesson-h6-aa-46', 'v-h6-huan-xiang'),
  ('lesson-h6-aa-47', 'v-h6-huan-zhe'),
  ('lesson-h6-aa-47', 'v-h6-huang-di'),
  ('lesson-h6-aa-47', 'v-h6-hui-ying'),
  ('lesson-h6-aa-47', 'v-h6-hui'),
  ('lesson-h6-aa-47', 'v-h6-hui-jian'),
  ('lesson-h6-aa-47', 'v-h6-hui-zhang'),
  ('lesson-h6-aa-47', 'v-h6-hui-hua'),
  ('lesson-h6-aa-47', 'v-h6-hun'),
  ('lesson-h6-aa-48', 'v-h6-hun-2'),
  ('lesson-h6-aa-48', 'v-h6-hun-he'),
  ('lesson-h6-aa-48', 'v-h6-hun-luan'),
  ('lesson-h6-aa-48', 'v-h6-huo-yue'),
  ('lesson-h6-aa-48', 'v-h6-huo-jian'),
  ('lesson-h6-aa-48', 'v-h6-ji-dong-che'),
  ('lesson-h6-aa-48', 'v-h6-ji-guan'),
  ('lesson-h6-aa-48', 'v-h6-ji-xie'),
  ('lesson-h6-aa-49', 'v-h6-ji-du-jiao'),
  ('lesson-h6-aa-49', 'v-h6-ji-qing'),
  ('lesson-h6-aa-49', 'v-h6-ji-li'),
  ('lesson-h6-aa-49', 'v-h6-ji-xiang'),
  ('lesson-h6-aa-49', 'v-h6-ji-duan'),
  ('lesson-h6-aa-49', 'v-h6-ji-jiu'),
  ('lesson-h6-aa-49', 'v-h6-ji-bing'),
  ('lesson-h6-aa-49', 'v-h6-ji'),
  ('lesson-h6-aa-50', 'v-h6-jia-meng'),
  ('lesson-h6-aa-50', 'v-h6-qie-zi'),
  ('lesson-h6-aa-50', 'v-h6-jia-dian'),
  ('lesson-h6-aa-50', 'v-h6-jia-yuan'),
  ('lesson-h6-aa-50', 'v-h6-jia-bin'),
  ('lesson-h6-aa-50', 'v-h6-jia-ri'),
  ('lesson-h6-aa-50', 'v-h6-jian'),
  ('lesson-h6-aa-50', 'v-h6-jian-ce'),
  ('lesson-h6-aa-51', 'v-h6-jian-du'),
  ('lesson-h6-aa-51', 'v-h6-jian-2'),
  ('lesson-h6-aa-51', 'v-h6-jian-jie'),
  ('lesson-h6-aa-51', 'v-h6-jian-3'),
  ('lesson-h6-aa-51', 'v-h6-jian-ding'),
  ('lesson-h6-aa-51', 'v-h6-jian-4'),
  ('lesson-h6-aa-51', 'v-h6-jiang-jun'),
  ('lesson-h6-aa-51', 'v-h6-jiang-ke'),
  ('lesson-h6-aa-52', 'v-h6-jiang'),
  ('lesson-h6-aa-52', 'v-h6-jiang-you'),
  ('lesson-h6-aa-52', 'v-h6-jiao-ao'),
  ('lesson-h6-aa-52', 'v-h6-jiao-dian'),
  ('lesson-h6-aa-52', 'v-h6-jiao-yin'),
  ('lesson-h6-aa-52', 'v-h6-jiao-tang'),
  ('lesson-h6-aa-52', 'v-h6-jiao-yu-bu'),
  ('lesson-h6-aa-52', 'v-h6-jie-shou'),
  ('lesson-h6-aa-53', 'v-h6-jie'),
  ('lesson-h6-aa-53', 'v-h6-jie-tou'),
  ('lesson-h6-aa-53', 'v-h6-jie-jia-ri'),
  ('lesson-h6-aa-53', 'v-h6-jie-neng'),
  ('lesson-h6-aa-53', 'v-h6-jie-zou'),
  ('lesson-h6-aa-53', 'v-h6-jie-chu'),
  ('lesson-h6-aa-53', 'v-h6-jie-zhi'),
  ('lesson-h6-aa-53', 'v-h6-jie-zhi-2'),
  ('lesson-h6-aa-54', 'v-h6-xie'),
  ('lesson-h6-aa-54', 'v-h6-jie-shuo'),
  ('lesson-h6-aa-54', 'v-h6-jie-2'),
  ('lesson-h6-aa-54', 'v-h6-jie-jian'),
  ('lesson-h6-aa-54', 'v-h6-jin-e'),
  ('lesson-h6-aa-54', 'v-h6-jin-qian'),
  ('lesson-h6-aa-54', 'v-h6-jin-rong'),
  ('lesson-h6-aa-54', 'v-h6-jin'),
  ('lesson-h6-aa-55', 'v-h6-jin-ri'),
  ('lesson-h6-aa-55', 'v-h6-jin-shi'),
  ('lesson-h6-aa-55', 'v-h6-jin-gong'),
  ('lesson-h6-aa-55', 'v-h6-jing-ren'),
  ('lesson-h6-aa-55', 'v-h6-jing-xi'),
  ('lesson-h6-aa-55', 'v-h6-jing-mei'),
  ('lesson-h6-aa-55', 'v-h6-jing-pin'),
  ('lesson-h6-aa-55', 'v-h6-jing'),
  ('lesson-h6-aa-56', 'v-h6-jing-2'),
  ('lesson-h6-aa-56', 'v-h6-jing-dian'),
  ('lesson-h6-aa-56', 'v-h6-jing-3'),
  ('lesson-h6-aa-56', 'v-h6-jiu-fen'),
  ('lesson-h6-aa-56', 'v-h6-jiu-zheng'),
  ('lesson-h6-aa-56', 'v-h6-jiu-shui'),
  ('lesson-h6-aa-56', 'v-h6-jiu-ming'),
  ('lesson-h6-aa-56', 'v-h6-jiu-yuan'),
  ('lesson-h6-aa-57', 'v-h6-jiu-zhu'),
  ('lesson-h6-aa-57', 'v-h6-jiu-shi-shuo'),
  ('lesson-h6-aa-57', 'v-h6-jiu-suan'),
  ('lesson-h6-aa-57', 'v-h6-ju'),
  ('lesson-h6-aa-57', 'v-h6-ju-2'),
  ('lesson-h6-aa-57', 'v-h6-juan'),
  ('lesson-h6-aa-57', 'v-h6-juan-kuan'),
  ('lesson-h6-aa-57', 'v-h6-juan-zeng'),
  ('lesson-h6-aa-58', 'v-h6-juan-zhu'),
  ('lesson-h6-aa-58', 'v-h6-jue-ce'),
  ('lesson-h6-aa-58', 'v-h6-jue'),
  ('lesson-h6-aa-58', 'v-h6-jue-da-duo-shu'),
  ('lesson-h6-aa-58', 'v-h6-jiao'),
  ('lesson-h6-aa-58', 'v-h6-jue-wu'),
  ('lesson-h6-aa-58', 'v-h6-jun-dui'),
  ('lesson-h6-aa-58', 'v-h6-jun-jian'),
  ('lesson-h6-aa-59', 'v-h6-jun-shi'),
  ('lesson-h6-aa-59', 'v-h6-kai-chuang'),
  ('lesson-h6-aa-59', 'v-h6-kai-guan'),
  ('lesson-h6-aa-59', 'v-h6-kai-she'),
  ('lesson-h6-aa-59', 'v-h6-kai-tong'),
  ('lesson-h6-aa-59', 'v-h6-kai-tou'),
  ('lesson-h6-aa-59', 'v-h6-kai-ye-che'),
  ('lesson-h6-aa-59', 'v-h6-kan-de-jian'),
  ('lesson-h6-aa-60', 'v-h6-kan-de-qi'),
  ('lesson-h6-aa-60', 'v-h6-kan-guan'),
  ('lesson-h6-aa-60', 'v-h6-kan-hao'),
  ('lesson-h6-aa-60', 'v-h6-kan-zuo'),
  ('lesson-h6-aa-60', 'v-h6-kang-fu'),
  ('lesson-h6-aa-60', 'v-h6-kang-yi'),
  ('lesson-h6-aa-60', 'v-h6-kao-chang'),
  ('lesson-h6-aa-60', 'v-h6-kao-ti'),
  ('lesson-h6-aa-61', 'v-h6-ke-yan'),
  ('lesson-h6-aa-61', 'v-h6-ke-che'),
  ('lesson-h6-aa-61', 'v-h6-ken'),
  ('lesson-h6-aa-61', 'v-h6-kong-jun'),
  ('lesson-h6-aa-61', 'v-h6-kou-shi'),
  ('lesson-h6-aa-61', 'v-h6-kou'),
  ('lesson-h6-aa-61', 'v-h6-ku'),
  ('lesson-h6-aa-61', 'v-h6-kua'),
  ('lesson-h6-aa-62', 'v-h6-kuai-che'),
  ('lesson-h6-aa-62', 'v-h6-kuan-kuo'),
  ('lesson-h6-aa-62', 'v-h6-kuang'),
  ('lesson-h6-aa-62', 'v-h6-kuo'),
  ('lesson-h6-aa-62', 'v-h6-la'),
  ('lesson-h6-aa-62', 'v-h6-lai-wang'),
  ('lesson-h6-aa-62', 'v-h6-lai'),
  ('lesson-h6-aa-62', 'v-h6-lan-ling'),
  ('lesson-h6-aa-63', 'v-h6-lan-tian'),
  ('lesson-h6-aa-63', 'v-h6-lan'),
  ('lesson-h6-aa-63', 'v-h6-lao'),
  ('lesson-h6-aa-63', 'v-h6-lao-xiang'),
  ('lesson-h6-aa-63', 'v-h6-yue-qu'),
  ('lesson-h6-aa-63', 'v-h6-leng-qi'),
  ('lesson-h6-aa-63', 'v-h6-leng-shui'),
  ('lesson-h6-aa-63', 'v-h6-li-tang'),
  ('lesson-h6-aa-64', 'v-h6-li'),
  ('lesson-h6-aa-64', 'v-h6-li-cai'),
  ('lesson-h6-aa-64', 'v-h6-li-zhi'),
  ('lesson-h6-aa-64', 'v-h6-li-2'),
  ('lesson-h6-aa-64', 'v-h6-lian-meng'),
  ('lesson-h6-aa-64', 'v-h6-lian-sai'),
  ('lesson-h6-aa-64', 'v-h6-lian-shou'),
  ('lesson-h6-aa-64', 'v-h6-liang-xie'),
  ('lesson-h6-aa-65', 'v-h6-liang-ce'),
  ('lesson-h6-aa-65', 'v-h6-liang-shou'),
  ('lesson-h6-aa-65', 'v-h6-liao'),
  ('lesson-h6-aa-65', 'v-h6-liao-tian-r'),
  ('lesson-h6-aa-65', 'v-h6-liao-2'),
  ('lesson-h6-aa-65', 'v-h6-lie'),
  ('lesson-h6-aa-65', 'v-h6-ling-huo'),
  ('lesson-h6-aa-65', 'v-h6-ling-qu'),
  ('lesson-h6-aa-66', 'v-h6-ling-xiu'),
  ('lesson-h6-aa-66', 'v-h6-ling'),
  ('lesson-h6-aa-66', 'v-h6-liu-gan'),
  ('lesson-h6-aa-66', 'v-h6-liu-yan'),
  ('lesson-h6-aa-66', 'v-h6-lou-dao'),
  ('lesson-h6-aa-66', 'v-h6-lou-fang'),
  ('lesson-h6-aa-66', 'v-h6-lu-jun'),
  ('lesson-h6-aa-66', 'v-h6-lu-xiang'),
  ('lesson-h6-aa-67', 'v-h6-lu-yin-ji'),
  ('lesson-h6-aa-67', 'v-h6-lu-guo'),
  ('lesson-h6-aa-67', 'v-h6-lu'),
  ('lesson-h6-aa-67', 'v-h6-lu-dian'),
  ('lesson-h6-aa-67', 'v-h6-lu-hua'),
  ('lesson-h6-aa-67', 'v-h6-ma-che'),
  ('lesson-h6-aa-67', 'v-h6-ma'),
  ('lesson-h6-aa-67', 'v-h6-mai'),
  ('lesson-h6-aa-68', 'v-h6-man-tou'),
  ('lesson-h6-aa-68', 'v-h6-man-che'),
  ('lesson-h6-aa-68', 'v-h6-mang-ren'),
  ('lesson-h6-aa-68', 'v-h6-mo-shou'),
  ('lesson-h6-aa-68', 'v-h6-mei-hua'),
  ('lesson-h6-aa-68', 'v-h6-mei-rong'),
  ('lesson-h6-aa-68', 'v-h6-meng'),
  ('lesson-h6-aa-68', 'v-h6-meng-2'),
  ('lesson-h6-aa-69', 'v-h6-mi-shu-zhang'),
  ('lesson-h6-aa-69', 'v-h6-mian'),
  ('lesson-h6-aa-69', 'v-h6-mian-de'),
  ('lesson-h6-aa-69', 'v-h6-mian-dui-mian'),
  ('lesson-h6-aa-69', 'v-h6-mian-xiang'),
  ('lesson-h6-aa-69', 'v-h6-miao'),
  ('lesson-h6-aa-69', 'v-h6-mie'),
  ('lesson-h6-aa-69', 'v-h6-min-ge'),
  ('lesson-h6-aa-70', 'v-h6-min-gong'),
  ('lesson-h6-aa-70', 'v-h6-min-jing'),
  ('lesson-h6-aa-70', 'v-h6-min-yi'),
  ('lesson-h6-aa-70', 'v-h6-min-zhu'),
  ('lesson-h6-aa-70', 'v-h6-ming-e'),
  ('lesson-h6-aa-70', 'v-h6-ming-sheng'),
  ('lesson-h6-aa-70', 'v-h6-ming-yi'),
  ('lesson-h6-aa-70', 'v-h6-ming-yu'),
  ('lesson-h6-aa-71', 'v-h6-ming-ri'),
  ('lesson-h6-aa-71', 'v-h6-ming'),
  ('lesson-h6-aa-71', 'v-h6-mo'),
  ('lesson-h6-aa-71', 'v-h6-mo-2'),
  ('lesson-h6-aa-71', 'v-h6-mo-shui'),
  ('lesson-h6-aa-71', 'v-h6-mu'),
  ('lesson-h6-aa-71', 'v-h6-mu-ji'),
  ('lesson-h6-aa-71', 'v-h6-mu-nu'),
  ('lesson-h6-aa-72', 'v-h6-mu-zi'),
  ('lesson-h6-aa-72', 'v-h6-mu-2'),
  ('lesson-h6-aa-72', 'v-h6-na-zou'),
  ('lesson-h6-aa-72', 'v-h6-nai-fen'),
  ('lesson-h6-aa-72', 'v-h6-nai-niu'),
  ('lesson-h6-aa-72', 'v-h6-nan-wang'),
  ('lesson-h6-aa-72', 'v-h6-nei-di'),
  ('lesson-h6-aa-72', 'v-h6-nei-wai'),
  ('lesson-h6-aa-73', 'v-h6-nei-yi'),
  ('lesson-h6-aa-73', 'v-h6-neng-fou'),
  ('lesson-h6-aa-73', 'v-h6-ni'),
  ('lesson-h6-aa-73', 'v-h6-niu'),
  ('lesson-h6-aa-73', 'v-h6-pai-hang-bang'),
  ('lesson-h6-aa-73', 'v-h6-pai-chu'),
  ('lesson-h6-aa-73', 'v-h6-pan-wang'),
  ('lesson-h6-aa-73', 'v-h6-pao'),
  ('lesson-h6-aa-74', 'v-h6-bao-2'),
  ('lesson-h6-aa-74', 'v-h6-pei-tong'),
  ('lesson-h6-aa-74', 'v-h6-pei-zhi'),
  ('lesson-h6-aa-74', 'v-h6-pi-qiu'),
  ('lesson-h6-aa-74', 'v-h6-pian-2'),
  ('lesson-h6-aa-74', 'v-h6-pin-kun'),
  ('lesson-h6-aa-74', 'v-h6-pin-pai'),
  ('lesson-h6-aa-74', 'v-h6-pin-qing'),
  ('lesson-h6-aa-75', 'v-h6-ping-fan'),
  ('lesson-h6-aa-75', 'v-h6-ping-fang-mi'),
  ('lesson-h6-aa-75', 'v-h6-ping-heng'),
  ('lesson-h6-aa-75', 'v-h6-ping-tai'),
  ('lesson-h6-aa-75', 'v-h6-ping'),
  ('lesson-h6-aa-75', 'v-h6-ping-xuan'),
  ('lesson-h6-aa-75', 'v-h6-ping-mu'),
  ('lesson-h6-aa-75', 'v-h6-po'),
  ('lesson-h6-aa-76', 'v-h6-pu'),
  ('lesson-h6-aa-76', 'v-h6-pu-2'),
  ('lesson-h6-aa-76', 'v-h6-qi-fu'),
  ('lesson-h6-aa-76', 'v-h6-qi-miao'),
  ('lesson-h6-aa-76', 'v-h6-qi-tu'),
  ('lesson-h6-aa-76', 'v-h6-qi-dian'),
  ('lesson-h6-aa-76', 'v-h6-qi-su'),
  ('lesson-h6-aa-76', 'v-h6-qi-fen'),
  ('lesson-h6-aa-77', 'v-h6-qia-dang'),
  ('lesson-h6-aa-77', 'v-h6-qia-hao'),
  ('lesson-h6-aa-77', 'v-h6-qia-qia'),
  ('lesson-h6-aa-77', 'v-h6-qian'),
  ('lesson-h6-aa-77', 'v-h6-qian-bi'),
  ('lesson-h6-aa-77', 'v-h6-qian-xu'),
  ('lesson-h6-aa-77', 'v-h6-qian-fang'),
  ('lesson-h6-aa-77', 'v-h6-qian-lai'),
  ('lesson-h6-aa-78', 'v-h6-qian-li'),
  ('lesson-h6-aa-78', 'v-h6-qiang-dao'),
  ('lesson-h6-aa-78', 'v-h6-qiang-hua'),
  ('lesson-h6-aa-78', 'v-h6-qiang-shi'),
  ('lesson-h6-aa-78', 'v-h6-qiang-zhuang'),
  ('lesson-h6-aa-78', 'v-h6-qiao-liang'),
  ('lesson-h6-aa-78', 'v-h6-qiao-miao'),
  ('lesson-h6-aa-78', 'v-h6-qie-shi'),
  ('lesson-h6-aa-79', 'v-h6-qin-shu'),
  ('lesson-h6-aa-79', 'v-h6-qin-yan'),
  ('lesson-h6-aa-79', 'v-h6-qin-fan'),
  ('lesson-h6-aa-79', 'v-h6-qing-xiang'),
  ('lesson-h6-aa-79', 'v-h6-qing'),
  ('lesson-h6-aa-79', 'v-h6-qing-jie'),
  ('lesson-h6-aa-79', 'v-h6-qing-jie-gong'),
  ('lesson-h6-aa-79', 'v-h6-qing-ming-jie'),
  ('lesson-h6-aa-80', 'v-h6-qing-xi'),
  ('lesson-h6-aa-80', 'v-h6-qing-xu'),
  ('lesson-h6-aa-80', 'v-h6-qiu-zhi'),
  ('lesson-h6-aa-80', 'v-h6-qiu-pai'),
  ('lesson-h6-aa-80', 'v-h6-qiu-xing'),
  ('lesson-h6-aa-80', 'v-h6-qiu-yuan'),
  ('lesson-h6-aa-80', 'v-h6-qu-fen'),
  ('lesson-h6-aa-80', 'v-h6-qu-dao'),
  ('lesson-h6-aa-81', 'v-h6-qu-kuan'),
  ('lesson-h6-aa-81', 'v-h6-qu-kuan-ji'),
  ('lesson-h6-aa-81', 'v-h6-qu-diao'),
  ('lesson-h6-aa-81', 'v-h6-quan-li'),
  ('lesson-h6-aa-81', 'v-h6-quan-xin'),
  ('lesson-h6-aa-81', 'v-h6-quan'),
  ('lesson-h6-aa-81', 'v-h6-quan-li-2'),
  ('lesson-h6-aa-81', 'v-h6-quan-2'),
  ('lesson-h6-aa-82', 'v-h6-que-xian'),
  ('lesson-h6-aa-82', 'v-h6-que-shi'),
  ('lesson-h6-aa-82', 'v-h6-rang-zuo'),
  ('lesson-h6-aa-82', 'v-h6-re-dian'),
  ('lesson-h6-aa-82', 'v-h6-re-shui'),
  ('lesson-h6-aa-82', 'v-h6-re-shui-qi'),
  ('lesson-h6-aa-82', 'v-h6-re-xian'),
  ('lesson-h6-aa-82', 'v-h6-ren-quan'),
  ('lesson-h6-aa-83', 'v-h6-ren-tong'),
  ('lesson-h6-aa-83', 'v-h6-ri-ye'),
  ('lesson-h6-aa-83', 'v-h6-ri-yu'),
  ('lesson-h6-aa-83', 'v-h6-rong-he'),
  ('lesson-h6-aa-83', 'v-h6-rong-ru'),
  ('lesson-h6-aa-83', 'v-h6-ru'),
  ('lesson-h6-aa-83', 'v-h6-ru-yi'),
  ('lesson-h6-aa-83', 'v-h6-ru-zhi-pin'),
  ('lesson-h6-aa-84', 'v-h6-ru-2'),
  ('lesson-h6-aa-84', 'v-h6-ru-xue'),
  ('lesson-h6-aa-84', 'v-h6-ruo'),
  ('lesson-h6-aa-84', 'v-h6-sai'),
  ('lesson-h6-aa-84', 'v-h6-sai-2'),
  ('lesson-h6-aa-84', 'v-h6-sai-chang'),
  ('lesson-h6-aa-84', 'v-h6-san-ming-zhi'),
  ('lesson-h6-aa-84', 'v-h6-sang-shi'),
  ('lesson-h6-aa-85', 'v-h6-shan-feng'),
  ('lesson-h6-aa-85', 'v-h6-shan-gu'),
  ('lesson-h6-aa-85', 'v-h6-shan-po'),
  ('lesson-h6-aa-85', 'v-h6-shang-kou'),
  ('lesson-h6-aa-85', 'v-h6-shang-wang'),
  ('lesson-h6-aa-85', 'v-h6-shang-yuan'),
  ('lesson-h6-aa-85', 'v-h6-shang-cheng'),
  ('lesson-h6-aa-85', 'v-h6-shang-ban-zu'),
  ('lesson-h6-aa-86', 'v-h6-shang-dang'),
  ('lesson-h6-aa-86', 'v-h6-shang-di'),
  ('lesson-h6-aa-86', 'v-h6-shang-shi'),
  ('lesson-h6-aa-86', 'v-h6-shang-tai'),
  ('lesson-h6-aa-86', 'v-h6-shang-yan'),
  ('lesson-h6-aa-86', 'v-h6-shao'),
  ('lesson-h6-aa-86', 'v-h6-shao-er'),
  ('lesson-h6-aa-86', 'v-h6-she-tou'),
  ('lesson-h6-aa-87', 'v-h6-she-ji-shi'),
  ('lesson-h6-aa-87', 'v-h6-she-ji'),
  ('lesson-h6-aa-87', 'v-h6-shen-hua'),
  ('lesson-h6-aa-87', 'v-h6-shen-shen'),
  ('lesson-h6-aa-87', 'v-h6-shen-cha'),
  ('lesson-h6-aa-87', 'v-h6-sheng-ji'),
  ('lesson-h6-aa-87', 'v-h6-sheng-xue'),
  ('lesson-h6-aa-87', 'v-h6-sheng-zhi'),
  ('lesson-h6-aa-88', 'v-h6-sheng-huo-fei'),
  ('lesson-h6-aa-88', 'v-h6-sheng-qian'),
  ('lesson-h6-aa-88', 'v-h6-sheng-dan-jie'),
  ('lesson-h6-aa-88', 'v-h6-sheng-xing'),
  ('lesson-h6-aa-88', 'v-h6-shi-fu'),
  ('lesson-h6-aa-88', 'v-h6-shi-sheng'),
  ('lesson-h6-aa-88', 'v-h6-shi-er'),
  ('lesson-h6-aa-88', 'v-h6-shi-jie'),
  ('lesson-h6-aa-89', 'v-h6-shi-qi'),
  ('lesson-h6-aa-89', 'v-h6-shi-shi'),
  ('lesson-h6-aa-89', 'v-h6-shi-zhuang'),
  ('lesson-h6-aa-89', 'v-h6-shi'),
  ('lesson-h6-aa-89', 'v-h6-shi-zi'),
  ('lesson-h6-aa-89', 'v-h6-shi-jian'),
  ('lesson-h6-aa-89', 'v-h6-shi-yu'),
  ('lesson-h6-aa-89', 'v-h6-shi-min'),
  ('lesson-h6-aa-90', 'v-h6-shi-hou'),
  ('lesson-h6-aa-90', 'v-h6-shi-dian'),
  ('lesson-h6-aa-90', 'v-h6-shi-dang'),
  ('lesson-h6-aa-90', 'v-h6-shou-cang'),
  ('lesson-h6-aa-90', 'v-h6-shou-qu'),
  ('lesson-h6-aa-90', 'v-h6-shou-yang'),
  ('lesson-h6-aa-90', 'v-h6-shou-xu-fei'),
  ('lesson-h6-aa-90', 'v-h6-shou-ci'),
  ('lesson-h6-aa-91', 'v-h6-shou-nao'),
  ('lesson-h6-aa-91', 'v-h6-shou-xi'),
  ('lesson-h6-aa-91', 'v-h6-shou-xiang'),
  ('lesson-h6-aa-91', 'v-h6-shu-fang'),
  ('lesson-h6-aa-91', 'v-h6-shu-pian'),
  ('lesson-h6-aa-91', 'v-h6-shu-tiao'),
  ('lesson-h6-aa-91', 'v-h6-shuang-da'),
  ('lesson-h6-aa-91', 'v-h6-shuang'),
  ('lesson-h6-aa-92', 'v-h6-shui-ni'),
  ('lesson-h6-aa-92', 'v-h6-shui'),
  ('lesson-h6-aa-92', 'v-h6-shun'),
  ('lesson-h6-aa-92', 'v-h6-shuo-ming-shu'),
  ('lesson-h6-aa-92', 'v-h6-shuo-shi-hua'),
  ('lesson-h6-aa-92', 'v-h6-si-zhang'),
  ('lesson-h6-aa-92', 'v-h6-si-wang'),
  ('lesson-h6-aa-92', 'v-h6-si-chu'),
  ('lesson-h6-aa-93', 'v-h6-si'),
  ('lesson-h6-aa-93', 'v-h6-song-li'),
  ('lesson-h6-aa-93', 'v-h6-song-xing'),
  ('lesson-h6-aa-93', 'v-h6-su-zhi'),
  ('lesson-h6-aa-93', 'v-h6-suan-le'),
  ('lesson-h6-aa-93', 'v-h6-suan-shi'),
  ('lesson-h6-aa-93', 'v-h6-sui'),
  ('lesson-h6-aa-93', 'v-h6-sui-shu'),
  ('lesson-h6-aa-94', 'v-h6-ta'),
  ('lesson-h6-aa-94', 'v-h6-ta-2'),
  ('lesson-h6-aa-94', 'v-h6-ta-shi'),
  ('lesson-h6-aa-94', 'v-h6-tai-deng'),
  ('lesson-h6-aa-94', 'v-h6-tai-yang-neng'),
  ('lesson-h6-aa-94', 'v-h6-tan-qi'),
  ('lesson-h6-aa-94', 'v-h6-tan-suo'),
  ('lesson-h6-aa-94', 'v-h6-tang'),
  ('lesson-h6-aa-95', 'v-h6-tao'),
  ('lesson-h6-aa-95', 'v-h6-te'),
  ('lesson-h6-aa-95', 'v-h6-te-da'),
  ('lesson-h6-aa-95', 'v-h6-te-di'),
  ('lesson-h6-aa-95', 'v-h6-te-kuai'),
  ('lesson-h6-aa-95', 'v-h6-te-yi'),
  ('lesson-h6-aa-95', 'v-h6-teng-tong'),
  ('lesson-h6-aa-95', 'v-h6-ti'),
  ('lesson-h6-aa-96', 'v-h6-ti-jiao'),
  ('lesson-h6-aa-96', 'v-h6-ti-sheng'),
  ('lesson-h6-aa-96', 'v-h6-tian-ran'),
  ('lesson-h6-aa-96', 'v-h6-tian-tang'),
  ('lesson-h6-aa-96', 'v-h6-tian-xia'),
  ('lesson-h6-aa-96', 'v-h6-tian'),
  ('lesson-h6-aa-96', 'v-h6-tian-2'),
  ('lesson-h6-aa-96', 'v-h6-tian-jing'),
  ('lesson-h6-aa-97', 'v-h6-tiao-shui'),
  ('lesson-h6-aa-97', 'v-h6-ting-qu'),
  ('lesson-h6-aa-97', 'v-h6-tong-bao'),
  ('lesson-h6-aa-97', 'v-h6-tong-dao'),
  ('lesson-h6-aa-97', 'v-h6-tong-hong'),
  ('lesson-h6-aa-97', 'v-h6-tong-hua'),
  ('lesson-h6-aa-97', 'v-h6-tong-xing'),
  ('lesson-h6-aa-97', 'v-h6-tong-xun'),
  ('lesson-h6-aa-98', 'v-h6-tong'),
  ('lesson-h6-aa-98', 'v-h6-tong-bao-2'),
  ('lesson-h6-aa-98', 'v-h6-tong-qi'),
  ('lesson-h6-aa-98', 'v-h6-tong-hang'),
  ('lesson-h6-aa-98', 'v-h6-tong-yi'),
  ('lesson-h6-aa-98', 'v-h6-tong-pai'),
  ('lesson-h6-aa-98', 'v-h6-tou-teng'),
  ('lesson-h6-aa-98', 'v-h6-tou-piao'),
  ('lesson-h6-aa-99', 'v-h6-tou-lu'),
  ('lesson-h6-aa-99', 'v-h6-tu-shu'),
  ('lesson-h6-aa-99', 'v-h6-tu-di'),
  ('lesson-h6-aa-99', 'v-h6-tu-jing'),
  ('lesson-h6-aa-99', 'v-h6-tuan-dui'),
  ('lesson-h6-aa-99', 'v-h6-tui-chu'),
  ('lesson-h6-aa-99', 'v-h6-tui-piao'),
  ('lesson-h6-aa-99', 'v-h6-tun'),
  ('lesson-h6-aa-100', 'v-h6-tuo'),
  ('lesson-h6-aa-100', 'v-h6-tuo-2'),
  ('lesson-h6-aa-100', 'v-h6-tuo-xie'),
  ('lesson-h6-aa-100', 'v-h6-wa'),
  ('lesson-h6-aa-100', 'v-h6-wa-wa'),
  ('lesson-h6-aa-100', 'v-h6-wa-2'),
  ('lesson-h6-aa-100', 'v-h6-wai-bi'),
  ('lesson-h6-aa-100', 'v-h6-wai-bu'),
  ('lesson-h6-aa-101', 'v-h6-wai-chu'),
  ('lesson-h6-aa-101', 'v-h6-wai-guan'),
  ('lesson-h6-aa-101', 'v-h6-wai-ke'),
  ('lesson-h6-aa-101', 'v-h6-wai-lai'),
  ('lesson-h6-aa-101', 'v-h6-wai-tou'),
  ('lesson-h6-aa-101', 'v-h6-wai-yi'),
  ('lesson-h6-aa-101', 'v-h6-wai-zi'),
  ('lesson-h6-aa-101', 'v-h6-wan-qu'),
  ('lesson-h6-aa-102', 'v-h6-wan-pi'),
  ('lesson-h6-aa-102', 'v-h6-wan-qiang'),
  ('lesson-h6-aa-102', 'v-h6-wang-hou'),
  ('lesson-h6-aa-102', 'v-h6-wang-zi'),
  ('lesson-h6-aa-102', 'v-h6-wang-ba'),
  ('lesson-h6-aa-102', 'v-h6-wang-ye'),
  ('lesson-h6-aa-102', 'v-h6-wang-hou-2'),
  ('lesson-h6-aa-102', 'v-h6-wang-lai'),
  ('lesson-h6-aa-103', 'v-h6-wang-nian'),
  ('lesson-h6-aa-103', 'v-h6-wang-jian'),
  ('lesson-h6-aa-103', 'v-h6-wei-ji'),
  ('lesson-h6-aa-103', 'v-h6-wei-xie'),
  ('lesson-h6-aa-103', 'v-h6-wei-bo-lu'),
  ('lesson-h6-aa-103', 'v-h6-wei-sheng-su'),
  ('lesson-h6-aa-103', 'v-h6-wei-ci'),
  ('lesson-h6-aa-103', 'v-h6-wei-he'),
  ('lesson-h6-aa-104', 'v-h6-wen-yu'),
  ('lesson-h6-aa-104', 'v-h6-wo-pu'),
  ('lesson-h6-aa-104', 'v-h6-wu-yun'),
  ('lesson-h6-aa-104', 'v-h6-wu-bian'),
  ('lesson-h6-aa-104', 'v-h6-wu-guan'),
  ('lesson-h6-aa-104', 'v-h6-wu-xiao'),
  ('lesson-h6-aa-104', 'v-h6-wu-dao'),
  ('lesson-h6-aa-104', 'v-h6-wu-pin'),
  ('lesson-h6-aa-105', 'v-h6-wu'),
  ('lesson-h6-aa-105', 'v-h6-xi-du'),
  ('lesson-h6-aa-105', 'v-h6-xi-ban-ya-yu'),
  ('lesson-h6-aa-105', 'v-h6-xi-sheng'),
  ('lesson-h6-aa-105', 'v-h6-xi-yi-fen'),
  ('lesson-h6-aa-105', 'v-h6-xi-qu'),
  ('lesson-h6-aa-105', 'v-h6-xi-bao'),
  ('lesson-h6-aa-105', 'v-h6-xi-jun'),
  ('lesson-h6-aa-106', 'v-h6-xian-feng'),
  ('lesson-h6-aa-106', 'v-h6-xian'),
  ('lesson-h6-aa-106', 'v-h6-xian-chu'),
  ('lesson-h6-aa-106', 'v-h6-xian-2'),
  ('lesson-h6-aa-106', 'v-h6-xian-lu'),
  ('lesson-h6-aa-106', 'v-h6-xian-ru'),
  ('lesson-h6-aa-106', 'v-h6-xiang-sheng'),
  ('lesson-h6-aa-106', 'v-h6-xiang-bu-dao'),
  ('lesson-h6-aa-107', 'v-h6-xiao-hao'),
  ('lesson-h6-aa-107', 'v-h6-xiao-mie'),
  ('lesson-h6-aa-107', 'v-h6-xiao-fei'),
  ('lesson-h6-aa-107', 'v-h6-xiao-mai'),
  ('lesson-h6-aa-107', 'v-h6-xiao-yu'),
  ('lesson-h6-aa-107', 'v-h6-xiao-de'),
  ('lesson-h6-aa-107', 'v-h6-xiao-lian'),
  ('lesson-h6-aa-107', 'v-h6-xiao-rong'),
  ('lesson-h6-aa-108', 'v-h6-xiao-sheng'),
  ('lesson-h6-aa-108', 'v-h6-xie-tiao'),
  ('lesson-h6-aa-108', 'v-h6-xie-hui'),
  ('lesson-h6-aa-108', 'v-h6-xie-shang'),
  ('lesson-h6-aa-108', 'v-h6-xie-zhu'),
  ('lesson-h6-aa-108', 'v-h6-xie-zi-lou'),
  ('lesson-h6-aa-108', 'v-h6-xie-zi-tai'),
  ('lesson-h6-aa-108', 'v-h6-xin-ling'),
  ('lesson-h6-aa-109', 'v-h6-xin-yuan'),
  ('lesson-h6-aa-109', 'v-h6-xin-zang'),
  ('lesson-h6-aa-109', 'v-h6-xin-zang-bing'),
  ('lesson-h6-aa-109', 'v-h6-xin-ren'),
  ('lesson-h6-aa-109', 'v-h6-xin-xing'),
  ('lesson-h6-aa-109', 'v-h6-xin-shui'),
  ('lesson-h6-aa-109', 'v-h6-xin-yang'),
  ('lesson-h6-aa-109', 'v-h6-xin-yong'),
  ('lesson-h6-aa-110', 'v-h6-xing-cheng'),
  ('lesson-h6-aa-110', 'v-h6-xing'),
  ('lesson-h6-aa-110', 'v-h6-xing-wang'),
  ('lesson-h6-aa-110', 'v-h6-xiong'),
  ('lesson-h6-aa-110', 'v-h6-xiong-shou'),
  ('lesson-h6-aa-110', 'v-h6-xiu-che'),
  ('lesson-h6-aa-110', 'v-h6-xiu-zhen'),
  ('lesson-h6-aa-110', 'v-h6-xuan'),
  ('lesson-h6-aa-111', 'v-h6-xuan-zhuan'),
  ('lesson-h6-aa-111', 'v-h6-xuan-ba'),
  ('lesson-h6-aa-111', 'v-h6-xuan-ju'),
  ('lesson-h6-aa-111', 'v-h6-xue-hui'),
  ('lesson-h6-aa-111', 'v-h6-xue-yuan'),
  ('lesson-h6-aa-111', 'v-h6-xue-guan'),
  ('lesson-h6-aa-111', 'v-h6-xue-ye'),
  ('lesson-h6-aa-111', 'v-h6-xun-huan'),
  ('lesson-h6-aa-112', 'v-h6-ya-po'),
  ('lesson-h6-aa-112', 'v-h6-yan-hua'),
  ('lesson-h6-aa-112', 'v-h6-yan'),
  ('lesson-h6-aa-112', 'v-h6-yan-hai'),
  ('lesson-h6-aa-112', 'v-h6-yan-zhe'),
  ('lesson-h6-aa-112', 'v-h6-yan-fa'),
  ('lesson-h6-aa-112', 'v-h6-yan-kan'),
  ('lesson-h6-aa-112', 'v-h6-yan-zou'),
  ('lesson-h6-aa-113', 'v-h6-yan-hui'),
  ('lesson-h6-aa-113', 'v-h6-yang'),
  ('lesson-h6-aa-113', 'v-h6-yang-2'),
  ('lesson-h6-aa-113', 'v-h6-yang-lao'),
  ('lesson-h6-aa-113', 'v-h6-yang-qi'),
  ('lesson-h6-aa-113', 'v-h6-yang-3'),
  ('lesson-h6-aa-113', 'v-h6-yao-pin'),
  ('lesson-h6-aa-113', 'v-h6-yao-bu-ran'),
  ('lesson-h6-aa-114', 'v-h6-yao-hao'),
  ('lesson-h6-aa-114', 'v-h6-yao-me'),
  ('lesson-h6-aa-114', 'v-h6-yao-su'),
  ('lesson-h6-aa-114', 'v-h6-ye'),
  ('lesson-h6-aa-114', 'v-h6-ye-sheng'),
  ('lesson-h6-aa-114', 'v-h6-yi-ci-xing'),
  ('lesson-h6-aa-114', 'v-h6-yi-dai'),
  ('lesson-h6-aa-114', 'v-h6-yi-dao'),
  ('lesson-h6-aa-115', 'v-h6-yi-fan'),
  ('lesson-h6-aa-115', 'v-h6-yi-guan'),
  ('lesson-h6-aa-115', 'v-h6-yi-lu-shang'),
  ('lesson-h6-aa-115', 'v-h6-yi-mu-yi-yang'),
  ('lesson-h6-aa-115', 'v-h6-yi-qi'),
  ('lesson-h6-aa-115', 'v-h6-yi-shi'),
  ('lesson-h6-aa-115', 'v-h6-yi-tong'),
  ('lesson-h6-aa-115', 'v-h6-yi-xing'),
  ('lesson-h6-aa-116', 'v-h6-yi-yao'),
  ('lesson-h6-aa-116', 'v-h6-yi-ci'),
  ('lesson-h6-aa-116', 'v-h6-yi-lai'),
  ('lesson-h6-aa-116', 'v-h6-yi-qi-2'),
  ('lesson-h6-aa-116', 'v-h6-yi-shi-2'),
  ('lesson-h6-aa-116', 'v-h6-yi-han'),
  ('lesson-h6-aa-116', 'v-h6-yi-ren'),
  ('lesson-h6-aa-116', 'v-h6-yi-ti'),
  ('lesson-h6-aa-117', 'v-h6-yi-chang'),
  ('lesson-h6-aa-117', 'v-h6-yi-xiang-bu-dao'),
  ('lesson-h6-aa-117', 'v-h6-yi-yuan'),
  ('lesson-h6-aa-117', 'v-h6-yin'),
  ('lesson-h6-aa-117', 'v-h6-yin-su'),
  ('lesson-h6-aa-117', 'v-h6-yin-mou'),
  ('lesson-h6-aa-117', 'v-h6-yin-ying'),
  ('lesson-h6-aa-117', 'v-h6-yin-liang'),
  ('lesson-h6-aa-118', 'v-h6-yin-xiang'),
  ('lesson-h6-aa-118', 'v-h6-yin-cang'),
  ('lesson-h6-aa-118', 'v-h6-yin-si'),
  ('lesson-h6-aa-118', 'v-h6-yin-2'),
  ('lesson-h6-aa-118', 'v-h6-ying-dui'),
  ('lesson-h6-aa-118', 'v-h6-ying-ji'),
  ('lesson-h6-aa-118', 'v-h6-ying-xiong'),
  ('lesson-h6-aa-118', 'v-h6-ying-lai'),
  ('lesson-h6-aa-119', 'v-h6-ying-mi'),
  ('lesson-h6-aa-119', 'v-h6-ying-xiang-li'),
  ('lesson-h6-aa-119', 'v-h6-ying-xing'),
  ('lesson-h6-aa-119', 'v-h6-yong-chu'),
  ('lesson-h6-aa-119', 'v-h6-yong-de-zhao'),
  ('lesson-h6-aa-119', 'v-h6-yong-fa'),
  ('lesson-h6-aa-119', 'v-h6-yong-pin'),
  ('lesson-h6-aa-119', 'v-h6-yong-xin'),
  ('lesson-h6-aa-120', 'v-h6-you-zhi'),
  ('lesson-h6-aa-120', 'v-h6-you-ren'),
  ('lesson-h6-aa-120', 'v-h6-you-wan'),
  ('lesson-h6-aa-120', 'v-h6-you-xi-ji'),
  ('lesson-h6-aa-120', 'v-h6-you-xing'),
  ('lesson-h6-aa-120', 'v-h6-you-guan'),
  ('lesson-h6-aa-120', 'v-h6-you-mei-you'),
  ('lesson-h6-aa-120', 'v-h6-you-shi'),
  ('lesson-h6-aa-121', 'v-h6-yu'),
  ('lesson-h6-aa-121', 'v-h6-yu-le'),
  ('lesson-h6-aa-121', 'v-h6-yu-kuai'),
  ('lesson-h6-aa-121', 'v-h6-yu-2'),
  ('lesson-h6-aa-121', 'v-h6-yu-hang-yuan'),
  ('lesson-h6-aa-121', 'v-h6-yu-yi'),
  ('lesson-h6-aa-121', 'v-h6-yu-yue'),
  ('lesson-h6-aa-121', 'v-h6-yuan-su'),
  ('lesson-h6-aa-122', 'v-h6-yuan'),
  ('lesson-h6-aa-122', 'v-h6-yuan-di'),
  ('lesson-h6-aa-122', 'v-h6-yuan-2'),
  ('lesson-h6-aa-122', 'v-h6-yuan-gao'),
  ('lesson-h6-aa-122', 'v-h6-yuan-liang'),
  ('lesson-h6-aa-122', 'v-h6-yuan-zhu-bi'),
  ('lesson-h6-aa-122', 'v-h6-yuan-zhu'),
  ('lesson-h6-aa-122', 'v-h6-yuan-gu'),
  ('lesson-h6-aa-123', 'v-h6-yuan-fang'),
  ('lesson-h6-aa-123', 'v-h6-yuan-li'),
  ('lesson-h6-aa-123', 'v-h6-yuan-yuan'),
  ('lesson-h6-aa-123', 'v-h6-yue-ding'),
  ('lesson-h6-aa-123', 'v-h6-yun'),
  ('lesson-h6-aa-123', 'v-h6-yun-che'),
  ('lesson-h6-aa-123', 'v-h6-yun-zuo'),
  ('lesson-h6-aa-123', 'v-h6-za'),
  ('lesson-h6-aa-124', 'v-h6-zai-sheng'),
  ('lesson-h6-aa-124', 'v-h6-zai-shuo'),
  ('lesson-h6-aa-124', 'v-h6-zao-dao'),
  ('lesson-h6-aa-124', 'v-h6-zao-shou'),
  ('lesson-h6-aa-124', 'v-h6-zao-yu'),
  ('lesson-h6-aa-124', 'v-h6-zao-wan'),
  ('lesson-h6-aa-124', 'v-h6-zeng-jin'),
  ('lesson-h6-aa-124', 'v-h6-zeng-zhi'),
  ('lesson-h6-aa-125', 'v-h6-zha'),
  ('lesson-h6-aa-125', 'v-h6-zha-shi'),
  ('lesson-h6-aa-125', 'v-h6-zha-2'),
  ('lesson-h6-aa-125', 'v-h6-zha-dan'),
  ('lesson-h6-aa-125', 'v-h6-zha-yao'),
  ('lesson-h6-aa-125', 'v-h6-zhai'),
  ('lesson-h6-aa-125', 'v-h6-zhan-ju'),
  ('lesson-h6-aa-125', 'v-h6-zhan-chang'),
  ('lesson-h6-aa-126', 'v-h6-zhan-lu-e'),
  ('lesson-h6-aa-126', 'v-h6-zhan-shu'),
  ('lesson-h6-aa-126', 'v-h6-zhan-you'),
  ('lesson-h6-aa-126', 'v-h6-zhan-tai'),
  ('lesson-h6-aa-126', 'v-h6-zhang'),
  ('lesson-h6-aa-126', 'v-h6-chang-duan'),
  ('lesson-h6-aa-126', 'v-h6-chang-jia'),
  ('lesson-h6-aa-126', 'v-h6-chang-jiu'),
  ('lesson-h6-aa-127', 'v-h6-chang-pao'),
  ('lesson-h6-aa-127', 'v-h6-chang-yuan'),
  ('lesson-h6-aa-127', 'v-h6-zhang-sheng'),
  ('lesson-h6-aa-127', 'v-h6-zhang-2'),
  ('lesson-h6-aa-127', 'v-h6-zhang-hu'),
  ('lesson-h6-aa-127', 'v-h6-zhang-ai'),
  ('lesson-h6-aa-127', 'v-h6-zhao'),
  ('lesson-h6-aa-127', 'v-h6-zhao-pin'),
  ('lesson-h6-aa-128', 'v-h6-zhao-yang'),
  ('lesson-h6-aa-128', 'v-h6-zhao-yao'),
  ('lesson-h6-aa-128', 'v-h6-zhe-jiu-shi-shuo'),
  ('lesson-h6-aa-128', 'v-h6-zhen'),
  ('lesson-h6-aa-128', 'v-h6-zheng-duo'),
  ('lesson-h6-aa-128', 'v-h6-zheng-dun'),
  ('lesson-h6-aa-128', 'v-h6-zheng-zhi'),
  ('lesson-h6-aa-128', 'v-h6-zheng-dang'),
  ('lesson-h6-aa-129', 'v-h6-zheng-ce'),
  ('lesson-h6-aa-129', 'v-h6-zheng-dang-2'),
  ('lesson-h6-aa-129', 'v-h6-zheng-quan'),
  ('lesson-h6-aa-129', 'v-h6-zheng-zhuang'),
  ('lesson-h6-aa-129', 'v-h6-zhi-lei'),
  ('lesson-h6-aa-129', 'v-h6-zhi-cheng'),
  ('lesson-h6-aa-129', 'v-h6-zhi-yuan'),
  ('lesson-h6-aa-129', 'v-h6-zhi'),
  ('lesson-h6-aa-130', 'v-h6-zhi-ming'),
  ('lesson-h6-aa-130', 'v-h6-zhi-2'),
  ('lesson-h6-aa-130', 'v-h6-zhi-sheng-ji'),
  ('lesson-h6-aa-130', 'v-h6-zhi-ze'),
  ('lesson-h6-aa-130', 'v-h6-zhi-3'),
  ('lesson-h6-aa-130', 'v-h6-zhi-de'),
  ('lesson-h6-aa-130', 'v-h6-zhi-gu'),
  ('lesson-h6-aa-130', 'v-h6-zhi-guan'),
  ('lesson-h6-aa-131', 'v-h6-zhi-ding'),
  ('lesson-h6-aa-131', 'v-h6-zhi-shu'),
  ('lesson-h6-aa-131', 'v-h6-zhi-tou'),
  ('lesson-h6-aa-131', 'v-h6-zhizhe'),
  ('lesson-h6-aa-131', 'v-h6-zhi-yu'),
  ('lesson-h6-aa-131', 'v-h6-zhi-bing'),
  ('lesson-h6-aa-131', 'v-h6-zhong-deng'),
  ('lesson-h6-aa-131', 'v-h6-zhong-hua'),
  ('lesson-h6-aa-132', 'v-h6-zhong-qi'),
  ('lesson-h6-aa-132', 'v-h6-zhong-wai'),
  ('lesson-h6-aa-132', 'v-h6-zhong-xin'),
  ('lesson-h6-aa-132', 'v-h6-zhong-tou'),
  ('lesson-h6-aa-132', 'v-h6-zhong'),
  ('lesson-h6-aa-132', 'v-h6-zhong-zhong'),
  ('lesson-h6-aa-132', 'v-h6-chong-jian'),
  ('lesson-h6-aa-132', 'v-h6-chong-zu'),
  ('lesson-h6-aa-133', 'v-h6-yu-3'),
  ('lesson-h6-aa-133', 'v-h6-zhu-bao'),
  ('lesson-h6-aa-133', 'v-h6-zhu-wei'),
  ('lesson-h6-aa-133', 'v-h6-zhu-chi-ren'),
  ('lesson-h6-aa-133', 'v-h6-zhu-jue'),
  ('lesson-h6-aa-133', 'v-h6-zhu-liu'),
  ('lesson-h6-aa-133', 'v-h6-zhu'),
  ('lesson-h6-aa-133', 'v-h6-zhu-zhai'),
  ('lesson-h6-aa-134', 'v-h6-zhu-2'),
  ('lesson-h6-aa-134', 'v-h6-zhu-zi'),
  ('lesson-h6-aa-134', 'v-h6-zhu-yuan'),
  ('lesson-h6-aa-134', 'v-h6-zhuan-yong'),
  ('lesson-h6-aa-134', 'v-h6-zhuan'),
  ('lesson-h6-aa-134', 'v-h6-zhuan-qian'),
  ('lesson-h6-aa-134', 'v-h6-zhuang-bei'),
  ('lesson-h6-aa-134', 'v-h6-zhuang-guan'),
  ('lesson-h6-aa-135', 'v-h6-zhuo'),
  ('lesson-h6-aa-135', 'v-h6-zi-xun'),
  ('lesson-h6-aa-135', 'v-h6-zi-lai-shui'),
  ('lesson-h6-aa-135', 'v-h6-zi-wo'),
  ('lesson-h6-aa-135', 'v-h6-zi-xue'),
  ('lesson-h6-aa-135', 'v-h6-zi-yan-zi-yu'),
  ('lesson-h6-aa-135', 'v-h6-zi-zai'),
  ('lesson-h6-aa-135', 'v-h6-zong-jiao'),
  ('lesson-h6-aa-136', 'v-h6-zong-bu'),
  ('lesson-h6-aa-136', 'v-h6-zong-jian'),
  ('lesson-h6-aa-136', 'v-h6-zong-jing-li'),
  ('lesson-h6-aa-136', 'v-h6-zong-liang'),
  ('lesson-h6-aa-136', 'v-h6-zou-si'),
  ('lesson-h6-aa-136', 'v-h6-zou'),
  ('lesson-h6-aa-136', 'v-h6-zu-jin'),
  ('lesson-h6-aa-136', 'v-h6-ju-3'),
  ('lesson-h6-aa-137', 'v-h6-zu-yi'),
  ('lesson-h6-aa-137', 'v-h6-zu'),
  ('lesson-h6-aa-137', 'v-h6-zu-fu'),
  ('lesson-h6-aa-137', 'v-h6-zu-guo'),
  ('lesson-h6-aa-137', 'v-h6-zu-mu'),
  ('lesson-h6-aa-137', 'v-h6-zuan'),
  ('lesson-h6-aa-137', 'v-h6-zui-jia'),
  ('lesson-h6-aa-137', 'v-h6-zui-zhong'),
  ('lesson-h6-aa-138', 'v-h6-zui'),
  ('lesson-h6-aa-138', 'v-h6-zuo'),
  ('lesson-h6-aa-138', 'v-h6-zuo-fei'),
  ('lesson-h6-aa-138', 'v-h6-zuo-zhan'),
  ('lesson-h6-aa-138', 'v-h6-zuo-tan-hui'),
  ('lesson-h6-aa-review', 'v-h6-ai'),
  ('lesson-h6-aa-review', 'v-h6-ai-da'),
  ('lesson-h6-aa-review', 'v-h6-ai-zhe'),
  ('lesson-h6-aa-review', 'v-h6-an-jian'),
  ('lesson-h6-aa-review', 'v-h6-ba-gong'),
  ('lesson-h6-aa-review', 'v-h6-ba-le'),
  ('lesson-h6-aa-review', 'v-h6-bai-ling'),
  ('lesson-h6-aa-review', 'v-h6-bai-fen-dian'),
  ('lesson-h6-aa-review', 'v-h6-ban-gong'),
  ('lesson-h6-aa-review', 'v-h6-ban-shi-chu'),
  ('lesson-h6-aa-review', 'v-h6-ban-xue'),
  ('lesson-h6-aa-review', 'v-h6-ban-jue-sai'),
  ('lesson-h6-aa-review', 'v-h6-bang-wan'),
  ('lesson-h6-aa-review', 'v-h6-bao-jian'),
  ('lesson-h6-aa-review', 'v-h6-bao-kan'),
  ('lesson-h6-aa-review', 'v-h6-bao-kao'),
  ('lesson-h6-ab-1', 'v-h6-bei-gao'),
  ('lesson-h6-ab-1', 'v-h6-che-hao'),
  ('lesson-h6-ab-1', 'v-h6-che-pai'),
  ('lesson-h6-ab-1', 'v-h6-fa-ting'),
  ('lesson-h6-ab-1', 'v-h6-fan'),
  ('lesson-h6-ab-1', 'v-h6-fan-zui'),
  ('lesson-h6-ab-1', 'v-h6-fang-shou'),
  ('lesson-h6-ab-1', 'v-h6-pan-2'),
  ('lesson-h6-ab-2', 'v-h6-yun-xu'),
  ('lesson-h6-ab-2', 'v-h6-zui-e'),
  ('lesson-h6-ab-review', 'v-h6-bei-gao'),
  ('lesson-h6-ab-review', 'v-h6-che-hao'),
  ('lesson-h6-ab-review', 'v-h6-che-pai'),
  ('lesson-h6-ab-review', 'v-h6-fa-ting'),
  ('lesson-h6-ab-review', 'v-h6-fan'),
  ('lesson-h6-ab-review', 'v-h6-fan-zui'),
  ('lesson-h6-ab-review', 'v-h6-fang-shou'),
  ('lesson-h6-ab-review', 'v-h6-pan-2'),
  ('lesson-h6-ab-review', 'v-h6-yun-xu'),
  ('lesson-h6-ab-review', 'v-h6-zui-e'),
  ('lesson-h6-ac-1', 'v-h6-bao-lu'),
  ('lesson-h6-ac-1', 'v-h6-chuan-yan'),
  ('lesson-h6-ac-1', 'v-h6-diao-yan'),
  ('lesson-h6-ac-1', 'v-h6-lan-mu'),
  ('lesson-h6-ac-1', 'v-h6-tan-tao'),
  ('lesson-h6-ac-1', 'v-h6-zhui-jiu'),
  ('lesson-h6-ac-review', 'v-h6-bao-lu'),
  ('lesson-h6-ac-review', 'v-h6-chuan-yan'),
  ('lesson-h6-ac-review', 'v-h6-diao-yan'),
  ('lesson-h6-ac-review', 'v-h6-lan-mu'),
  ('lesson-h6-ac-review', 'v-h6-tan-tao'),
  ('lesson-h6-ac-review', 'v-h6-zhui-jiu'),
  ('lesson-h6-ad-1', 'v-h6-ben-zhi'),
  ('lesson-h6-ad-1', 'v-h6-gou-jian'),
  ('lesson-h6-ad-1', 'v-h6-jing-4'),
  ('lesson-h6-ad-1', 'v-h6-zhe-xue'),
  ('lesson-h6-ad-1', 'v-h6-zhi-hui'),
  ('lesson-h6-ad-review', 'v-h6-ben-zhi'),
  ('lesson-h6-ad-review', 'v-h6-gou-jian'),
  ('lesson-h6-ad-review', 'v-h6-jing-4'),
  ('lesson-h6-ad-review', 'v-h6-zhe-xue'),
  ('lesson-h6-ad-review', 'v-h6-zhi-hui'),
  ('lesson-h6-ae-1', 'v-h6-fu-you');
insert into sentences (id, course_id, hanzi, pinyin, english, difficulty, grammar_notes) values
  ('s-h6-221', 'course-mandarin-1', '这是挨。', 'Zhè shì āi.', 'This is in order; in sequence.', 6, null),
  ('s-h6-222', 'course-mandarin-1', '这是挨打。', 'Zhè shì ái dǎ.', 'This is to take a beating.', 6, null),
  ('s-h6-223', 'course-mandarin-1', '这是挨着。', 'Zhè shì āi zhe.', 'This is near.', 6, null),
  ('s-h6-224', 'course-mandarin-1', '这是安检。', 'Zhè shì ān jiǎn.', 'This is security check (abbr. for 安全检查).', 6, null),
  ('s-h6-225', 'course-mandarin-1', '我会罢工。', 'Wǒ huì bà gōng.', 'I can a strike.', 6, null),
  ('s-h6-226', 'course-mandarin-1', '这是罢了。', 'Zhè shì bà le.', 'This is a modal particle indicating (that''s all, only, nothing much).', 6, null),
  ('s-h6-227', 'course-mandarin-1', '这是白领。', 'Zhè shì bái lǐng.', 'This is white-collar.', 6, null),
  ('s-h6-228', 'course-mandarin-1', '这是百分点。', 'Zhè shì bǎi fēn diǎn.', 'This is percentage point.', 6, null),
  ('s-h6-229', 'course-mandarin-1', '我会办公。', 'Wǒ huì bàn gōng.', 'I can to handle official business.', 6, null),
  ('s-h6-230', 'course-mandarin-1', '这是办事处。', 'Zhè shì bàn shì chù.', 'This is office.', 6, null),
  ('s-h6-231', 'course-mandarin-1', '我会办学。', 'Wǒ huì bàn xué.', 'I can to run a school.', 6, null),
  ('s-h6-232', 'course-mandarin-1', '这是半决赛。', 'Zhè shì bàn jué sài.', 'This is semifinals.', 6, null),
  ('s-h6-233', 'course-mandarin-1', '这是傍晚。', 'Zhè shì bàng wǎn.', 'This is in the evening.', 6, null),
  ('s-h6-234', 'course-mandarin-1', '这是保健。', 'Zhè shì bǎo jiàn.', 'This is health protection.', 6, null),
  ('s-h6-235', 'course-mandarin-1', '这是报刊。', 'Zhè shì bào kān.', 'This is newspapers and periodicals.', 6, null),
  ('s-h6-236', 'course-mandarin-1', '这是报考。', 'Zhè shì bào kǎo.', 'This is to enter oneself for an examination.', 6, null),
  ('s-h6-237', 'course-mandarin-1', '这是抱歉。', 'Zhè shì bào qiàn.', 'This is to be sorry.', 6, null),
  ('s-h6-238', 'course-mandarin-1', '这是暴风雨。', 'Zhè shì bào fēng yǔ.', 'This is rainstorm.', 6, null),
  ('s-h6-239', 'course-mandarin-1', '这是暴力。', 'Zhè shì bào lì.', 'This is violence.', 6, null),
  ('s-h6-240', 'course-mandarin-1', '这是暴雨。', 'Zhè shì bào yǔ.', 'This is torrential rain.', 6, null),
  ('s-h6-241', 'course-mandarin-1', '这是爆。', 'Zhè shì bào.', 'This is to explode or burst.', 6, null),
  ('s-h6-242', 'course-mandarin-1', '这是爆发。', 'Zhè shì bào fā.', 'This is to break out.', 6, null),
  ('s-h6-243', 'course-mandarin-1', '这是爆炸。', 'Zhè shì bào zhà.', 'This is explosion.', 6, null),
  ('s-h6-244', 'course-mandarin-1', '这是悲惨。', 'Zhè shì bēi cǎn.', 'This is miserable.', 6, null),
  ('s-h6-245', 'course-mandarin-1', '这是背心。', 'Zhè shì bèi xīn.', 'This is sleeveless garment (vest, waistcoat, singlet, tank top etc).', 6, null),
  ('s-h6-246', 'course-mandarin-1', '这是背着。', 'Zhè shì bēi zhe.', 'This is carrying on one''s back.', 6, null),
  ('s-h6-247', 'course-mandarin-1', '这是奔跑。', 'Zhè shì bēn pǎo.', 'This is to run.', 6, null),
  ('s-h6-248', 'course-mandarin-1', '这是本地。', 'Zhè shì běn dì.', 'This is local.', 6, null),
  ('s-h6-249', 'course-mandarin-1', '这是本期。', 'Zhè shì běn qī.', 'This is the current period.', 6, null),
  ('s-h6-250', 'course-mandarin-1', '这是本身。', 'Zhè shì běn shēn.', 'This is itself.', 6, null);
insert into lesson_sentences (lesson_id, sentence_id) values
  ('lesson-h6-aa-1', 's-h6-222'),
  ('lesson-h6-aa-2', 's-h6-223'),
  ('lesson-h6-aa-3', 's-h6-224'),
  ('lesson-h6-aa-4', 's-h6-225'),
  ('lesson-h6-aa-5', 's-h6-226'),
  ('lesson-h6-aa-6', 's-h6-227'),
  ('lesson-h6-aa-7', 's-h6-228'),
  ('lesson-h6-aa-8', 's-h6-229'),
  ('lesson-h6-aa-9', 's-h6-230'),
  ('lesson-h6-aa-10', 's-h6-231'),
  ('lesson-h6-aa-11', 's-h6-232'),
  ('lesson-h6-aa-12', 's-h6-233'),
  ('lesson-h6-aa-13', 's-h6-234'),
  ('lesson-h6-aa-14', 's-h6-235'),
  ('lesson-h6-aa-15', 's-h6-236'),
  ('lesson-h6-aa-16', 's-h6-237'),
  ('lesson-h6-aa-17', 's-h6-238'),
  ('lesson-h6-aa-18', 's-h6-239'),
  ('lesson-h6-aa-19', 's-h6-240'),
  ('lesson-h6-aa-20', 's-h6-241'),
  ('lesson-h6-aa-21', 's-h6-242'),
  ('lesson-h6-aa-22', 's-h6-243'),
  ('lesson-h6-aa-23', 's-h6-244'),
  ('lesson-h6-aa-24', 's-h6-245'),
  ('lesson-h6-aa-25', 's-h6-246'),
  ('lesson-h6-aa-26', 's-h6-247'),
  ('lesson-h6-aa-27', 's-h6-248'),
  ('lesson-h6-aa-28', 's-h6-249'),
  ('lesson-h6-aa-29', 's-h6-250'),
  ('lesson-h6-aa-30', 's-h6-221'),
  ('lesson-h6-aa-31', 's-h6-222'),
  ('lesson-h6-aa-32', 's-h6-223'),
  ('lesson-h6-aa-33', 's-h6-224'),
  ('lesson-h6-aa-34', 's-h6-225'),
  ('lesson-h6-aa-35', 's-h6-226'),
  ('lesson-h6-aa-36', 's-h6-227'),
  ('lesson-h6-aa-37', 's-h6-228'),
  ('lesson-h6-aa-38', 's-h6-229'),
  ('lesson-h6-aa-39', 's-h6-230'),
  ('lesson-h6-aa-40', 's-h6-231'),
  ('lesson-h6-aa-41', 's-h6-232'),
  ('lesson-h6-aa-42', 's-h6-233'),
  ('lesson-h6-aa-43', 's-h6-234'),
  ('lesson-h6-aa-44', 's-h6-235'),
  ('lesson-h6-aa-45', 's-h6-236'),
  ('lesson-h6-aa-46', 's-h6-237'),
  ('lesson-h6-aa-47', 's-h6-238'),
  ('lesson-h6-aa-48', 's-h6-239'),
  ('lesson-h6-aa-49', 's-h6-240'),
  ('lesson-h6-aa-50', 's-h6-241'),
  ('lesson-h6-aa-51', 's-h6-242'),
  ('lesson-h6-aa-52', 's-h6-243'),
  ('lesson-h6-aa-53', 's-h6-244'),
  ('lesson-h6-aa-54', 's-h6-245'),
  ('lesson-h6-aa-55', 's-h6-246'),
  ('lesson-h6-aa-56', 's-h6-247'),
  ('lesson-h6-aa-57', 's-h6-248'),
  ('lesson-h6-aa-58', 's-h6-249'),
  ('lesson-h6-aa-59', 's-h6-250'),
  ('lesson-h6-aa-60', 's-h6-221'),
  ('lesson-h6-aa-61', 's-h6-222'),
  ('lesson-h6-aa-62', 's-h6-223'),
  ('lesson-h6-aa-63', 's-h6-224'),
  ('lesson-h6-aa-64', 's-h6-225'),
  ('lesson-h6-aa-65', 's-h6-226'),
  ('lesson-h6-aa-66', 's-h6-227'),
  ('lesson-h6-aa-67', 's-h6-228'),
  ('lesson-h6-aa-68', 's-h6-229'),
  ('lesson-h6-aa-69', 's-h6-230'),
  ('lesson-h6-aa-70', 's-h6-231'),
  ('lesson-h6-aa-71', 's-h6-232'),
  ('lesson-h6-aa-72', 's-h6-233'),
  ('lesson-h6-aa-73', 's-h6-234'),
  ('lesson-h6-aa-74', 's-h6-235'),
  ('lesson-h6-aa-75', 's-h6-236'),
  ('lesson-h6-aa-76', 's-h6-237'),
  ('lesson-h6-aa-77', 's-h6-238'),
  ('lesson-h6-aa-78', 's-h6-239'),
  ('lesson-h6-aa-79', 's-h6-240'),
  ('lesson-h6-aa-80', 's-h6-241'),
  ('lesson-h6-aa-81', 's-h6-242'),
  ('lesson-h6-aa-82', 's-h6-243'),
  ('lesson-h6-aa-83', 's-h6-244'),
  ('lesson-h6-aa-84', 's-h6-245'),
  ('lesson-h6-aa-85', 's-h6-246'),
  ('lesson-h6-aa-86', 's-h6-247'),
  ('lesson-h6-aa-87', 's-h6-248'),
  ('lesson-h6-aa-88', 's-h6-249'),
  ('lesson-h6-aa-89', 's-h6-250'),
  ('lesson-h6-aa-90', 's-h6-221'),
  ('lesson-h6-aa-91', 's-h6-222'),
  ('lesson-h6-aa-92', 's-h6-223'),
  ('lesson-h6-aa-93', 's-h6-224'),
  ('lesson-h6-aa-94', 's-h6-225'),
  ('lesson-h6-aa-95', 's-h6-226'),
  ('lesson-h6-aa-96', 's-h6-227'),
  ('lesson-h6-aa-97', 's-h6-228'),
  ('lesson-h6-aa-98', 's-h6-229'),
  ('lesson-h6-aa-99', 's-h6-230'),
  ('lesson-h6-aa-100', 's-h6-231'),
  ('lesson-h6-aa-101', 's-h6-232'),
  ('lesson-h6-aa-102', 's-h6-233'),
  ('lesson-h6-aa-103', 's-h6-234'),
  ('lesson-h6-aa-104', 's-h6-235'),
  ('lesson-h6-aa-105', 's-h6-236'),
  ('lesson-h6-aa-106', 's-h6-237'),
  ('lesson-h6-aa-107', 's-h6-238'),
  ('lesson-h6-aa-108', 's-h6-239'),
  ('lesson-h6-aa-109', 's-h6-240'),
  ('lesson-h6-aa-110', 's-h6-241'),
  ('lesson-h6-aa-111', 's-h6-242'),
  ('lesson-h6-aa-112', 's-h6-243'),
  ('lesson-h6-aa-113', 's-h6-244'),
  ('lesson-h6-aa-114', 's-h6-245'),
  ('lesson-h6-aa-115', 's-h6-246'),
  ('lesson-h6-aa-116', 's-h6-247'),
  ('lesson-h6-aa-117', 's-h6-248'),
  ('lesson-h6-aa-118', 's-h6-249'),
  ('lesson-h6-aa-119', 's-h6-250'),
  ('lesson-h6-aa-120', 's-h6-221'),
  ('lesson-h6-aa-121', 's-h6-222'),
  ('lesson-h6-aa-122', 's-h6-223'),
  ('lesson-h6-aa-123', 's-h6-224'),
  ('lesson-h6-aa-124', 's-h6-225'),
  ('lesson-h6-aa-125', 's-h6-226'),
  ('lesson-h6-aa-126', 's-h6-227'),
  ('lesson-h6-aa-127', 's-h6-228'),
  ('lesson-h6-aa-128', 's-h6-229'),
  ('lesson-h6-aa-129', 's-h6-230'),
  ('lesson-h6-aa-130', 's-h6-231'),
  ('lesson-h6-aa-131', 's-h6-232'),
  ('lesson-h6-aa-132', 's-h6-233'),
  ('lesson-h6-aa-133', 's-h6-234'),
  ('lesson-h6-aa-134', 's-h6-235'),
  ('lesson-h6-aa-135', 's-h6-236'),
  ('lesson-h6-aa-136', 's-h6-237'),
  ('lesson-h6-aa-137', 's-h6-238'),
  ('lesson-h6-aa-138', 's-h6-239'),
  ('lesson-h6-ab-1', 's-h6-222'),
  ('lesson-h6-ab-2', 's-h6-223'),
  ('lesson-h6-ac-1', 's-h6-222'),
  ('lesson-h6-ad-1', 's-h6-222'),
  ('lesson-h6-ae-1', 's-h6-222');
