-- 20260706000000_hsk5.sql
insert into units (id, course_id, title, order_index) values
  ('unit-h5-aa', 'course-mandarin-1', 'Business & Economics', 36),
  ('unit-h5-ab', 'course-mandarin-1', 'Society & Politics', 37),
  ('unit-h5-ac', 'course-mandarin-1', 'Science & Environment', 38),
  ('unit-h5-ad', 'course-mandarin-1', 'Arts & Literature', 39),
  ('unit-h5-ae', 'course-mandarin-1', 'Advanced Communication', 40);
insert into lessons (id, unit_id, title, order_index) values
  ('lesson-h5-aa-1', 'unit-h5-aa', '安慰 · 岸', 1),
  ('lesson-h5-aa-2', 'unit-h5-aa', '扮演 · 棒', 2),
  ('lesson-h5-aa-3', 'unit-h5-aa', '报警 · 抱怨', 3),
  ('lesson-h5-aa-4', 'unit-h5-aa', '本人 · 鼻子', 4),
  ('lesson-h5-aa-5', 'unit-h5-aa', '闭幕 · 闭幕式', 5),
  ('lesson-h5-aa-6', 'unit-h5-aa', '饼 · 饼干', 6),
  ('lesson-h5-aa-7', 'unit-h5-aa', '补偿 · 补贴', 7),
  ('lesson-h5-aa-8', 'unit-h5-aa', '不免 · 不耐烦', 8),
  ('lesson-h5-aa-9', 'unit-h5-aa', '不止 · 不足', 9),
  ('lesson-h5-aa-10', 'unit-h5-aa', '餐厅 · 餐饮', 10),
  ('lesson-h5-aa-11', 'unit-h5-aa', '查询 · 差别', 11),
  ('lesson-h5-aa-12', 'unit-h5-aa', '肠 · 尝', 12),
  ('lesson-h5-aa-13', 'unit-h5-aa', '称号 · 成本', 13),
  ('lesson-h5-aa-14', 'unit-h5-aa', '乘客 · 乘坐', 14),
  ('lesson-h5-aa-15', 'unit-h5-aa', '丑 · 臭', 15),
  ('lesson-h5-aa-16', 'unit-h5-aa', '除夕 · 厨房', 16),
  ('lesson-h5-aa-17', 'unit-h5-aa', '窗帘 · 闯', 17),
  ('lesson-h5-aa-18', 'unit-h5-aa', '聪明 · 从而', 18),
  ('lesson-h5-aa-19', 'unit-h5-aa', '答复 · 打扮', 19),
  ('lesson-h5-aa-20', 'unit-h5-aa', '大纲 · 大伙儿', 20),
  ('lesson-h5-aa-21', 'unit-h5-aa', '大于 · 大致', 21),
  ('lesson-h5-aa-22', 'unit-h5-aa', '胆 · 弹', 22),
  ('lesson-h5-aa-23', 'unit-h5-aa', '挡 · 到来', 23),
  ('lesson-h5-aa-24', 'unit-h5-aa', '等级 · 低于', 24),
  ('lesson-h5-aa-25', 'unit-h5-aa', '电子版 · 调动', 25),
  ('lesson-h5-aa-26', 'unit-h5-aa', '动员 · 冻', 26),
  ('lesson-h5-aa-27', 'unit-h5-aa', '朵 · 躲', 27),
  ('lesson-h5-aa-28', 'unit-h5-aa', '罚 · 罚款', 28),
  ('lesson-h5-aa-29', 'unit-h5-aa', '放弃 · 分成', 29),
  ('lesson-h5-aa-30', 'unit-h5-aa', '风度 · 风光', 30),
  ('lesson-h5-aa-31', 'unit-h5-aa', '福利 · 辅助', 31),
  ('lesson-h5-aa-32', 'unit-h5-aa', '钢笔 · 钢琴', 32),
  ('lesson-h5-aa-33', 'unit-h5-aa', '搞 · 搞好', 33),
  ('lesson-h5-aa-34', 'unit-h5-aa', '更新 · 工作日', 34),
  ('lesson-h5-aa-35', 'unit-h5-aa', '沟 · 沟通', 35),
  ('lesson-h5-aa-36', 'unit-h5-aa', '关怀 · 关键', 36),
  ('lesson-h5-aa-37', 'unit-h5-aa', '柜子 · 滚', 37),
  ('lesson-h5-aa-38', 'unit-h5-aa', '咳 · 害', 38),
  ('lesson-h5-aa-39', 'unit-h5-aa', '盒子 · 贺卡', 39),
  ('lesson-h5-aa-40', 'unit-h5-aa', '华语 · 滑', 40),
  ('lesson-h5-aa-41', 'unit-h5-aa', '灰色 · 恢复', 41),
  ('lesson-h5-aa-42', 'unit-h5-aa', '汇款 · 会谈', 42),
  ('lesson-h5-aa-43', 'unit-h5-aa', '机制 · 肌肉', 43),
  ('lesson-h5-aa-44', 'unit-h5-aa', '技能 · 继承', 44),
  ('lesson-h5-aa-45', 'unit-h5-aa', '价 · 驾驶', 45),
  ('lesson-h5-aa-46', 'unit-h5-aa', '减轻 · 剪', 46),
  ('lesson-h5-aa-47', 'unit-h5-aa', '键 · 键盘', 47),
  ('lesson-h5-aa-48', 'unit-h5-aa', '脚步 · 接触', 48),
  ('lesson-h5-aa-49', 'unit-h5-aa', '尽管 · 尽可能', 49),
  ('lesson-h5-aa-50', 'unit-h5-aa', '竞争 · 酒鬼', 50),
  ('lesson-h5-aa-51', 'unit-h5-aa', '剧本 · 决不', 51),
  ('lesson-h5-aa-52', 'unit-h5-aa', '看待 · 考核', 52),
  ('lesson-h5-aa-53', 'unit-h5-aa', '渴望 · 客户', 53),
  ('lesson-h5-aa-54', 'unit-h5-aa', '口号 · 快活', 54),
  ('lesson-h5-aa-55', 'unit-h5-aa', '朗读 · 浪漫', 55),
  ('lesson-h5-aa-56', 'unit-h5-aa', '立 · 立场', 56),
  ('lesson-h5-aa-57', 'unit-h5-aa', '脸色 · 恋爱', 57),
  ('lesson-h5-aa-58', 'unit-h5-aa', '流动 · 流通', 58),
  ('lesson-h5-aa-59', 'unit-h5-aa', '买卖 · 漫画', 59),
  ('lesson-h5-aa-60', 'unit-h5-aa', '煤气 · 门诊', 60),
  ('lesson-h5-aa-61', 'unit-h5-aa', '明明 · 命令', 61),
  ('lesson-h5-aa-62', 'unit-h5-aa', '摩托 · 目光', 62),
  ('lesson-h5-aa-63', 'unit-h5-aa', '脑子 · 内在', 63),
  ('lesson-h5-aa-64', 'unit-h5-aa', '暖 · 偶尔', 64),
  ('lesson-h5-aa-65', 'unit-h5-aa', '赔偿 · 配备', 65),
  ('lesson-h5-aa-66', 'unit-h5-aa', '匹 · 骗', 66),
  ('lesson-h5-aa-67', 'unit-h5-aa', '平原 · 评估', 67),
  ('lesson-h5-aa-68', 'unit-h5-aa', '齐全 · 其', 68),
  ('lesson-h5-aa-69', 'unit-h5-aa', '签名 · 签约', 69),
  ('lesson-h5-aa-70', 'unit-h5-aa', '强度 · 强迫', 70),
  ('lesson-h5-aa-71', 'unit-h5-aa', '瞧 · 琴', 71),
  ('lesson-h5-aa-72', 'unit-h5-aa', '晴朗 · 区域', 72),
  ('lesson-h5-aa-73', 'unit-h5-aa', '群体 · 群众', 73),
  ('lesson-h5-aa-74', 'unit-h5-aa', '人士 · 人物', 74),
  ('lesson-h5-aa-75', 'unit-h5-aa', '仍旧 · 如此', 75),
  ('lesson-h5-aa-76', 'unit-h5-aa', '杀 · 杀毒', 76),
  ('lesson-h5-aa-77', 'unit-h5-aa', '上下 · 上涨', 77),
  ('lesson-h5-aa-78', 'unit-h5-aa', '射 · 射击', 78),
  ('lesson-h5-aa-79', 'unit-h5-aa', '深度 · 神', 79),
  ('lesson-h5-aa-80', 'unit-h5-aa', '剩 · 剩下', 80),
  ('lesson-h5-aa-81', 'unit-h5-aa', '时机 · 时事', 81),
  ('lesson-h5-aa-82', 'unit-h5-aa', '视频 · 视为', 82),
  ('lesson-h5-aa-83', 'unit-h5-aa', '寿司 · 瘦', 83),
  ('lesson-h5-aa-84', 'unit-h5-aa', '鼠 · 鼠标', 84),
  ('lesson-h5-aa-85', 'unit-h5-aa', '水库 · 水灾', 85),
  ('lesson-h5-aa-86', 'unit-h5-aa', '搜 · 搜索', 86),
  ('lesson-h5-aa-87', 'unit-h5-aa', '碎 · 损害', 87),
  ('lesson-h5-aa-88', 'unit-h5-aa', '太空 · 逃', 88),
  ('lesson-h5-aa-89', 'unit-h5-aa', '特定 · 特性', 89),
  ('lesson-h5-aa-90', 'unit-h5-aa', '体力 · 天才', 90),
  ('lesson-h5-aa-91', 'unit-h5-aa', '偷偷 · 突破', 91),
  ('lesson-h5-aa-92', 'unit-h5-aa', '外界 · 完了', 92),
  ('lesson-h5-aa-93', 'unit-h5-aa', '卫星 · 为期', 93),
  ('lesson-h5-aa-94', 'unit-h5-aa', '污染 · 污水', 94),
  ('lesson-h5-aa-95', 'unit-h5-aa', '物质 · 误解', 95),
  ('lesson-h5-aa-96', 'unit-h5-aa', '先前 · 闲', 96),
  ('lesson-h5-aa-97', 'unit-h5-aa', '乡村 · 相等', 97),
  ('lesson-h5-aa-98', 'unit-h5-aa', '象征 · 消除', 98),
  ('lesson-h5-aa-99', 'unit-h5-aa', '协议 · 协议书', 99),
  ('lesson-h5-aa-100', 'unit-h5-aa', '行驶 · 形态', 100),
  ('lesson-h5-aa-101', 'unit-h5-aa', '虚心 · 许可', 101),
  ('lesson-h5-aa-102', 'unit-h5-aa', '押金 · 鸭子', 102),
  ('lesson-h5-aa-103', 'unit-h5-aa', '邀请 · 摇头', 103),
  ('lesson-h5-aa-104', 'unit-h5-aa', '一旦 · 一句话', 104),
  ('lesson-h5-aa-105', 'unit-h5-aa', '依法 · 依旧', 105),
  ('lesson-h5-aa-106', 'unit-h5-aa', '意味着 · 意志', 106),
  ('lesson-h5-aa-107', 'unit-h5-aa', '拥有 · 用不着', 107),
  ('lesson-h5-aa-108', 'unit-h5-aa', '由此 · 犹豫', 108),
  ('lesson-h5-aa-109', 'unit-h5-aa', '有着 · 羽毛球', 109),
  ('lesson-h5-aa-110', 'unit-h5-aa', '原始 · 原先', 110),
  ('lesson-h5-aa-111', 'unit-h5-aa', '月球 · 阅览室', 111),
  ('lesson-h5-aa-112', 'unit-h5-aa', '在内 · 暂时', 112),
  ('lesson-h5-aa-113', 'unit-h5-aa', '增大 · 增多', 113),
  ('lesson-h5-aa-114', 'unit-h5-aa', '展现 · 占领', 114),
  ('lesson-h5-aa-115', 'unit-h5-aa', '招生 · 招手', 115),
  ('lesson-h5-aa-116', 'unit-h5-aa', '诊断 · 振动', 116),
  ('lesson-h5-aa-117', 'unit-h5-aa', '正如 · 证实', 117),
  ('lesson-h5-aa-118', 'unit-h5-aa', '支配 · 执行', 118),
  ('lesson-h5-aa-119', 'unit-h5-aa', '只见 · 指标', 119),
  ('lesson-h5-aa-120', 'unit-h5-aa', '治理 · 中毒', 120),
  ('lesson-h5-aa-121', 'unit-h5-aa', '终止 · 众多', 121),
  ('lesson-h5-aa-122', 'unit-h5-aa', '助理 · 助手', 122),
  ('lesson-h5-aa-123', 'unit-h5-aa', '专利 · 转化', 123),
  ('lesson-h5-aa-124', 'unit-h5-aa', '资助 · 子弹', 124),
  ('lesson-h5-aa-125', 'unit-h5-aa', '总数 · 总算', 125),
  ('lesson-h5-aa-126', 'unit-h5-aa', '遵守', 126),
  ('lesson-h5-aa-review', 'unit-h5-aa', 'Business & Economics Review', 127),
  ('lesson-h5-ab-1', 'unit-h5-ab', '冲突 · 胆小', 1),
  ('lesson-h5-ab-2', 'unit-h5-ab', '明亮 · 软件', 2),
  ('lesson-h5-ab-3', 'unit-h5-ab', '硬件 · 正义', 3),
  ('lesson-h5-ab-review', 'unit-h5-ab', 'Society & Politics Review', 4),
  ('lesson-h5-ac-1', 'unit-h5-ac', '地震 · 回收', 1),
  ('lesson-h5-ac-2', 'unit-h5-ac', '灾难 · 灾区', 2),
  ('lesson-h5-ac-review', 'unit-h5-ac', 'Science & Environment Review', 3),
  ('lesson-h5-ad-1', 'unit-h5-ad', '部位 · 成语', 1),
  ('lesson-h5-ad-2', 'unit-h5-ad', '颗 · 拍摄', 2),
  ('lesson-h5-ad-3', 'unit-h5-ad', '神情 · 慰问', 3),
  ('lesson-h5-ad-review', 'unit-h5-ad', 'Arts & Literature Review', 4),
  ('lesson-h5-ae-1', 'unit-h5-ae', 'HSK 5 Graduation Exam', 1);
insert into vocab_items (id, course_id, hanzi, pinyin, english, part_of_speech, difficulty, image_url, emoji) values
  ('v-h5-an-wei', 'course-mandarin-1', '安慰', 'ān wèi', 'to comfort', 'word', 5, null, null),
  ('v-h5-an', 'course-mandarin-1', '岸', 'àn', 'variant of 岸', 'word', 5, null, null),
  ('v-h5-an-shang', 'course-mandarin-1', '岸上', 'àn shàng', 'ashore', 'word', 5, null, null),
  ('v-h5-an-mo', 'course-mandarin-1', '按摩', 'àn mó', 'massage', 'verb', 5, null, null),
  ('v-h5-ba', 'course-mandarin-1', '拔', 'bá', 'to pull up', 'word', 5, null, null),
  ('v-h5-bai-jiu', 'course-mandarin-1', '白酒', 'bái jiǔ', 'baijiu, a spirit usually distilled from sorghum', 'word', 5, null, null),
  ('v-h5-bai-fang', 'course-mandarin-1', '拜访', 'bài fǎng', 'to pay a visit; to call on', 'word', 5, null, null),
  ('v-h5-ban', 'course-mandarin-1', '版', 'bǎn', 'a register', 'word', 5, null, null),
  ('v-h5-ban-yan', 'course-mandarin-1', '扮演', 'bàn yǎn', 'to play the role of', 'word', 5, null, null),
  ('v-h5-bang', 'course-mandarin-1', '棒', 'bàng', 'stick', 'word', 5, null, null),
  ('v-h5-bao-wei', 'course-mandarin-1', '包围', 'bāo wéi', 'to surround', 'word', 5, null, null),
  ('v-h5-bao-zhuang', 'course-mandarin-1', '包装', 'bāo zhuāng', 'to pack', 'word', 5, null, null),
  ('v-h5-bo-ruo', 'course-mandarin-1', '薄弱', 'bó ruò', 'weak; frail', 'word', 5, null, null),
  ('v-h5-bao-wei-2', 'course-mandarin-1', '保卫', 'bǎo wèi', 'to defend', 'word', 5, null, null),
  ('v-h5-bao-yang', 'course-mandarin-1', '保养', 'bǎo yǎng', 'to take good care of (or conserve) one''s health', 'word', 5, null, null),
  ('v-h5-bao-da', 'course-mandarin-1', '报答', 'bào dá', 'to repay', 'word', 5, null, null),
  ('v-h5-bao-jing', 'course-mandarin-1', '报警', 'bào jǐng', 'to sound an alarm', 'word', 5, null, null),
  ('v-h5-bao-yuan', 'course-mandarin-1', '抱怨', 'bào yuàn', 'to complain', 'word', 5, null, null),
  ('v-h5-bei-ju', 'course-mandarin-1', '悲剧', 'bēi jù', 'tragedy', 'word', 5, null, null),
  ('v-h5-bei-shang', 'course-mandarin-1', '悲伤', 'bēi shāng', 'sad; sorrowful', 'word', 5, null, null),
  ('v-h5-bei-ji', 'course-mandarin-1', '北极', 'běi jí', 'the North Pole; the Arctic Pole', 'word', 5, null, null),
  ('v-h5-bei-bao', 'course-mandarin-1', '背包', 'bēi bāo', 'knapsack', 'word', 5, null, null),
  ('v-h5-bei-dong', 'course-mandarin-1', '被动', 'bèi dòng', 'passive', 'word', 5, null, null),
  ('v-h5-bei', 'course-mandarin-1', '辈', 'bèi', 'lifetime', 'word', 5, null, null),
  ('v-h5-ben-ren', 'course-mandarin-1', '本人', 'běn rén', 'I; me; myself', 'word', 5, null, null),
  ('v-h5-bi-zi', 'course-mandarin-1', '鼻子', 'bí zi', 'nose', 'word', 5, null, null),
  ('v-h5-bi-fang', 'course-mandarin-1', '比方', 'bǐ fang', 'analogy', 'word', 5, null, null),
  ('v-h5-bi-zhong', 'course-mandarin-1', '比重', 'bǐ zhòng', 'proportion', 'word', 5, null, null),
  ('v-h5-bi-ci', 'course-mandarin-1', '彼此', 'bǐ cǐ', 'each other; one another', 'word', 5, null, null),
  ('v-h5-bi', 'course-mandarin-1', '必', 'bì', 'certainly', 'word', 5, null, null),
  ('v-h5-bi-xu', 'course-mandarin-1', '必需', 'bì xū', 'to need', 'word', 5, null, null),
  ('v-h5-bi-jing', 'course-mandarin-1', '毕竟', 'bì jìng', 'after all', 'word', 5, null, null),
  ('v-h5-bi-mu', 'course-mandarin-1', '闭幕', 'bì mù', 'the curtain falls', 'word', 5, null, null),
  ('v-h5-bi-mu-shi', 'course-mandarin-1', '闭幕式', 'bì mù shì', 'closing ceremony', 'word', 5, null, null),
  ('v-h5-bian-jing', 'course-mandarin-1', '边境', 'biān jìng', 'frontier; border', 'word', 5, null, null),
  ('v-h5-bian-ji', 'course-mandarin-1', '编辑', 'biān jí', 'to edit', 'word', 5, null, null),
  ('v-h5-bian-dong', 'course-mandarin-1', '变动', 'biàn dòng', 'to change', 'verb', 5, null, null),
  ('v-h5-bian-li', 'course-mandarin-1', '便利', 'biàn lì', 'convenient', 'word', 5, null, null),
  ('v-h5-bian-yu', 'course-mandarin-1', '便于', 'biàn yú', 'easy to; convenient for', 'word', 5, null, null),
  ('v-h5-bing', 'course-mandarin-1', '饼', 'bǐng', 'round flat cake', 'word', 5, null, null),
  ('v-h5-bing-gan', 'course-mandarin-1', '饼干', 'bǐng gān', 'biscuit; cracker; cookie', 'word', 5, null, null),
  ('v-h5-bing-du', 'course-mandarin-1', '病毒', 'bìng dú', 'virus', 'word', 5, null, null),
  ('v-h5-bo-li', 'course-mandarin-1', '玻璃', 'bō li', 'glass', 'word', 5, null, null),
  ('v-h5-bo-ke', 'course-mandarin-1', '博客', 'bó kè', 'blog (loanword)', 'noun', 5, null, null),
  ('v-h5-bo-lan-hui', 'course-mandarin-1', '博览会', 'bó lǎn huì', 'exposition', 'word', 5, null, null),
  ('v-h5-bo-shi', 'course-mandarin-1', '博士', 'bó shì', 'doctor', 'word', 5, null, null),
  ('v-h5-bo-wu-guan', 'course-mandarin-1', '博物馆', 'bó wù guǎn', 'museum', 'word', 5, null, null),
  ('v-h5-bu-chang', 'course-mandarin-1', '补偿', 'bǔ cháng', 'to compensate', 'verb', 5, null, null),
  ('v-h5-bu-tie', 'course-mandarin-1', '补贴', 'bǔ tiē', 'to subsidize', 'word', 5, null, null),
  ('v-h5-bu-ceng', 'course-mandarin-1', '不曾', 'bù céng', 'hasn''t yet', 'word', 5, null, null),
  ('v-h5-bu-de-liao', 'course-mandarin-1', '不得了', 'bù dé liǎo', 'desperately serious', 'word', 5, null, null),
  ('v-h5-bu-gan-dang', 'course-mandarin-1', '不敢当', 'bù gǎn dāng', 'lit. I dare not (accept the honor); fig. I don''t deserve your praise', 'word', 5, null, null),
  ('v-h5-bu-gu', 'course-mandarin-1', '不顾', 'bù gù', 'in spite of; regardless of', 'word', 5, null, null),
  ('v-h5-bu-li', 'course-mandarin-1', '不利', 'bù lì', 'unfavorable', 'word', 5, null, null),
  ('v-h5-bu-liang', 'course-mandarin-1', '不良', 'bù liáng', 'bad', 'word', 5, null, null),
  ('v-h5-bu-mian', 'course-mandarin-1', '不免', 'bù miǎn', 'inevitably', 'word', 5, null, null),
  ('v-h5-bu-nai-fan', 'course-mandarin-1', '不耐烦', 'bù nài fán', 'impatient', 'word', 5, null, null),
  ('v-h5-bu-neng-bu', 'course-mandarin-1', '不能不', 'bù néng bù', 'have to', 'word', 5, null, null),
  ('v-h5-bu-shi', 'course-mandarin-1', '不时', 'bù shí', 'from time to time', 'word', 5, null, null),
  ('v-h5-bu-ting', 'course-mandarin-1', '不停', 'bù tíng', 'incessant', 'word', 5, null, null),
  ('v-h5-bu-xing', 'course-mandarin-1', '不幸', 'bù xìng', 'misfortune', 'word', 5, null, null),
  ('v-h5-bu-xu', 'course-mandarin-1', '不许', 'bù xǔ', 'not to allow', 'word', 5, null, null),
  ('v-h5-bu-yi', 'course-mandarin-1', '不易', 'bù yì', 'not easy to do sth', 'word', 5, null, null),
  ('v-h5-bu-zhi', 'course-mandarin-1', '不止', 'bù zhǐ', 'incessantly', 'word', 5, null, null),
  ('v-h5-bu-zu', 'course-mandarin-1', '不足', 'bù zú', 'insufficient', 'word', 5, null, null),
  ('v-h5-cai', 'course-mandarin-1', '猜', 'cāi', 'to guess', 'word', 5, null, null),
  ('v-h5-cai-ce', 'course-mandarin-1', '猜测', 'cāi cè', 'to guess', 'word', 5, null, null),
  ('v-h5-cai-pan', 'course-mandarin-1', '裁判', 'cái pàn', 'judgment', 'word', 5, null, null),
  ('v-h5-cai-gou', 'course-mandarin-1', '采购', 'cǎi gòu', 'to procure (for an enterprise etc)', 'word', 5, null, null),
  ('v-h5-cai-piao', 'course-mandarin-1', '彩票', 'cǎi piào', 'lottery ticket', 'word', 5, null, null),
  ('v-h5-can-guan', 'course-mandarin-1', '餐馆', 'cān guǎn', 'restaurant', 'word', 5, null, null),
  ('v-h5-can-ting', 'course-mandarin-1', '餐厅', 'cān tīng', 'dining hall', 'word', 5, null, null),
  ('v-h5-can-yin', 'course-mandarin-1', '餐饮', 'cān yǐn', 'food and beverage', 'word', 5, null, null),
  ('v-h5-cao-yuan', 'course-mandarin-1', '草原', 'cǎo yuán', 'grassland', 'word', 5, null, null),
  ('v-h5-ce', 'course-mandarin-1', '册', 'cè', 'book', 'word', 5, null, null),
  ('v-h5-ceng-ci', 'course-mandarin-1', '层次', 'céng cì', 'layer', 'word', 5, null, null),
  ('v-h5-cha', 'course-mandarin-1', '叉', 'chā', 'fork', 'word', 5, null, null),
  ('v-h5-cha-zi', 'course-mandarin-1', '叉子', 'chā zi', 'fork', 'word', 5, null, null),
  ('v-h5-cha-2', 'course-mandarin-1', '插', 'chā', 'to insert', 'word', 5, null, null),
  ('v-h5-cha-xun', 'course-mandarin-1', '查询', 'chá xún', 'to check', 'word', 5, null, null),
  ('v-h5-cha-bie', 'course-mandarin-1', '差别', 'chā bié', 'difference; distinction; disparity', 'word', 5, null, null),
  ('v-h5-cha-dian-r', 'course-mandarin-1', '差点儿', 'chà diǎn r', 'erhua variant of 差点', 'word', 5, null, null),
  ('v-h5-cha-ju', 'course-mandarin-1', '差距', 'chā jù', 'disparity', 'word', 5, null, null),
  ('v-h5-cha-yi-dian-r', 'course-mandarin-1', '差一点儿', 'chà yī diǎn r', 'erhua variant of 差一点', 'word', 5, null, null),
  ('v-h5-chai', 'course-mandarin-1', '拆', 'chāi', 'to tear open', 'word', 5, null, null),
  ('v-h5-chai-chu', 'course-mandarin-1', '拆除', 'chāi chú', 'to tear down', 'word', 5, null, null),
  ('v-h5-chan-ye', 'course-mandarin-1', '产业', 'chǎn yè', 'industry', 'word', 5, null, null),
  ('v-h5-chang', 'course-mandarin-1', '肠', 'cháng', 'intestines', 'word', 5, null, null),
  ('v-h5-chang-2', 'course-mandarin-1', '尝', 'cháng', 'to taste; to try (food)', 'word', 5, null, null),
  ('v-h5-chang-shi', 'course-mandarin-1', '尝试', 'cháng shì', 'to try; to attempt', 'word', 5, null, null),
  ('v-h5-chang-zhang', 'course-mandarin-1', '厂长', 'chǎng zhǎng', 'factory director', 'word', 5, null, null),
  ('v-h5-chang-mian', 'course-mandarin-1', '场面', 'chǎng miàn', 'scene', 'word', 5, null, null),
  ('v-h5-chang-dao', 'course-mandarin-1', '倡导', 'chàng dǎo', 'to advocate', 'word', 5, null, null),
  ('v-h5-chao-yue', 'course-mandarin-1', '超越', 'chāo yuè', 'to surpass', 'word', 5, null, null),
  ('v-h5-che-zhu', 'course-mandarin-1', '车主', 'chē zhǔ', 'vehicle owner', 'word', 5, null, null),
  ('v-h5-cheng-hao', 'course-mandarin-1', '称号', 'chēng hào', 'name', 'word', 5, null, null),
  ('v-h5-cheng-ben', 'course-mandarin-1', '成本', 'chéng běn', '(manufacturing, production etc) costs', 'word', 5, null, null),
  ('v-h5-cheng-jiao', 'course-mandarin-1', '成交', 'chéng jiāo', 'to complete a contract', 'word', 5, null, null),
  ('v-h5-cheng-xiao', 'course-mandarin-1', '成效', 'chéng xiào', 'effect', 'word', 5, null, null),
  ('v-h5-cheng-ban', 'course-mandarin-1', '承办', 'chéng bàn', 'to undertake', 'word', 5, null, null),
  ('v-h5-chengli', 'course-mandarin-1', '城里', 'chénglǐ', 'In the city', 'word', 5, null, null),
  ('v-h5-cheng', 'course-mandarin-1', '乘', 'Chéng', 'surname Cheng', 'word', 5, null, null),
  ('v-h5-cheng-che', 'course-mandarin-1', '乘车', 'chéng chē', 'to ride (in a car or carriage)', 'word', 5, null, null),
  ('v-h5-cheng-ke', 'course-mandarin-1', '乘客', 'chéng kè', 'passenger', 'word', 5, null, null),
  ('v-h5-cheng-zuo', 'course-mandarin-1', '乘坐', 'chéng zuò', 'to ride (in a vehicle)', 'word', 5, null, null),
  ('v-h5-chi-li', 'course-mandarin-1', '吃力', 'chī lì', 'to entail strenuous effort', 'word', 5, null, null),
  ('v-h5-chi-zi', 'course-mandarin-1', '池子', 'chí zi', 'pond', 'word', 5, null, null),
  ('v-h5-chi', 'course-mandarin-1', '迟', 'Chí', 'surname Chi', 'word', 5, null, null),
  ('v-h5-chong-zu', 'course-mandarin-1', '充足', 'chōng zú', 'adequate', 'word', 5, null, null),
  ('v-h5-chong-dong', 'course-mandarin-1', '冲动', 'chōng dòng', 'to have an urge', 'adjective', 5, null, null),
  ('v-h5-chou', 'course-mandarin-1', '愁', 'chóu', 'to worry about', 'word', 5, null, null),
  ('v-h5-chou-2', 'course-mandarin-1', '丑', 'Chǒu', 'surname Chou', 'word', 5, null, null),
  ('v-h5-chou-3', 'course-mandarin-1', '臭', 'chòu', 'stench', 'word', 5, null, null),
  ('v-h5-chu-ban', 'course-mandarin-1', '出版', 'chū bǎn', 'to publish', 'word', 5, null, null),
  ('v-h5-chu-chai', 'course-mandarin-1', '出差', 'chū chāi', 'to go on an official or business trip', 'word', 5, null, null),
  ('v-h5-chu-han', 'course-mandarin-1', '出汗', 'chū hàn', 'to perspire', 'noun', 5, null, null),
  ('v-h5-chu-yu', 'course-mandarin-1', '出于', 'chū yú', 'due to', 'word', 5, null, null),
  ('v-h5-chu-qi', 'course-mandarin-1', '初期', 'chū qī', 'initial stage', 'word', 5, null, null),
  ('v-h5-chu-fei', 'course-mandarin-1', '除非', 'chú fēi', 'only if (..., or otherwise, ...)', 'word', 5, null, null),
  ('v-h5-chu-xi', 'course-mandarin-1', '除夕', 'Chú xī', 'lunar New Year''s Eve', 'word', 5, null, null),
  ('v-h5-chu-fang', 'course-mandarin-1', '厨房', 'chú fáng', 'kitchen', 'word', 5, null, null),
  ('v-h5-chu-fa', 'course-mandarin-1', '处罚', 'chǔ fá', 'to penalize', 'verb', 5, null, null),
  ('v-h5-chu-fen', 'course-mandarin-1', '处分', 'chǔ fèn', 'to discipline sb', 'word', 5, null, null),
  ('v-h5-chu-zai', 'course-mandarin-1', '处在', 'chǔ zài', 'to be situated at', 'word', 5, null, null),
  ('v-h5-chuan-da', 'course-mandarin-1', '传达', 'chuán dá', 'to pass on', 'word', 5, null, null),
  ('v-h5-chuan-di', 'course-mandarin-1', '传递', 'chuán dì', 'to transmit; to pass on to sb else', 'word', 5, null, null),
  ('v-h5-chuan-zhen', 'course-mandarin-1', '传真', 'chuán zhēn', 'fax', 'word', 5, null, null),
  ('v-h5-chuang-lian', 'course-mandarin-1', '窗帘', 'chuāng lián', 'window curtains', 'word', 5, null, null),
  ('v-h5-chuang', 'course-mandarin-1', '闯', 'chuǎng', 'to rush', 'word', 5, null, null),
  ('v-h5-chuang-li', 'course-mandarin-1', '创立', 'chuàng lì', 'to establish', 'word', 5, null, null),
  ('v-h5-ci-dian', 'course-mandarin-1', '辞典', 'cí diǎn', 'dictionary (variant of 词典)', 'word', 5, null, null),
  ('v-h5-ci-zhi', 'course-mandarin-1', '辞职', 'cí zhí', 'to resign', 'word', 5, null, null),
  ('v-h5-ci-hou', 'course-mandarin-1', '此后', 'cǐ hòu', 'after this', 'word', 5, null, null),
  ('v-h5-ci-ke', 'course-mandarin-1', '此刻', 'cǐ kè', 'this moment', 'word', 5, null, null),
  ('v-h5-ci-shi', 'course-mandarin-1', '此时', 'cǐ shí', 'now', 'word', 5, null, null),
  ('v-h5-cong-ming', 'course-mandarin-1', '聪明', 'cōng ming', 'intelligent', 'word', 5, null, null),
  ('v-h5-cong-er', 'course-mandarin-1', '从而', 'cóng ér', 'thus', 'word', 5, null, null),
  ('v-h5-cong-zhong', 'course-mandarin-1', '从中', 'cóng zhōng', 'from within', 'word', 5, null, null),
  ('v-h5-cui', 'course-mandarin-1', '脆', 'cuì', 'old variant of 脆', 'word', 5, null, null),
  ('v-h5-cun-kuan', 'course-mandarin-1', '存款', 'cún kuǎn', 'to deposit money (in a bank etc)', 'word', 5, null, null),
  ('v-h5-cun', 'course-mandarin-1', '寸', 'cùn', 'a unit of length', 'word', 5, null, null),
  ('v-h5-da-cheng', 'course-mandarin-1', '达成', 'dá chéng', 'to reach (an agreement)', 'word', 5, null, null),
  ('v-h5-da', 'course-mandarin-1', '答', 'dā', 'bound form having the same meaning as the free word 答, used in 答应, 理 etc', 'word', 5, null, null),
  ('v-h5-da-fu', 'course-mandarin-1', '答复', 'dá fù', 'variant of 答复', 'word', 5, null, null),
  ('v-h5-da-ban', 'course-mandarin-1', '打扮', 'dǎ ban', 'to decorate', 'word', 5, null, null),
  ('v-h5-da-bao', 'course-mandarin-1', '打包', 'dǎ bāo', 'to wrap; to pack', 'word', 5, null, null),
  ('v-h5-da-ji', 'course-mandarin-1', '打击', 'dǎ jī', 'to hit', 'word', 5, null, null),
  ('v-h5-da-jia', 'course-mandarin-1', '打架', 'dǎ jià', 'to fight', 'word', 5, null, null),
  ('v-h5-da-rao', 'course-mandarin-1', '打扰', 'dǎ rǎo', 'to disturb', 'word', 5, null, null),
  ('v-h5-da-dan', 'course-mandarin-1', '大胆', 'dà dǎn', 'brazen', 'word', 5, null, null),
  ('v-h5-da-du', 'course-mandarin-1', '大都', 'Dà dū', 'Dadu, capital of China during the Yuan Dynasty (1280-1368), modern day Beijing', 'noun', 5, null, null),
  ('v-h5-da-gang', 'course-mandarin-1', '大纲', 'dà gāng', 'synopsis', 'word', 5, null, null),
  ('v-h5-da-huo-r', 'course-mandarin-1', '大伙儿', 'dà huǒ r', 'erhua variant of 大伙', 'word', 5, null, null),
  ('v-h5-da-jiang-sai', 'course-mandarin-1', '大奖赛', 'dà jiǎng sài', 'grand prix', 'word', 5, null, null),
  ('v-h5-da-nao', 'course-mandarin-1', '大脑', 'dà nǎo', 'brain', 'word', 5, null, null),
  ('v-h5-da-shi', 'course-mandarin-1', '大事', 'dà shì', 'major event', 'word', 5, null, null),
  ('v-h5-da-ting', 'course-mandarin-1', '大厅', 'dà tīng', 'hall', 'word', 5, null, null),
  ('v-h5-da-xiang', 'course-mandarin-1', '大象', 'dà xiàng', 'elephant', 'word', 5, null, null),
  ('v-h5-da-xiong-mao', 'course-mandarin-1', '大熊猫', 'dà xióng māo', 'giant panda (Ailuropoda melanoleuca)', 'word', 5, null, null),
  ('v-h5-da-yu', 'course-mandarin-1', '大于', 'dà yú', 'greater than; bigger than; more than', 'word', 5, null, null),
  ('v-h5-da-zhi', 'course-mandarin-1', '大致', 'dà zhì', 'more or less; roughly; approximately', 'word', 5, null, null),
  ('v-h5-dai', 'course-mandarin-1', '呆', 'dāi', 'foolish', 'word', 5, null, null),
  ('v-h5-dai-jia', 'course-mandarin-1', '代价', 'dài jià', 'price', 'word', 5, null, null),
  ('v-h5-dai-li', 'course-mandarin-1', '代理', 'dài lǐ', 'to act on behalf of sb in a responsible position', 'verb', 5, null, null),
  ('v-h5-dai-2', 'course-mandarin-1', '待', 'dāi', 'to stay', 'word', 5, null, null),
  ('v-h5-dai-kuan', 'course-mandarin-1', '贷款', 'dài kuǎn', 'a loan', 'word', 5, null, null),
  ('v-h5-dan-yi', 'course-mandarin-1', '单一', 'dān yī', 'single', 'word', 5, null, null),
  ('v-h5-dan', 'course-mandarin-1', '胆', 'dǎn', 'gall bladder', 'word', 5, null, null),
  ('v-h5-dan-2', 'course-mandarin-1', '弹', 'dàn', 'crossball', 'word', 5, null, null),
  ('v-h5-dan-gao', 'course-mandarin-1', '蛋糕', 'dàn gāo', 'cake', 'word', 5, null, null),
  ('v-h5-dang-chang', 'course-mandarin-1', '当场', 'dāng chǎng', 'at the scene', 'word', 5, null, null),
  ('v-h5-dang-dai', 'course-mandarin-1', '当代', 'dāng dài', 'the present age', 'word', 5, null, null),
  ('v-h5-dang-nian', 'course-mandarin-1', '当年', 'dāng nián', 'in those days', 'word', 5, null, null),
  ('v-h5-dang-qian', 'course-mandarin-1', '当前', 'dāng qián', 'the present time', 'word', 5, null, null),
  ('v-h5-dang-xuan', 'course-mandarin-1', '当选', 'dāng xuǎn', 'to be elected', 'word', 5, null, null),
  ('v-h5-dang', 'course-mandarin-1', '挡', 'dǎng', 'to resist', 'word', 5, null, null),
  ('v-h5-dao-lai', 'course-mandarin-1', '到来', 'dào lái', 'to arrive', 'word', 5, null, null),
  ('v-h5-dao-shi', 'course-mandarin-1', '倒是', 'dào shi', 'contrary to what one might expect', 'word', 5, null, null),
  ('v-h5-dao-de', 'course-mandarin-1', '道德', 'dào dé', 'virtue', 'word', 5, null, null),
  ('v-h5-de-yi', 'course-mandarin-1', '得以', 'dé yǐ', 'able to', 'word', 5, null, null),
  ('v-h5-di-dai', 'course-mandarin-1', '地带', 'dì dài', 'zone', 'word', 5, null, null),
  ('v-h5-di-xing', 'course-mandarin-1', '地形', 'dì xíng', 'topography', 'word', 5, null, null),
  ('v-h5-deng-hou', 'course-mandarin-1', '等候', 'děng hòu', 'to wait', 'word', 5, null, null),
  ('v-h5-deng-ji', 'course-mandarin-1', '等级', 'děng jí', 'grade', 'word', 5, null, null),
  ('v-h5-di-yu', 'course-mandarin-1', '低于', 'dī yú', 'to be lower than', 'word', 5, null, null),
  ('v-h5-di', 'course-mandarin-1', '递', 'dì', 'to hand over; to pass on; to deliver', 'word', 5, null, null),
  ('v-h5-di-gei', 'course-mandarin-1', '递给', 'dì gěi', 'to hand it (i.e. the aforementioned item) to (sb)', 'word', 5, null, null),
  ('v-h5-dian-li', 'course-mandarin-1', '典礼', 'diǎn lǐ', 'celebration', 'word', 5, null, null),
  ('v-h5-dian-ran', 'course-mandarin-1', '点燃', 'diǎn rán', 'to ignite', 'word', 5, null, null),
  ('v-h5-dian-chi', 'course-mandarin-1', '电池', 'diàn chí', 'battery', 'word', 5, null, null),
  ('v-h5-dian-fan-guo', 'course-mandarin-1', '电饭锅', 'diàn fàn guō', 'electric rice cooker', 'word', 5, null, null),
  ('v-h5-dian-zi-ban', 'course-mandarin-1', '电子版', 'diàn zǐ bǎn', 'electronic edition', 'word', 5, null, null),
  ('v-h5-diao-dong', 'course-mandarin-1', '调动', 'diào dòng', 'to transfer', 'word', 5, null, null),
  ('v-h5-tiao-jie', 'course-mandarin-1', '调节', 'tiáo jié', 'to adjust', 'word', 5, null, null),
  ('v-h5-tiao-jie-2', 'course-mandarin-1', '调解', 'tiáo jiě', 'to mediate', 'word', 5, null, null),
  ('v-h5-diu', 'course-mandarin-1', '丢', 'diū', 'to lose', 'word', 5, null, null),
  ('v-h5-dong-ji', 'course-mandarin-1', '动机', 'dòng jī', 'motive; motivation', 'word', 5, null, null),
  ('v-h5-dong-shou', 'course-mandarin-1', '动手', 'dòng shǒu', 'to set about (a task)', 'word', 5, null, null),
  ('v-h5-dong-tai', 'course-mandarin-1', '动态', 'dòng tài', 'movement', 'word', 5, null, null),
  ('v-h5-dong-yuan', 'course-mandarin-1', '动员', 'dòng yuán', 'to mobilize', 'word', 5, null, null),
  ('v-h5-dong', 'course-mandarin-1', '冻', 'dòng', 'to freeze', 'word', 5, null, null),
  ('v-h5-dong-2', 'course-mandarin-1', '洞', 'dòng', 'cave', 'word', 5, null, null),
  ('v-h5-dou-zhi-pin', 'course-mandarin-1', '豆制品', 'dòu zhì pǐn', 'legume-based product', 'word', 5, null, null),
  ('v-h5-du', 'course-mandarin-1', '毒', 'dú', 'poison', 'word', 5, null, null),
  ('v-h5-dui', 'course-mandarin-1', '堆', 'duī', 'to pile up', 'word', 5, null, null),
  ('v-h5-dui-li', 'course-mandarin-1', '对立', 'duì lì', 'to oppose', 'word', 5, null, null),
  ('v-h5-dun', 'course-mandarin-1', '吨', 'dūn', 'ton (loanword)', 'word', 5, null, null),
  ('v-h5-duo', 'course-mandarin-1', '朵', 'duǒ', 'flower', 'word', 5, null, null),
  ('v-h5-duo-2', 'course-mandarin-1', '躲', 'duǒ', 'to hide', 'word', 5, null, null),
  ('v-h5-er-nu', 'course-mandarin-1', '儿女', 'ér nǚ', 'children; sons and daughters', 'word', 5, null, null),
  ('v-h5-er-duo', 'course-mandarin-1', '耳朵', 'ěr duo', 'ear', 'word', 5, null, null),
  ('v-h5-er-wei-ma', 'course-mandarin-1', '二维码', 'èr wéi mǎ', 'two-dimensional barcode', 'noun', 5, null, null),
  ('v-h5-fa-bu', 'course-mandarin-1', '发布', 'fā bù', 'to release', 'word', 5, null, null),
  ('v-h5-fa-she', 'course-mandarin-1', '发射', 'fā shè', 'to shoot (a projectile)', 'word', 5, null, null),
  ('v-h5-fa-xing', 'course-mandarin-1', '发行', 'fā xíng', 'to publish', 'word', 5, null, null),
  ('v-h5-fa', 'course-mandarin-1', '罚', 'fá', 'to punish', 'word', 5, null, null),
  ('v-h5-fa-kuan', 'course-mandarin-1', '罚款', 'fá kuǎn', 'to fine', 'word', 5, null, null),
  ('v-h5-fa-gui', 'course-mandarin-1', '法规', 'fǎ guī', 'legislation', 'word', 5, null, null),
  ('v-h5-fa-zhi', 'course-mandarin-1', '法制', 'fǎ zhì', 'legal system and institutions', 'word', 5, null, null),
  ('v-h5-fan-rong', 'course-mandarin-1', '繁荣', 'fán róng', 'prosperous; booming (economy)', 'adjective', 5, null, null),
  ('v-h5-fan-hui', 'course-mandarin-1', '返回', 'fǎn huí', 'to return to', 'word', 5, null, null),
  ('v-h5-fang-zhi', 'course-mandarin-1', '防治', 'fáng zhì', 'to prevent and cure', 'verb', 5, null, null),
  ('v-h5-fang-da', 'course-mandarin-1', '放大', 'fàng dà', 'to enlarge', 'word', 5, null, null),
  ('v-h5-fang-qi', 'course-mandarin-1', '放弃', 'fàng qì', 'to renounce; to abandon; to give up', 'word', 5, null, null),
  ('v-h5-fen-cheng', 'course-mandarin-1', '分成', 'fēn chéng', 'to divide (into)', 'word', 5, null, null),
  ('v-h5-fen-jie', 'course-mandarin-1', '分解', 'fēn jiě', 'to resolve', 'word', 5, null, null),
  ('v-h5-fen-lei', 'course-mandarin-1', '分类', 'fēn lèi', 'to classify', 'verb', 5, null, null),
  ('v-h5-fen-li', 'course-mandarin-1', '分离', 'fēn lí', 'to separate', 'word', 5, null, null),
  ('v-h5-fen-xi', 'course-mandarin-1', '分析', 'fēn xī', 'to analyze', 'word', 5, null, null),
  ('v-h5-fen-xiang', 'course-mandarin-1', '分享', 'fēn xiǎng', 'to share (let others have some of sth good)', 'word', 5, null, null),
  ('v-h5-feng-shou', 'course-mandarin-1', '丰收', 'fēng shōu', 'bumper harvest', 'word', 5, null, null),
  ('v-h5-feng-du', 'course-mandarin-1', '风度', 'fēng dù', 'elegance (for men)', 'word', 5, null, null),
  ('v-h5-feng-guang', 'course-mandarin-1', '风光', 'fēng guāng', 'scene', 'word', 5, null, null),
  ('v-h5-feng', 'course-mandarin-1', '疯', 'fēng', 'insane', 'word', 5, null, null),
  ('v-h5-feng-kuang', 'course-mandarin-1', '疯狂', 'fēng kuáng', 'crazy; frenzied; wild', 'word', 5, null, null),
  ('v-h5-fu', 'course-mandarin-1', '扶', 'fú', 'to support with the hand', 'word', 5, null, null),
  ('v-h5-fu-cong', 'course-mandarin-1', '服从', 'fú cóng', 'to obey (an order)', 'word', 5, null, null),
  ('v-h5-fu-2', 'course-mandarin-1', '幅', 'fú', 'width', 'word', 5, null, null),
  ('v-h5-fu-du', 'course-mandarin-1', '幅度', 'fú dù', 'width', 'word', 5, null, null),
  ('v-h5-fu-li', 'course-mandarin-1', '福利', 'fú lì', 'material benefit', 'word', 5, null, null),
  ('v-h5-fu-zhu', 'course-mandarin-1', '辅助', 'fǔ zhù', 'to assist; to aid', 'verb', 5, null, null),
  ('v-h5-fu-ze-ren', 'course-mandarin-1', '负责人', 'fù zé rén', 'person in charge', 'word', 5, null, null),
  ('v-h5-fu-jian', 'course-mandarin-1', '附件', 'fù jiàn', 'enclosure', 'word', 5, null, null),
  ('v-h5-gan-xiang', 'course-mandarin-1', '感想', 'gǎn xiǎng', 'impressions', 'word', 5, null, null),
  ('v-h5-gan-cui', 'course-mandarin-1', '干脆', 'gān cuì', 'candid', 'word', 5, null, null),
  ('v-h5-gan-rao', 'course-mandarin-1', '干扰', 'gān rǎo', 'to disturb', 'word', 5, null, null),
  ('v-h5-gan-yu', 'course-mandarin-1', '干预', 'gān yù', 'to meddle', 'word', 5, null, null),
  ('v-h5-gang-bi', 'course-mandarin-1', '钢笔', 'gāng bǐ', 'fountain pen', 'word', 5, null, null),
  ('v-h5-gang-qin', 'course-mandarin-1', '钢琴', 'gāng qín', 'piano', 'word', 5, null, null),
  ('v-h5-gao-da', 'course-mandarin-1', '高大', 'gāo dà', 'tall; lofty; towering', 'word', 5, null, null),
  ('v-h5-gao-du', 'course-mandarin-1', '高度', 'gāo dù', 'height', 'word', 5, null, null),
  ('v-h5-gao-gen-xie', 'course-mandarin-1', '高跟鞋', 'gāo gēn xié', 'high-heeled shoes', 'word', 5, null, null),
  ('v-h5-gao-wen', 'course-mandarin-1', '高温', 'gāo wēn', 'high temperature', 'word', 5, null, null),
  ('v-h5-gao-yu', 'course-mandarin-1', '高于', 'gāo yú', 'greater than', 'word', 5, null, null),
  ('v-h5-gao-yuan', 'course-mandarin-1', '高原', 'gāo yuán', 'plateau', 'word', 5, null, null),
  ('v-h5-gao', 'course-mandarin-1', '搞', 'gǎo', 'to do', 'word', 5, null, null),
  ('v-h5-gao-hao', 'course-mandarin-1', '搞好', 'gǎo hǎo', 'to do well at', 'word', 5, null, null),
  ('v-h5-ge-qu', 'course-mandarin-1', '歌曲', 'gē qǔ', 'song', 'word', 5, null, null),
  ('v-h5-ge-bi', 'course-mandarin-1', '隔壁', 'gé bì', 'next door', 'word', 5, null, null),
  ('v-h5-ge-r', 'course-mandarin-1', '个儿', 'gè r', 'size', 'word', 5, null, null),
  ('v-h5-gen-qian', 'course-mandarin-1', '跟前', 'gēn qián', 'the front (of)', 'word', 5, null, null),
  ('v-h5-gen-sui', 'course-mandarin-1', '跟随', 'gēn suí', 'to follow', 'word', 5, null, null),
  ('v-h5-geng-huan', 'course-mandarin-1', '更换', 'gēng huàn', 'to replace (a worn-out tire etc)', 'word', 5, null, null),
  ('v-h5-geng-xin', 'course-mandarin-1', '更新', 'gēng xīn', 'to replace the old with new', 'word', 5, null, null),
  ('v-h5-gong-zuo-ri', 'course-mandarin-1', '工作日', 'gōng zuò rì', 'workday', 'word', 5, null, null),
  ('v-h5-gong-gao', 'course-mandarin-1', '公告', 'gōng gào', 'post', 'word', 5, null, null),
  ('v-h5-gong-ren', 'course-mandarin-1', '公认', 'gōng rèn', 'publicly known (to be)', 'word', 5, null, null),
  ('v-h5-gong-shi', 'course-mandarin-1', '公式', 'gōng shì', 'formula', 'word', 5, null, null),
  ('v-h5-gong-zheng', 'course-mandarin-1', '公正', 'gōng zhèng', 'just; fair; equitable', 'word', 5, null, null),
  ('v-h5-gong-ji', 'course-mandarin-1', '共计', 'gòng jì', 'to sum up to', 'word', 5, null, null),
  ('v-h5-gong-xiang', 'course-mandarin-1', '共享', 'gòng xiǎng', 'to share', 'word', 5, null, null),
  ('v-h5-gou', 'course-mandarin-1', '沟', 'gōu', 'ditch', 'word', 5, null, null),
  ('v-h5-gou-tong', 'course-mandarin-1', '沟通', 'gōu tōng', 'to join; to connect; to link up', 'word', 5, null, null),
  ('v-h5-gu-ji', 'course-mandarin-1', '估计', 'gū jì', 'to estimate', 'word', 5, null, null),
  ('v-h5-gu-lao', 'course-mandarin-1', '古老', 'gǔ lǎo', 'ancient', 'word', 5, null, null),
  ('v-h5-gu', 'course-mandarin-1', '鼓', 'gǔ', 'old variant of 鼓', 'word', 5, null, null),
  ('v-h5-gu-li', 'course-mandarin-1', '鼓励', 'gǔ lì', 'to encourage', 'word', 5, null, null),
  ('v-h5-gu-zhang', 'course-mandarin-1', '鼓掌', 'gǔ zhǎng', 'to applaud', 'word', 5, null, null),
  ('v-h5-gu-wen', 'course-mandarin-1', '顾问', 'gù wèn', 'adviser', 'word', 5, null, null),
  ('v-h5-guan-huai', 'course-mandarin-1', '关怀', 'guān huái', 'care', 'verb', 5, null, null),
  ('v-h5-guan-jian', 'course-mandarin-1', '关键', 'guān jiàn', 'crucial point', 'word', 5, null, null),
  ('v-h5-guan-jun', 'course-mandarin-1', '冠军', 'guàn jūn', 'champion', 'word', 5, null, null),
  ('v-h5-guang-rong', 'course-mandarin-1', '光荣', 'guāng róng', 'honor and glory', 'word', 5, null, null),
  ('v-h5-guang-xian', 'course-mandarin-1', '光线', 'guāng xiàn', 'light ray', 'word', 5, null, null),
  ('v-h5-guang-fan', 'course-mandarin-1', '广泛', 'guǎng fàn', 'extensive', 'word', 5, null, null),
  ('v-h5-gui-hua', 'course-mandarin-1', '规划', 'guī huà', 'to draw up a plan; to map out a program', 'word', 5, null, null),
  ('v-h5-gui', 'course-mandarin-1', '鬼', 'guǐ', 'disembodied spirit; ghost; devil', 'word', 5, null, null),
  ('v-h5-gui-zi', 'course-mandarin-1', '柜子', 'guì zi', 'cupboard', 'word', 5, null, null),
  ('v-h5-gun', 'course-mandarin-1', '滚', 'gǔn', 'to boil', 'word', 5, null, null),
  ('v-h5-guo', 'course-mandarin-1', '锅', 'guō', 'pot; pan; wok; cauldron', 'word', 5, null, null),
  ('v-h5-guo-ji', 'course-mandarin-1', '国籍', 'guó jí', 'nationality', 'word', 5, null, null),
  ('v-h5-guo-min', 'course-mandarin-1', '国民', 'guó mín', 'nationals', 'word', 5, null, null),
  ('v-h5-guo-du', 'course-mandarin-1', '过度', 'guò dù', 'excessive', 'word', 5, null, null),
  ('v-h5-guo-min-2', 'course-mandarin-1', '过敏', 'guò mǐn', 'oversensitive', 'word', 5, null, null),
  ('v-h5-guo-yu', 'course-mandarin-1', '过于', 'guò yú', 'too much', 'word', 5, null, null),
  ('v-h5-hai', 'course-mandarin-1', '咳', 'hāi', 'sound of sighing', 'word', 5, null, null),
  ('v-h5-hai-2', 'course-mandarin-1', '害', 'hài', 'to do harm to', 'word', 5, null, null),
  ('v-h5-han', 'course-mandarin-1', '汗', 'hán', 'see 汗, 汗国', 'word', 5, null, null),
  ('v-h5-hao-yun', 'course-mandarin-1', '好运', 'hǎo yùn', 'good luck', 'word', 5, null, null),
  ('v-h5-hao-zhao', 'course-mandarin-1', '号召', 'hào zhào', 'to call', 'word', 5, null, null),
  ('v-h5-he-bing', 'course-mandarin-1', '合并', 'hé bìng', 'variant of 合并', 'word', 5, null, null),
  ('v-h5-he-cheng', 'course-mandarin-1', '合成', 'hé chéng', 'to compose', 'verb', 5, null, null),
  ('v-h5-he', 'course-mandarin-1', '盒', 'hé', 'small box', 'word', 5, null, null),
  ('v-h5-he-zi', 'course-mandarin-1', '盒子', 'hé zi', 'box', 'word', 5, null, null),
  ('v-h5-he-ka', 'course-mandarin-1', '贺卡', 'hè kǎ', 'greeting card', 'word', 5, null, null),
  ('v-h5-hen', 'course-mandarin-1', '恨', 'hèn', 'to hate', 'word', 5, null, null),
  ('v-h5-hou', 'course-mandarin-1', '猴', 'hóu', 'monkey', 'word', 5, null, null),
  ('v-h5-hou-hui', 'course-mandarin-1', '后悔', 'hòu huǐ', 'to regret; to feel remorse', 'word', 5, null, null),
  ('v-h5-hutongr5', 'course-mandarin-1', '胡同儿', 'hútòngr5', 'Alley', 'noun', 5, null, null),
  ('v-h5-hu-zi', 'course-mandarin-1', '胡子', 'hú zi', 'beard', 'word', 5, null, null),
  ('v-h5-hu', 'course-mandarin-1', '虎', 'hǔ', 'tiger', 'word', 5, null, null),
  ('v-h5-hua-yu', 'course-mandarin-1', '华语', 'Huá yǔ', 'Chinese language', 'noun', 5, null, null),
  ('v-h5-hua', 'course-mandarin-1', '滑', 'Huá', 'surname Hua', 'word', 5, null, null),
  ('v-h5-hua-shi', 'course-mandarin-1', '化石', 'huà shí', 'fossil', 'word', 5, null, null),
  ('v-h5-hua-fen', 'course-mandarin-1', '划分', 'huà fēn', 'to divide up', 'word', 5, null, null),
  ('v-h5-hua-mian', 'course-mandarin-1', '画面', 'huà miàn', 'scene', 'word', 5, null, null),
  ('v-h5-huan-jie', 'course-mandarin-1', '环节', 'huán jié', '(zoology) segment (of the body of a worm, centipede etc)', 'word', 5, null, null),
  ('v-h5-huang', 'course-mandarin-1', '慌', 'huāng', 'to get panicky', 'word', 5, null, null),
  ('v-h5-huang-mang', 'course-mandarin-1', '慌忙', 'huāng máng', 'in a great rush', 'word', 5, null, null),
  ('v-h5-hui-se', 'course-mandarin-1', '灰色', 'huī sè', 'gray', 'word', 5, null, null),
  ('v-h5-hui-fu', 'course-mandarin-1', '恢复', 'huī fù', 'to reinstate', 'word', 5, null, null),
  ('v-h5-hui-bao', 'course-mandarin-1', '回报', 'huí bào', '(in) return', 'word', 5, null, null),
  ('v-h5-hui-bi', 'course-mandarin-1', '回避', 'huí bì', 'variant of 回避', 'word', 5, null, null),
  ('v-h5-hui-gu', 'course-mandarin-1', '回顾', 'huí gù', 'to look back', 'word', 5, null, null),
  ('v-h5-hui-tou', 'course-mandarin-1', '回头', 'huí tóu', 'to turn round; to turn one''s head', 'word', 5, null, null),
  ('v-h5-hui-xin', 'course-mandarin-1', '回信', 'huí xìn', 'to reply', 'word', 5, null, null),
  ('v-h5-hui-yi', 'course-mandarin-1', '回忆', 'huí yì', 'to recall', 'word', 5, null, null),
  ('v-h5-hui-kuan', 'course-mandarin-1', '汇款', 'huì kuǎn', 'to remit money', 'word', 5, null, null),
  ('v-h5-hui-tan', 'course-mandarin-1', '会谈', 'huì tán', 'talks', 'word', 5, null, null),
  ('v-h5-huo-po', 'course-mandarin-1', '活泼', 'huó po', 'lively', 'word', 5, null, null),
  ('v-h5-huo-chai', 'course-mandarin-1', '火柴', 'huǒ chái', 'match (for lighting fire)', 'word', 5, null, null),
  ('v-h5-huo-tui', 'course-mandarin-1', '火腿', 'huǒ tuǐ', 'ham', 'word', 5, null, null),
  ('v-h5-huo-zai', 'course-mandarin-1', '火灾', 'huǒ zāi', 'serious fire (in a city or a forest etc)', 'word', 5, null, null),
  ('v-h5-huo-shi', 'course-mandarin-1', '或是', 'huò shì', 'or', 'word', 5, null, null),
  ('v-h5-ji-qi-ren', 'course-mandarin-1', '机器人', 'jī qì rén', 'robot', 'word', 5, null, null),
  ('v-h5-ji-zhi', 'course-mandarin-1', '机制', 'jī zhì', 'mechanism', 'word', 5, null, null),
  ('v-h5-ji-rou', 'course-mandarin-1', '肌肉', 'jī ròu', 'muscle', 'word', 5, null, null),
  ('v-h5-ji-di', 'course-mandarin-1', '基地', 'jī dì', 'base (of operations)', 'word', 5, null, null),
  ('v-h5-ji-jin', 'course-mandarin-1', '基金', 'jī jīn', 'fund', 'word', 5, null, null),
  ('v-h5-ji-shi', 'course-mandarin-1', '即使', 'jí shǐ', 'even if; even though', 'word', 5, null, null),
  ('v-h5-ji-tuan', 'course-mandarin-1', '集团', 'jí tuán', 'group', 'word', 5, null, null),
  ('v-h5-ji', 'course-mandarin-1', '挤', 'jǐ', 'to crowd in', 'word', 5, null, null),
  ('v-h5-ji-yi', 'course-mandarin-1', '记忆', 'jì yì', 'to remember', 'word', 5, null, null),
  ('v-h5-ji-neng', 'course-mandarin-1', '技能', 'jì néng', 'technical ability', 'word', 5, null, null),
  ('v-h5-ji-cheng', 'course-mandarin-1', '继承', 'jì chéng', 'to inherit', 'word', 5, null, null),
  ('v-h5-jia-re', 'course-mandarin-1', '加热', 'jiā rè', 'to heat', 'word', 5, null, null),
  ('v-h5-jia-shang', 'course-mandarin-1', '加上', 'jiā shàng', 'plus', 'word', 5, null, null),
  ('v-h5-jia-su', 'course-mandarin-1', '加速', 'jiā sù', 'to speed up', 'word', 5, null, null),
  ('v-h5-jia-yi', 'course-mandarin-1', '加以', 'jiā yǐ', 'in addition', 'word', 5, null, null),
  ('v-h5-jia', 'course-mandarin-1', '夹', 'jiā', 'to press from either side', 'word', 5, null, null),
  ('v-h5-jia-2', 'course-mandarin-1', '甲', 'jiǎ', 'first of the ten Heavenly Stems 干', 'word', 5, null, null),
  ('v-h5-jia-3', 'course-mandarin-1', '价', 'jià', 'price', 'word', 5, null, null),
  ('v-h5-jia-shi', 'course-mandarin-1', '驾驶', 'jià shǐ', 'to pilot (ship, airplane etc)', 'word', 5, null, null),
  ('v-h5-jia-zhao', 'course-mandarin-1', '驾照', 'jià zhào', 'driver''s license', 'word', 5, null, null),
  ('v-h5-jian-ding', 'course-mandarin-1', '坚定', 'jiān dìng', 'firm', 'word', 5, null, null),
  ('v-h5-jian-jie', 'course-mandarin-1', '间接', 'jiàn jiē', 'indirect', 'word', 5, null, null),
  ('v-h5-jian', 'course-mandarin-1', '肩', 'jiān', 'shoulder', 'word', 5, null, null),
  ('v-h5-jian-ku', 'course-mandarin-1', '艰苦', 'jiān kǔ', 'difficult', 'word', 5, null, null),
  ('v-h5-jian-nan', 'course-mandarin-1', '艰难', 'jiān nán', 'difficult', 'word', 5, null, null),
  ('v-h5-jian-qing', 'course-mandarin-1', '减轻', 'jiǎn qīng', 'to lighten', 'word', 5, null, null),
  ('v-h5-jian-2', 'course-mandarin-1', '剪', 'Jiǎn', 'surname Jian', 'word', 5, null, null),
  ('v-h5-jian-dao', 'course-mandarin-1', '剪刀', 'jiǎn dāo', 'scissors', 'word', 5, null, null),
  ('v-h5-jian-zi', 'course-mandarin-1', '剪子', 'jiǎn zi', 'clippers', 'word', 5, null, null),
  ('v-h5-jian-yan', 'course-mandarin-1', '检验', 'jiǎn yàn', 'to inspect', 'word', 5, null, null),
  ('v-h5-jian-zao', 'course-mandarin-1', '建造', 'jiàn zào', 'to construct', 'word', 5, null, null),
  ('v-h5-jian-zhu', 'course-mandarin-1', '建筑', 'jiàn zhù', 'to construct', 'word', 5, null, null),
  ('v-h5-jian-quan', 'course-mandarin-1', '健全', 'jiàn quán', 'robust', 'word', 5, null, null),
  ('v-h5-jian-3', 'course-mandarin-1', '键', 'jiàn', 'key (on a piano or computer keyboard)', 'word', 5, null, null),
  ('v-h5-jian-pan', 'course-mandarin-1', '键盘', 'jiàn pán', 'keyboard', 'word', 5, null, null),
  ('v-h5-jiang', 'course-mandarin-1', '将', 'jiāng', 'will', 'word', 5, null, null),
  ('v-h5-jiang-yao', 'course-mandarin-1', '将要', 'jiāng yào', 'will', 'word', 5, null, null),
  ('v-h5-jiao-dai', 'course-mandarin-1', '交代', 'jiāo dài', 'to transfer (duties to sb else)', 'word', 5, null, null),
  ('v-h5-jiao-qu', 'course-mandarin-1', '郊区', 'jiāo qū', 'suburban district', 'word', 5, null, null),
  ('v-h5-jiao-dai-2', 'course-mandarin-1', '胶带', 'jiāo dài', 'adhesive tape', 'word', 5, null, null),
  ('v-h5-jiao-shui', 'course-mandarin-1', '胶水', 'jiāo shuǐ', 'glue', 'word', 5, null, null),
  ('v-h5-jiao-bu', 'course-mandarin-1', '脚步', 'jiǎo bù', 'footstep', 'word', 5, null, null),
  ('v-h5-jie-chu', 'course-mandarin-1', '接触', 'jiē chù', 'to touch', 'word', 5, null, null),
  ('v-h5-jie-lian', 'course-mandarin-1', '接连', 'jiē lián', 'on end', 'word', 5, null, null),
  ('v-h5-jie-chu-2', 'course-mandarin-1', '解除', 'jiě chú', 'to remove', 'word', 5, null, null),
  ('v-h5-jie-fang', 'course-mandarin-1', '解放', 'jiě fàng', 'to liberate', 'word', 5, null, null),
  ('v-h5-jie', 'course-mandarin-1', '戒', 'jiè', 'to guard against', 'word', 5, null, null),
  ('v-h5-jie-2', 'course-mandarin-1', '届', 'jiè', 'to arrive at (place or time)', 'word', 5, null, null),
  ('v-h5-jin-ri', 'course-mandarin-1', '今日', 'jīn rì', 'today', 'word', 5, null, null),
  ('v-h5-jin-guan', 'course-mandarin-1', '尽管', 'jǐn guǎn', 'despite', 'word', 5, null, null),
  ('v-h5-jin-ke-neng', 'course-mandarin-1', '尽可能', 'jǐn kě néng', 'as far as possible', 'word', 5, null, null),
  ('v-h5-jin-jin', 'course-mandarin-1', '紧紧', 'jǐn jǐn', 'closely', 'word', 5, null, null),
  ('v-h5-jin-lai', 'course-mandarin-1', '近来', 'jìn lái', 'recently', 'word', 5, null, null),
  ('v-h5-jin-hua', 'course-mandarin-1', '进化', 'jìn huà', 'evolution', 'word', 5, null, null),
  ('v-h5-jing-fei', 'course-mandarin-1', '经费', 'jīng fèi', 'funds', 'word', 5, null, null),
  ('v-h5-jing-xiang', 'course-mandarin-1', '景象', 'jǐng xiàng', 'scene', 'word', 5, null, null),
  ('v-h5-jing-sai', 'course-mandarin-1', '竞赛', 'jìng sài', 'to compete; to race', 'verb', 5, null, null),
  ('v-h5-jing-zheng', 'course-mandarin-1', '竞争', 'jìng zhēng', 'to compete', 'verb', 5, null, null),
  ('v-h5-jiu-gui', 'course-mandarin-1', '酒鬼', 'jiǔ guǐ', 'drunkard', 'word', 5, null, null),
  ('v-h5-ju-ran', 'course-mandarin-1', '居然', 'jū rán', 'unexpectedly', 'word', 5, null, null),
  ('v-h5-ju-mian', 'course-mandarin-1', '局面', 'jú miàn', 'aspect', 'word', 5, null, null),
  ('v-h5-ju-zhang', 'course-mandarin-1', '局长', 'jú zhǎng', 'bureau chief', 'word', 5, null, null),
  ('v-h5-ju-dong', 'course-mandarin-1', '举动', 'jǔ dòng', 'act', 'word', 5, null, null),
  ('v-h5-ju-jue', 'course-mandarin-1', '拒绝', 'jù jué', 'to refuse; to decline; to reject', 'word', 5, null, null),
  ('v-h5-ju-le-bu', 'course-mandarin-1', '俱乐部', 'jù lè bù', 'club (the organisation or its premises) (loanword)', 'word', 5, null, null),
  ('v-h5-ju-ben', 'course-mandarin-1', '剧本', 'jù běn', 'script for play, opera, movie etc', 'word', 5, null, null),
  ('v-h5-jue-bu', 'course-mandarin-1', '决不', 'jué bù', 'not at all', 'word', 5, null, null),
  ('v-h5-jue-wang', 'course-mandarin-1', '绝望', 'jué wàng', 'to despair', 'word', 5, null, null),
  ('v-h5-jun-ren', 'course-mandarin-1', '军人', 'jūn rén', 'serviceman', 'word', 5, null, null),
  ('v-h5-kai-mu', 'course-mandarin-1', '开幕', 'kāi mù', 'to open (a conference)', 'word', 5, null, null),
  ('v-h5-kai-mu-shi', 'course-mandarin-1', '开幕式', 'kāi mù shì', 'opening ceremony', 'word', 5, null, null),
  ('v-h5-kan-cheng', 'course-mandarin-1', '看成', 'kàn chéng', 'to regard as', 'word', 5, null, null),
  ('v-h5-kan-chu', 'course-mandarin-1', '看出', 'kàn chū', 'to make out', 'word', 5, null, null),
  ('v-h5-kan-dai', 'course-mandarin-1', '看待', 'kàn dài', 'to look upon; to regard', 'word', 5, null, null),
  ('v-h5-kao-he', 'course-mandarin-1', '考核', 'kǎo hé', 'to examine', 'verb', 5, null, null),
  ('v-h5-kao-rou', 'course-mandarin-1', '烤肉', 'kǎo ròu', 'barbecue (lit. roast meat)', 'word', 5, null, null),
  ('v-h5-kao-ya', 'course-mandarin-1', '烤鸭', 'kǎo yā', 'roast duck', 'word', 5, null, null),
  ('v-h5-kao-jin', 'course-mandarin-1', '靠近', 'kào jìn', 'to be close to', 'word', 5, null, null),
  ('v-h5-ke', 'course-mandarin-1', '可', 'kě', '(prefix) can; may; able to; -able', 'word', 5, null, null),
  ('v-h5-ke-lian', 'course-mandarin-1', '可怜', 'kě lián', 'pitiful', 'word', 5, null, null),
  ('v-h5-ke-xi', 'course-mandarin-1', '可惜', 'kě xī', 'it is a pity', 'word', 5, null, null),
  ('v-h5-ke-wang', 'course-mandarin-1', '渴望', 'kě wàng', 'to thirst for', 'word', 5, null, null),
  ('v-h5-ke-hu', 'course-mandarin-1', '客户', 'kè hù', 'client', 'word', 5, null, null),
  ('v-h5-ke-qi', 'course-mandarin-1', '客气', 'kè qi', 'polite', 'word', 5, null, null),
  ('v-h5-ke-ting', 'course-mandarin-1', '客厅', 'kè tīng', 'drawing room (room for arriving guests)', 'word', 5, null, null),
  ('v-h5-ke-ti', 'course-mandarin-1', '课题', 'kè tí', 'task', 'word', 5, null, null),
  ('v-h5-ken-ding', 'course-mandarin-1', '肯定', 'kěn dìng', 'to be certain', 'word', 5, null, null),
  ('v-h5-kong-zhong', 'course-mandarin-1', '空中', 'kōng zhōng', 'in the sky', 'word', 5, null, null),
  ('v-h5-kong-zhi', 'course-mandarin-1', '控制', 'kòng zhì', 'to control', 'word', 5, null, null),
  ('v-h5-kou-hao', 'course-mandarin-1', '口号', 'kǒu hào', 'slogan', 'word', 5, null, null),
  ('v-h5-kuai-huo', 'course-mandarin-1', '快活', 'kuài huo', 'happy', 'word', 5, null, null),
  ('v-h5-kuan-du', 'course-mandarin-1', '宽度', 'kuān dù', 'width', 'word', 5, null, null),
  ('v-h5-kuang', 'course-mandarin-1', '狂', 'kuáng', 'mad', 'word', 5, null, null),
  ('v-h5-kui', 'course-mandarin-1', '亏', 'kuī', 'deficiency', 'word', 5, null, null),
  ('v-h5-kun-rao', 'course-mandarin-1', '困扰', 'kùn rǎo', 'to perplex', 'word', 5, null, null),
  ('v-h5-lai-xin', 'course-mandarin-1', '来信', 'lái xìn', 'incoming letter', 'word', 5, null, null),
  ('v-h5-lan', 'course-mandarin-1', '烂', 'làn', 'soft; mushy', 'word', 5, null, null),
  ('v-h5-lang-du', 'course-mandarin-1', '朗读', 'lǎng dú', 'to read aloud', 'word', 5, null, null),
  ('v-h5-lang-man', 'course-mandarin-1', '浪漫', 'làng màn', 'romantic', 'word', 5, null, null),
  ('v-h5-lao-dong', 'course-mandarin-1', '劳动', 'láo dòng', 'work', 'verb', 5, null, null),
  ('v-h5-li', 'course-mandarin-1', '梨', 'lí', 'pear', 'word', 5, null, null),
  ('v-h5-li-2', 'course-mandarin-1', '礼', 'Lǐ', 'surname Li', 'word', 5, null, null),
  ('v-h5-li-bai', 'course-mandarin-1', '礼拜', 'lǐ bài', 'to attend a religious service', 'word', 5, null, null),
  ('v-h5-li-mao', 'course-mandarin-1', '礼貌', 'lǐ mào', 'courtesy; politeness; manners', 'adjective', 5, null, null),
  ('v-h5-li-hai', 'course-mandarin-1', '厉害', 'lì hai', '(used to describe sb or sth that makes a very strong impression, whether favorable or unfavorable) terrible', 'word', 5, null, null),
  ('v-h5-li-3', 'course-mandarin-1', '立', 'Lì', 'surname Li', 'word', 5, null, null),
  ('v-h5-li-chang', 'course-mandarin-1', '立场', 'lì chǎng', 'position', 'word', 5, null, null),
  ('v-h5-li-run', 'course-mandarin-1', '利润', 'lì rùn', 'profits', 'word', 5, null, null),
  ('v-h5-li-wai', 'course-mandarin-1', '例外', 'lì wài', 'exception', 'word', 5, null, null),
  ('v-h5-lian-jie', 'course-mandarin-1', '连接', 'lián jiē', 'to link; to join; to connect', 'word', 5, null, null),
  ('v-h5-lian-luo', 'course-mandarin-1', '联络', 'lián luò', 'to get in touch with', 'word', 5, null, null),
  ('v-h5-lian-xiang', 'course-mandarin-1', '联想', 'Lián xiǎng', 'Lenovo', 'word', 5, null, null),
  ('v-h5-lian-pen', 'course-mandarin-1', '脸盆', 'liǎn pén', 'washbowl', 'word', 5, null, null),
  ('v-h5-lian-se', 'course-mandarin-1', '脸色', 'liǎn sè', 'complexion', 'word', 5, null, null),
  ('v-h5-lian-ai', 'course-mandarin-1', '恋爱', 'liàn ài', '(romantic) love', 'word', 5, null, null),
  ('v-h5-liang-an', 'course-mandarin-1', '两岸', 'liǎng àn', 'bilateral', 'word', 5, null, null),
  ('v-h5-lin-ju', 'course-mandarin-1', '邻居', 'lín jū', 'neighbor', 'word', 5, null, null),
  ('v-h5-ling', 'course-mandarin-1', '铃', 'líng', '(small) bell', 'word', 5, null, null),
  ('v-h5-ling-sheng', 'course-mandarin-1', '铃声', 'líng shēng', 'ring', 'word', 5, null, null),
  ('v-h5-ling-dai', 'course-mandarin-1', '领带', 'lǐng dài', 'necktie', 'word', 5, null, null),
  ('v-h5-ling-2', 'course-mandarin-1', '令', 'líng', 'used in 令', 'word', 5, null, null),
  ('v-h5-liu-dong', 'course-mandarin-1', '流动', 'liú dòng', 'to flow', 'verb', 5, null, null),
  ('v-h5-liu-tong', 'course-mandarin-1', '流通', 'liú tōng', 'to circulate; to distribute', 'verb', 5, null, null),
  ('v-h5-lou', 'course-mandarin-1', '漏', 'lòu', 'to leak', 'word', 5, null, null),
  ('v-h5-lou-dong', 'course-mandarin-1', '漏洞', 'lòu dòng', 'leak', 'word', 5, null, null),
  ('v-h5-shuai-ling', 'course-mandarin-1', '率领', 'shuài lǐng', 'to lead', 'word', 5, null, null),
  ('v-h5-luo-shi', 'course-mandarin-1', '落实', 'luò shí', 'practical', 'word', 5, null, null),
  ('v-h5-ma-tou', 'course-mandarin-1', '码头', 'mǎ tóu', 'dock', 'word', 5, null, null),
  ('v-h5-mai-mai', 'course-mandarin-1', '买卖', 'mǎi mài', 'buying and selling', 'verb', 5, null, null),
  ('v-h5-man-hua', 'course-mandarin-1', '漫画', 'màn huà', 'caricature', 'word', 5, null, null),
  ('v-h5-man-chang', 'course-mandarin-1', '漫长', 'màn cháng', 'very long', 'word', 5, null, null),
  ('v-h5-mao-bi', 'course-mandarin-1', '毛笔', 'máo bǐ', 'writing brush', 'word', 5, null, null),
  ('v-h5-mao-dun', 'course-mandarin-1', '矛盾', 'máo dùn', 'contradiction', 'adjective', 5, null, null),
  ('v-h5-mao', 'course-mandarin-1', '冒', 'mào', 'old variant of 冒', 'word', 5, null, null),
  ('v-h5-mao-yi', 'course-mandarin-1', '贸易', 'mào yì', '(commercial) trade', 'verb', 5, null, null),
  ('v-h5-mei', 'course-mandarin-1', '煤', 'méi', 'coal', 'word', 5, null, null),
  ('v-h5-mei-qi', 'course-mandarin-1', '煤气', 'méi qì', 'coal gas', 'word', 5, null, null),
  ('v-h5-men-zhen', 'course-mandarin-1', '门诊', 'mén zhěn', 'outpatient service', 'word', 5, null, null),
  ('v-h5-mi-ren', 'course-mandarin-1', '迷人', 'mí rén', 'fascinating', 'word', 5, null, null),
  ('v-h5-mi-xin', 'course-mandarin-1', '迷信', 'mí xìn', 'superstition', 'word', 5, null, null),
  ('v-h5-mian-mao', 'course-mandarin-1', '面貌', 'miàn mào', 'face; features', 'word', 5, null, null),
  ('v-h5-mian-zi', 'course-mandarin-1', '面子', 'miàn zi', 'outer surface; the outside of sth', 'word', 5, null, null),
  ('v-h5-miao', 'course-mandarin-1', '秒', 'miǎo', 'second (unit of time)', 'word', 5, null, null),
  ('v-h5-min-gan', 'course-mandarin-1', '敏感', 'mǐn gǎn', 'sensitive', 'word', 5, null, null),
  ('v-h5-ming-ming', 'course-mandarin-1', '明明', 'míng míng', 'obviously', 'word', 5, null, null),
  ('v-h5-ming-ling', 'course-mandarin-1', '命令', 'mìng lìng', 'order', 'word', 5, null, null),
  ('v-h5-mo-fan', 'course-mandarin-1', '模范', 'mó fàn', 'model', 'word', 5, null, null),
  ('v-h5-mo-fang', 'course-mandarin-1', '模仿', 'mó fǎng', 'to imitate', 'word', 5, null, null),
  ('v-h5-mo-hu', 'course-mandarin-1', '模糊', 'mó hu', 'vague', 'word', 5, null, null),
  ('v-h5-mo-shi', 'course-mandarin-1', '模式', 'mó shì', 'mode', 'word', 5, null, null),
  ('v-h5-mu-yang', 'course-mandarin-1', '模样', 'mú yàng', 'look', 'word', 5, null, null),
  ('v-h5-mo-ca', 'course-mandarin-1', '摩擦', 'mó cā', 'friction', 'verb', 5, null, null),
  ('v-h5-mo-tuo', 'course-mandarin-1', '摩托', 'mó tuō', 'motor (loanword)', 'word', 5, null, null),
  ('v-h5-mu-guang', 'course-mandarin-1', '目光', 'mù guāng', 'gaze; (fig.) attention', 'word', 5, null, null),
  ('v-h5-nai-xin', 'course-mandarin-1', '耐心', 'nài xīn', 'to be patient', 'word', 5, null, null),
  ('v-h5-nan-xing', 'course-mandarin-1', '男性', 'nán xìng', 'the male sex', 'word', 5, null, null),
  ('v-h5-nan-bei', 'course-mandarin-1', '南北', 'nán běi', 'north and south', 'word', 5, null, null),
  ('v-h5-nan-ji', 'course-mandarin-1', '南极', 'nán jí', 'south pole', 'noun', 5, null, null),
  ('v-h5-nan-de', 'course-mandarin-1', '难得', 'nán dé', 'seldom', 'word', 5, null, null),
  ('v-h5-nan-yi', 'course-mandarin-1', '难以', 'nán yǐ', 'hard to (predict, imagine etc)', 'word', 5, null, null),
  ('v-h5-nao-zi', 'course-mandarin-1', '脑子', 'nǎo zi', 'brains', 'word', 5, null, null),
  ('v-h5-nei-zai', 'course-mandarin-1', '内在', 'nèi zài', 'inner', 'word', 5, null, null),
  ('v-h5-nian-du', 'course-mandarin-1', '年度', 'nián dù', 'year (e.g. school year, fiscal year)', 'word', 5, null, null),
  ('v-h5-nian-ling', 'course-mandarin-1', '年龄', 'nián líng', '(a person''s) age', 'word', 5, null, null),
  ('v-h5-nian-qian', 'course-mandarin-1', '年前', 'nián qián', 'by the end of the year', 'word', 5, null, null),
  ('v-h5-niu-zai-ku', 'course-mandarin-1', '牛仔裤', 'niú zǎi kù', 'jeans', 'word', 5, null, null),
  ('v-h5-nong-chan-pin', 'course-mandarin-1', '农产品', 'nóng chǎn pǐn', 'agricultural produce', 'word', 5, null, null),
  ('v-h5-nu-xing', 'course-mandarin-1', '女性', 'nǚ xìng', 'woman', 'word', 5, null, null),
  ('v-h5-nuan', 'course-mandarin-1', '暖', 'nuǎn', 'old variant of 暖', 'word', 5, null, null),
  ('v-h5-ou-er', 'course-mandarin-1', '偶尔', 'ǒu ěr', 'occasionally', 'word', 5, null, null),
  ('v-h5-ou-ran', 'course-mandarin-1', '偶然', 'ǒu rán', 'incidentally', 'word', 5, null, null),
  ('v-h5-ou-xiang', 'course-mandarin-1', '偶像', 'ǒu xiàng', 'idol', 'word', 5, null, null),
  ('v-h5-pai-chu', 'course-mandarin-1', '排除', 'pái chú', 'to eliminate', 'word', 5, null, null),
  ('v-h5-pang', 'course-mandarin-1', '旁', 'páng', 'one side', 'word', 5, null, null),
  ('v-h5-pei', 'course-mandarin-1', '陪', 'péi', 'to accompany', 'word', 5, null, null),
  ('v-h5-pei-2', 'course-mandarin-1', '赔', 'péi', 'to compensate for loss', 'word', 5, null, null),
  ('v-h5-pei-chang', 'course-mandarin-1', '赔偿', 'péi cháng', 'to compensate', 'word', 5, null, null),
  ('v-h5-pei-bei', 'course-mandarin-1', '配备', 'pèi bèi', 'to allocate', 'word', 5, null, null),
  ('v-h5-pei-tao', 'course-mandarin-1', '配套', 'pèi tào', 'to form a complete set', 'word', 5, null, null),
  ('v-h5-pen', 'course-mandarin-1', '喷', 'pēn', 'to puff', 'word', 5, null, null),
  ('v-h5-pen-2', 'course-mandarin-1', '盆', 'pén', 'basin', 'word', 5, null, null),
  ('v-h5-pi', 'course-mandarin-1', '披', 'pī', 'to drape over one''s shoulders', 'word', 5, null, null),
  ('v-h5-pi-fu', 'course-mandarin-1', '皮肤', 'pí fū', 'skin', 'word', 5, null, null),
  ('v-h5-pi-xie', 'course-mandarin-1', '皮鞋', 'pí xié', 'leather shoes', 'word', 5, null, null),
  ('v-h5-pi-2', 'course-mandarin-1', '匹', 'pī', 'mate', 'word', 5, null, null),
  ('v-h5-pian', 'course-mandarin-1', '骗', 'piàn', 'to cheat', 'word', 5, null, null),
  ('v-h5-pian-zi', 'course-mandarin-1', '骗子', 'piàn zi', 'swindler', 'word', 5, null, null),
  ('v-h5-pin', 'course-mandarin-1', '拼', 'pīn', 'to piece together', 'word', 5, null, null),
  ('v-h5-pin-dao', 'course-mandarin-1', '频道', 'pín dào', 'frequency', 'word', 5, null, null),
  ('v-h5-pin-fan', 'course-mandarin-1', '频繁', 'pín fán', 'frequently', 'word', 5, null, null),
  ('v-h5-pin-zhong', 'course-mandarin-1', '品种', 'pǐn zhǒng', 'breed', 'word', 5, null, null),
  ('v-h5-ping-tan', 'course-mandarin-1', '平坦', 'píng tǎn', 'level', 'word', 5, null, null),
  ('v-h5-ping-yuan', 'course-mandarin-1', '平原', 'píng yuán', 'field', 'word', 5, null, null),
  ('v-h5-ping-gu', 'course-mandarin-1', '评估', 'píng gū', 'to evaluate', 'verb', 5, null, null),
  ('v-h5-ping-lun', 'course-mandarin-1', '评论', 'píng lùn', 'to comment on', 'word', 5, null, null),
  ('v-h5-ping', 'course-mandarin-1', '凭', 'píng', 'variant of 凭', 'word', 5, null, null),
  ('v-h5-po', 'course-mandarin-1', '泼', 'pō', 'to splash', 'word', 5, null, null),
  ('v-h5-pu-tao', 'course-mandarin-1', '葡萄', 'pú tao', 'grape', 'word', 5, null, null),
  ('v-h5-pu-tao-jiu', 'course-mandarin-1', '葡萄酒', 'pú tao jiǔ', '(grape) wine', 'word', 5, null, null),
  ('v-h5-qi-wang', 'course-mandarin-1', '期望', 'qī wàng', 'to have expectations', 'word', 5, null, null),
  ('v-h5-qi-quan', 'course-mandarin-1', '齐全', 'qí quán', 'complete', 'word', 5, null, null),
  ('v-h5-qi', 'course-mandarin-1', '其', 'qí', 'his', 'word', 5, null, null),
  ('v-h5-qi-fa', 'course-mandarin-1', '启发', 'qǐ fā', 'to enlighten', 'word', 5, null, null),
  ('v-h5-qi-shi', 'course-mandarin-1', '启事', 'qǐ shì', 'announcement (written, on billboard, letter, newspaper or website)', 'word', 5, null, null),
  ('v-h5-qi-ma', 'course-mandarin-1', '起码', 'qǐ mǎ', 'at the minimum', 'word', 5, null, null),
  ('v-h5-qi-ti', 'course-mandarin-1', '气体', 'qì tǐ', 'gas (i.e. gaseous substance)', 'word', 5, null, null),
  ('v-h5-qian', 'course-mandarin-1', '签', 'qiān', 'to sign one''s name', 'word', 5, null, null),
  ('v-h5-qian-ding', 'course-mandarin-1', '签订', 'qiān dìng', 'to agree to and sign (a treaty etc)', 'word', 5, null, null),
  ('v-h5-qian-ming', 'course-mandarin-1', '签名', 'qiān míng', 'to sign (one''s name with a pen etc)', 'word', 5, null, null),
  ('v-h5-qian-yue', 'course-mandarin-1', '签约', 'qiān yuē', 'to sign a contract or agreement', 'word', 5, null, null),
  ('v-h5-qian-zheng', 'course-mandarin-1', '签证', 'qiān zhèng', 'visa', 'word', 5, null, null),
  ('v-h5-qian-zi', 'course-mandarin-1', '签字', 'qiān zì', 'to sign (one''s name)', 'word', 5, null, null),
  ('v-h5-qian-jing', 'course-mandarin-1', '前景', 'qián jǐng', 'foreground', 'word', 5, null, null),
  ('v-h5-qian-ti', 'course-mandarin-1', '前提', 'qián tí', 'premise', 'word', 5, null, null),
  ('v-h5-qian-2', 'course-mandarin-1', '欠', 'qiàn', 'to owe', 'word', 5, null, null),
  ('v-h5-qiang', 'course-mandarin-1', '枪', 'Qiāng', 'surname Qiang', 'word', 5, null, null),
  ('v-h5-qiang-du', 'course-mandarin-1', '强度', 'qiáng dù', 'strength', 'word', 5, null, null),
  ('v-h5-qiang-po', 'course-mandarin-1', '强迫', 'qiǎng pò', 'to compel', 'word', 5, null, null),
  ('v-h5-qiang-bi', 'course-mandarin-1', '墙壁', 'qiáng bì', 'wall', 'word', 5, null, null),
  ('v-h5-qiang-2', 'course-mandarin-1', '抢', 'qiāng', '(literary) to knock against (esp. to knock one''s head on the ground in grief or rage)', 'word', 5, null, null),
  ('v-h5-qiang-jiu', 'course-mandarin-1', '抢救', 'qiǎng jiù', 'to rescue', 'word', 5, null, null),
  ('v-h5-qiao-qiao', 'course-mandarin-1', '悄悄', 'qiāo qiāo', 'quiet; making little or no noise', 'word', 5, null, null),
  ('v-h5-qiao', 'course-mandarin-1', '敲', 'qiāo', 'to hit', 'word', 5, null, null),
  ('v-h5-qiao-men', 'course-mandarin-1', '敲门', 'qiāo mén', 'to knock on a door', 'word', 5, null, null),
  ('v-h5-qiao-2', 'course-mandarin-1', '瞧', 'qiáo', 'to look at', 'word', 5, null, null),
  ('v-h5-qin', 'course-mandarin-1', '琴', 'qín', 'guqin 琴 (a type of zither)', 'word', 5, null, null),
  ('v-h5-qin-fen', 'course-mandarin-1', '勤奋', 'qín fèn', 'hardworking', 'word', 5, null, null),
  ('v-h5-qing', 'course-mandarin-1', '青', 'Qīng', 'abbr. for 海, Qinghai Province', 'word', 5, null, null),
  ('v-h5-qing-chen', 'course-mandarin-1', '清晨', 'qīng chén', 'early morning', 'word', 5, null, null),
  ('v-h5-qing-li', 'course-mandarin-1', '清理', 'qīng lǐ', 'to clear up', 'word', 5, null, null),
  ('v-h5-qing-jie', 'course-mandarin-1', '情节', 'qíng jié', 'circumstances', 'word', 5, null, null),
  ('v-h5-qing-xing', 'course-mandarin-1', '情形', 'qíng xing', 'circumstances', 'word', 5, null, null),
  ('v-h5-qing-lang', 'course-mandarin-1', '晴朗', 'qíng lǎng', 'sunny and cloudless', 'word', 5, null, null),
  ('v-h5-qu-yu', 'course-mandarin-1', '区域', 'qū yù', 'area', 'word', 5, null, null),
  ('v-h5-quan-dou', 'course-mandarin-1', '全都', 'quán dōu', 'all', 'word', 5, null, null),
  ('v-h5-quan-shi-jie', 'course-mandarin-1', '全世界', 'quán shì jiè', 'worldwide', 'word', 5, null, null),
  ('v-h5-quan', 'course-mandarin-1', '泉', 'quán', 'spring (small stream)', 'word', 5, null, null),
  ('v-h5-quan-2', 'course-mandarin-1', '劝', 'quàn', 'to advise', 'word', 5, null, null),
  ('v-h5-que-fa', 'course-mandarin-1', '缺乏', 'quē fá', 'to lack; to be short of', 'word', 5, null, null),
  ('v-h5-que-li', 'course-mandarin-1', '确立', 'què lì', 'to establish', 'word', 5, null, null),
  ('v-h5-qun-ti', 'course-mandarin-1', '群体', 'qún tǐ', 'community', 'word', 5, null, null),
  ('v-h5-qun-zhong', 'course-mandarin-1', '群众', 'qún zhòng', 'mass', 'word', 5, null, null),
  ('v-h5-ran', 'course-mandarin-1', '染', 'rǎn', 'to dye', 'word', 5, null, null),
  ('v-h5-rao', 'course-mandarin-1', '绕', 'rào', 'to wind', 'word', 5, null, null),
  ('v-h5-re-liang', 'course-mandarin-1', '热量', 'rè liàng', 'heat', 'word', 5, null, null),
  ('v-h5-re-men', 'course-mandarin-1', '热门', 'rè mén', 'popular; hot; in vogue', 'word', 5, null, null),
  ('v-h5-ren-jian', 'course-mandarin-1', '人间', 'rén jiān', 'the human world', 'word', 5, null, null),
  ('v-h5-ren-li', 'course-mandarin-1', '人力', 'rén lì', 'manpower', 'word', 5, null, null),
  ('v-h5-ren-shi', 'course-mandarin-1', '人士', 'rén shì', 'person', 'word', 5, null, null),
  ('v-h5-ren-wu', 'course-mandarin-1', '人物', 'rén wù', 'person; personage; figure (esp. sb of importance)', 'word', 5, null, null),
  ('v-h5-ren', 'course-mandarin-1', '忍', 'rěn', 'to bear', 'word', 5, null, null),
  ('v-h5-ren-bu-zhu', 'course-mandarin-1', '忍不住', 'rěn bu zhù', 'cannot help', 'word', 5, null, null),
  ('v-h5-ren-shou', 'course-mandarin-1', '忍受', 'rěn shòu', 'to bear', 'word', 5, null, null),
  ('v-h5-ren-2', 'course-mandarin-1', '认', 'rèn', 'to recognize', 'word', 5, null, null),
  ('v-h5-ren-ding', 'course-mandarin-1', '认定', 'rèn dìng', 'to maintain (that sth is true)', 'word', 5, null, null),
  ('v-h5-reng', 'course-mandarin-1', '扔', 'rēng', 'to throw', 'word', 5, null, null),
  ('v-h5-reng-jiu', 'course-mandarin-1', '仍旧', 'réng jiù', 'still (remaining)', 'word', 5, null, null),
  ('v-h5-ru-ci', 'course-mandarin-1', '如此', 'rú cǐ', 'like this; so; such', 'word', 5, null, null),
  ('v-h5-ru-tong', 'course-mandarin-1', '如同', 'rú tóng', 'like', 'word', 5, null, null),
  ('v-h5-ru-xia', 'course-mandarin-1', '如下', 'rú xià', 'as follows', 'word', 5, null, null),
  ('v-h5-ru-men', 'course-mandarin-1', '入门', 'rù mén', 'entrance door', 'word', 5, null, null),
  ('v-h5-ruan', 'course-mandarin-1', '软', 'ruǎn', 'soft', 'word', 5, null, null),
  ('v-h5-sa', 'course-mandarin-1', '洒', 'sǎ', 'to sprinkle', 'word', 5, null, null),
  ('v-h5-san-wen', 'course-mandarin-1', '散文', 'sǎn wén', 'prose', 'word', 5, null, null),
  ('v-h5-sha', 'course-mandarin-1', '杀', 'shā', 'to kill', 'word', 5, null, null),
  ('v-h5-sha-du', 'course-mandarin-1', '杀毒', 'shā dú', 'to disinfect', 'noun', 5, null, null),
  ('v-h5-sha-mo', 'course-mandarin-1', '沙漠', 'shā mò', 'desert', 'word', 5, null, null),
  ('v-h5-sha-2', 'course-mandarin-1', '傻', 'shǎ', 'foolish', 'word', 5, null, null),
  ('v-h5-shan-qu', 'course-mandarin-1', '山区', 'shān qū', 'mountain area', 'word', 5, null, null),
  ('v-h5-shan', 'course-mandarin-1', '扇', 'shān', 'to fan', 'word', 5, null, null),
  ('v-h5-shan-zi', 'course-mandarin-1', '扇子', 'shàn zi', 'fan', 'word', 5, null, null),
  ('v-h5-shang-biao', 'course-mandarin-1', '商标', 'shāng biāo', 'trademark', 'word', 5, null, null),
  ('v-h5-shang-xia', 'course-mandarin-1', '上下', 'shàng xià', 'up and down', 'word', 5, null, null),
  ('v-h5-shang-zhang', 'course-mandarin-1', '上涨', 'shàng zhǎng', 'to rise', 'word', 5, null, null),
  ('v-h5-shao', 'course-mandarin-1', '稍', 'shāo', 'somewhat', 'word', 5, null, null),
  ('v-h5-shao-wei', 'course-mandarin-1', '稍微', 'shāo wēi', 'a little bit', 'word', 5, null, null),
  ('v-h5-she', 'course-mandarin-1', '蛇', 'shé', 'variant of 蛇', 'word', 5, null, null),
  ('v-h5-she-bu-de', 'course-mandarin-1', '舍不得', 'shě bu de', 'to hate to do sth', 'word', 5, null, null),
  ('v-h5-she-xiang', 'course-mandarin-1', '设想', 'shè xiǎng', 'to imagine', 'word', 5, null, null),
  ('v-h5-she-qu', 'course-mandarin-1', '社区', 'shè qū', 'community', 'word', 5, null, null),
  ('v-h5-she-2', 'course-mandarin-1', '射', 'shè', 'old variant of 射', 'word', 5, null, null),
  ('v-h5-she-ji', 'course-mandarin-1', '射击', 'shè jī', 'to shoot', 'word', 5, null, null),
  ('v-h5-she-xiang-2', 'course-mandarin-1', '摄像', 'shè xiàng', 'to videotape', 'word', 5, null, null),
  ('v-h5-she-xiang-ji', 'course-mandarin-1', '摄像机', 'shè xiàng jī', 'video camera', 'word', 5, null, null),
  ('v-h5-she-ying', 'course-mandarin-1', '摄影', 'shè yǐng', 'to take a photograph', 'word', 5, null, null),
  ('v-h5-she-ying-shi', 'course-mandarin-1', '摄影师', 'shè yǐng shī', 'photographer', 'word', 5, null, null),
  ('v-h5-shen', 'course-mandarin-1', '伸', 'shēn', 'to stretch', 'word', 5, null, null),
  ('v-h5-shen-chu', 'course-mandarin-1', '深处', 'shēn chù', 'abyss', 'word', 5, null, null),
  ('v-h5-shen-du', 'course-mandarin-1', '深度', 'shēn dù', 'depth', 'word', 5, null, null),
  ('v-h5-shen-2', 'course-mandarin-1', '神', 'Shén', 'God', 'word', 5, null, null),
  ('v-h5-shen-jing', 'course-mandarin-1', '神经', 'shén jīng', 'nerve', 'word', 5, null, null),
  ('v-h5-shen-qi', 'course-mandarin-1', '神奇', 'shén qí', 'magical', 'word', 5, null, null),
  ('v-h5-sheng-gao', 'course-mandarin-1', '升高', 'shēng gāo', 'to raise', 'word', 5, null, null),
  ('v-h5-sheng-cheng', 'course-mandarin-1', '生成', 'shēng chéng', 'to generate; to produce; to form; to be formed; to come into being', 'word', 5, null, null),
  ('v-h5-sheng', 'course-mandarin-1', '声', 'shēng', 'sound', 'word', 5, null, null),
  ('v-h5-sheng-fu', 'course-mandarin-1', '胜负', 'shèng fù', 'victory or defeat', 'word', 5, null, null),
  ('v-h5-sheng-2', 'course-mandarin-1', '剩', 'shèng', 'to remain', 'word', 5, null, null),
  ('v-h5-sheng-xia', 'course-mandarin-1', '剩下', 'shèng xià', 'to remain; to be left over', 'word', 5, null, null),
  ('v-h5-shi-wu', 'course-mandarin-1', '失误', 'shī wù', 'lapse', 'verb', 5, null, null),
  ('v-h5-shi-fu', 'course-mandarin-1', '师傅', 'shī fu', 'master', 'word', 5, null, null),
  ('v-h5-shi-ge', 'course-mandarin-1', '诗歌', 'shī gē', 'poem', 'word', 5, null, null),
  ('v-h5-shi-zu', 'course-mandarin-1', '十足', 'shí zú', 'ample', 'word', 5, null, null),
  ('v-h5-shi-chang', 'course-mandarin-1', '时常', 'shí cháng', 'often', 'word', 5, null, null),
  ('v-h5-shi-guang', 'course-mandarin-1', '时光', 'shí guāng', 'time', 'word', 5, null, null),
  ('v-h5-shi-ji', 'course-mandarin-1', '时机', 'shí jī', 'opportunity; opportune moment', 'word', 5, null, null),
  ('v-h5-shi-shi', 'course-mandarin-1', '时事', 'shí shì', 'current trends; the present situation; how things are going', 'word', 5, null, null),
  ('v-h5-shi-hui', 'course-mandarin-1', '实惠', 'shí huì', 'tangible benefit', 'adjective', 5, null, null),
  ('v-h5-she-3', 'course-mandarin-1', '拾', 'shè', 'to ascend in light steps', 'word', 5, null, null),
  ('v-h5-shi-de', 'course-mandarin-1', '使得', 'shǐ de', 'usable', 'word', 5, null, null),
  ('v-h5-shi-fan', 'course-mandarin-1', '示范', 'shì fàn', 'to demonstrate', 'verb', 5, null, null),
  ('v-h5-shi', 'course-mandarin-1', '式', 'shì', 'type', 'word', 5, null, null),
  ('v-h5-shi-li', 'course-mandarin-1', '势力', 'shì li', 'power', 'word', 5, null, null),
  ('v-h5-shi-pin', 'course-mandarin-1', '视频', 'shì pín', 'video', 'word', 5, null, null),
  ('v-h5-shi-wei', 'course-mandarin-1', '视为', 'shì wéi', 'to view as', 'word', 5, null, null),
  ('v-h5-shi-tu', 'course-mandarin-1', '试图', 'shì tú', 'to attempt', 'word', 5, null, null),
  ('v-h5-shou-gou', 'course-mandarin-1', '收购', 'shōu gòu', 'to purchase (from various places)', 'word', 5, null, null),
  ('v-h5-shou-ji', 'course-mandarin-1', '收集', 'shōu jí', 'to gather', 'word', 5, null, null),
  ('v-h5-shou-shi', 'course-mandarin-1', '收拾', 'shōu shi', 'to put in order', 'word', 5, null, null),
  ('v-h5-shou-duan', 'course-mandarin-1', '手段', 'shǒu duàn', 'method', 'word', 5, null, null),
  ('v-h5-shou-fa', 'course-mandarin-1', '手法', 'shǒu fǎ', 'technique', 'word', 5, null, null),
  ('v-h5-shou-si', 'course-mandarin-1', '寿司', 'shòu sī', 'sushi', 'noun', 5, null, null),
  ('v-h5-shou', 'course-mandarin-1', '瘦', 'shòu', 'thin', 'word', 5, null, null),
  ('v-h5-shu-fa', 'course-mandarin-1', '书法', 'shū fǎ', 'calligraphy', 'word', 5, null, null),
  ('v-h5-shu-gui', 'course-mandarin-1', '书柜', 'shū guì', 'bookcase', 'word', 5, null, null),
  ('v-h5-shu-zhuo', 'course-mandarin-1', '书桌', 'shū zhuō', 'desk', 'word', 5, null, null),
  ('v-h5-shu-chu', 'course-mandarin-1', '输出', 'shū chū', 'to export', 'verb', 5, null, null),
  ('v-h5-shu-cai', 'course-mandarin-1', '蔬菜', 'shū cài', 'vegetables', 'word', 5, null, null),
  ('v-h5-shu-xi', 'course-mandarin-1', '熟悉', 'shú xī', 'to be familiar with; to know well', 'word', 5, null, null),
  ('v-h5-shu', 'course-mandarin-1', '鼠', 'shǔ', '(bound form) rat; mouse', 'word', 5, null, null),
  ('v-h5-shu-biao', 'course-mandarin-1', '鼠标', 'shǔ biāo', 'mouse (computing)', 'word', 5, null, null),
  ('v-h5-shu-mu', 'course-mandarin-1', '数目', 'shù mù', 'amount', 'word', 5, null, null),
  ('v-h5-shuai', 'course-mandarin-1', '摔', 'shuāi', 'to throw down', 'word', 5, null, null),
  ('v-h5-shuai-dao', 'course-mandarin-1', '摔倒', 'shuāi dǎo', 'to fall down', 'word', 5, null, null),
  ('v-h5-shuang-shou', 'course-mandarin-1', '双手', 'shuāng shǒu', 'both hands', 'word', 5, null, null),
  ('v-h5-shui-chan-pin', 'course-mandarin-1', '水产品', 'shuǐ chǎn pǐn', 'aquatic products (including fish, crabs, seaweed etc)', 'noun', 5, null, null),
  ('v-h5-shui-fen', 'course-mandarin-1', '水分', 'shuǐ fèn', 'moisture content', 'word', 5, null, null),
  ('v-h5-shui-ku', 'course-mandarin-1', '水库', 'shuǐ kù', 'reservoir', 'word', 5, null, null),
  ('v-h5-shui-zai', 'course-mandarin-1', '水灾', 'shuǐ zāi', 'flood', 'word', 5, null, null),
  ('v-h5-shui-mian', 'course-mandarin-1', '睡眠', 'shuì mián', 'sleep', 'word', 5, null, null),
  ('v-h5-shuo-fa', 'course-mandarin-1', '说法', 'shuō fǎ', 'to expound Buddhist teachings', 'word', 5, null, null),
  ('v-h5-shuo-shi', 'course-mandarin-1', '硕士', 'shuò shì', 'master''s degree', 'word', 5, null, null),
  ('v-h5-si-ren', 'course-mandarin-1', '私人', 'sī rén', 'private', 'word', 5, null, null),
  ('v-h5-si-wei', 'course-mandarin-1', '思维', 'sī wéi', '(line of) thought', 'word', 5, null, null),
  ('v-h5-si-zhou', 'course-mandarin-1', '四周', 'sì zhōu', 'all around', 'word', 5, null, null),
  ('v-h5-sou', 'course-mandarin-1', '搜', 'sōu', 'to search', 'word', 5, null, null),
  ('v-h5-sou-suo', 'course-mandarin-1', '搜索', 'sōu suǒ', 'to search (a place)', 'word', 5, null, null),
  ('v-h5-su-she', 'course-mandarin-1', '宿舍', 'sù shè', 'dormitory', 'word', 5, null, null),
  ('v-h5-suan-tian-ku-la', 'course-mandarin-1', '酸甜苦辣', 'suān tián kǔ là', 'sour, sweet, bitter and spicy hot', 'word', 5, null, null),
  ('v-h5-sui-hou', 'course-mandarin-1', '随后', 'suí hòu', 'soon after', 'word', 5, null, null),
  ('v-h5-sui-yi', 'course-mandarin-1', '随意', 'suí yì', 'as one wishes', 'word', 5, null, null),
  ('v-h5-sui-zhe', 'course-mandarin-1', '随着', 'suí zhe', 'along with', 'word', 5, null, null),
  ('v-h5-sui-yue', 'course-mandarin-1', '岁月', 'suì yuè', 'years', 'word', 5, null, null),
  ('v-h5-sui', 'course-mandarin-1', '碎', 'suì', '(transitive or intransitive verb) to break into pieces; to shatter; to crumble', 'word', 5, null, null),
  ('v-h5-sun-hai', 'course-mandarin-1', '损害', 'sǔn hài', 'harm', 'word', 5, null, null),
  ('v-h5-sun-shi', 'course-mandarin-1', '损失', 'sǔn shī', 'loss', 'word', 5, null, null),
  ('v-h5-suo-zai', 'course-mandarin-1', '所在', 'suǒ zài', 'place', 'word', 5, null, null),
  ('v-h5-suo', 'course-mandarin-1', '锁', 'suǒ', 'to lock; to lock up', 'word', 5, null, null),
  ('v-h5-tai-feng', 'course-mandarin-1', '台风', 'tái fēng', 'stage presence, poise', 'word', 5, null, null),
  ('v-h5-tai', 'course-mandarin-1', '抬', 'tái', 'to lift', 'word', 5, null, null),
  ('v-h5-tai-tou', 'course-mandarin-1', '抬头', 'tái tóu', 'to raise one''s head', 'word', 5, null, null),
  ('v-h5-tai-kong', 'course-mandarin-1', '太空', 'tài kōng', 'outer space', 'word', 5, null, null),
  ('v-h5-tao', 'course-mandarin-1', '逃', 'táo', 'to escape', 'word', 5, null, null),
  ('v-h5-tao-pao', 'course-mandarin-1', '逃跑', 'táo pǎo', 'to flee from sth', 'word', 5, null, null),
  ('v-h5-tao-zou', 'course-mandarin-1', '逃走', 'táo zǒu', 'to escape', 'word', 5, null, null),
  ('v-h5-tao-2', 'course-mandarin-1', '桃', 'táo', 'peach', 'word', 5, null, null),
  ('v-h5-tao-hua', 'course-mandarin-1', '桃花', 'táo huā', 'peach blossom', 'word', 5, null, null),
  ('v-h5-tao-shu', 'course-mandarin-1', '桃树', 'táo shù', 'peach tree', 'word', 5, null, null),
  ('v-h5-tao-yan', 'course-mandarin-1', '讨厌', 'tǎo yàn', 'to dislike', 'word', 5, null, null),
  ('v-h5-te-ding', 'course-mandarin-1', '特定', 'tè dìng', 'special', 'word', 5, null, null),
  ('v-h5-te-xing', 'course-mandarin-1', '特性', 'tè xìng', 'property', 'word', 5, null, null),
  ('v-h5-te-you', 'course-mandarin-1', '特有', 'tè yǒu', 'specific (to)', 'word', 5, null, null),
  ('v-h5-ti-chang', 'course-mandarin-1', '提倡', 'tí chàng', 'to promote', 'word', 5, null, null),
  ('v-h5-ti-qi', 'course-mandarin-1', '提起', 'tí qǐ', 'to mention', 'word', 5, null, null),
  ('v-h5-ti-shi', 'course-mandarin-1', '提示', 'tí shì', 'to point out', 'word', 5, null, null),
  ('v-h5-ti-cai', 'course-mandarin-1', '题材', 'tí cái', 'subject matter', 'word', 5, null, null),
  ('v-h5-ti-ji', 'course-mandarin-1', '体积', 'tǐ jī', 'volume', 'word', 5, null, null),
  ('v-h5-ti-li', 'course-mandarin-1', '体力', 'tǐ lì', 'physical strength', 'word', 5, null, null),
  ('v-h5-tian-cai', 'course-mandarin-1', '天才', 'tiān cái', 'talent', 'word', 5, null, null),
  ('v-h5-tian-ran-qi', 'course-mandarin-1', '天然气', 'tiān rán qì', 'natural gas', 'word', 5, null, null),
  ('v-h5-tian-wen', 'course-mandarin-1', '天文', 'tiān wén', 'astronomy', 'word', 5, null, null),
  ('v-h5-ting', 'course-mandarin-1', '厅', 'tīng', '(reception) hall', 'word', 5, null, null),
  ('v-h5-ting-liu', 'course-mandarin-1', '停留', 'tíng liú', 'to stay somewhere temporarily', 'word', 5, null, null),
  ('v-h5-tong-yong', 'course-mandarin-1', '通用', 'tōng yòng', 'to use anywhere, anytime (card, ticket etc)', 'noun', 5, null, null),
  ('v-h5-tou', 'course-mandarin-1', '偷', 'tōu', 'to steal', 'word', 5, null, null),
  ('v-h5-tou-tou', 'course-mandarin-1', '偷偷', 'tōu tōu', 'stealthily', 'word', 5, null, null),
  ('v-h5-tu-po', 'course-mandarin-1', '突破', 'tū pò', 'to break through', 'word', 5, null, null),
  ('v-h5-tu-dou', 'course-mandarin-1', '土豆', 'tǔ dòu', 'potato', 'word', 5, null, null),
  ('v-h5-tu', 'course-mandarin-1', '吐', 'tǔ', 'to spit', 'word', 5, null, null),
  ('v-h5-tu-2', 'course-mandarin-1', '兔', 'tù', 'variant of 兔', 'word', 5, null, null),
  ('v-h5-tuan-zhang', 'course-mandarin-1', '团长', 'tuán zhǎng', 'regimental command', 'word', 5, null, null),
  ('v-h5-tui-xing', 'course-mandarin-1', '推行', 'tuī xíng', 'to put into effect', 'word', 5, null, null),
  ('v-h5-tuo-li', 'course-mandarin-1', '脱离', 'tuō lí', 'to separate oneself from', 'word', 5, null, null),
  ('v-h5-wai-jie', 'course-mandarin-1', '外界', 'wài jiè', 'the outside world', 'word', 5, null, null),
  ('v-h5-wan-le', 'course-mandarin-1', '完了', 'wán le', 'to be finished', 'word', 5, null, null),
  ('v-h5-wei-bo', 'course-mandarin-1', '微博', 'wēi bó', 'microblogging', 'noun', 5, null, null),
  ('v-h5-wei-rao', 'course-mandarin-1', '围绕', 'wéi rào', 'to revolve around', 'word', 5, null, null),
  ('v-h5-wei-fa', 'course-mandarin-1', '违法', 'wéi fǎ', 'illegal', 'word', 5, null, null),
  ('v-h5-wei-gui', 'course-mandarin-1', '违规', 'wéi guī', 'to violate the rules', 'word', 5, null, null),
  ('v-h5-wei-yi', 'course-mandarin-1', '唯一', 'wéi yī', 'only; sole', 'word', 5, null, null),
  ('v-h5-wei-tuo', 'course-mandarin-1', '委托', 'wěi tuō', 'to entrust', 'verb', 5, null, null),
  ('v-h5-wei-xing', 'course-mandarin-1', '卫星', 'wèi xīng', 'satellite', 'word', 5, null, null),
  ('v-h5-wei-qi', 'course-mandarin-1', '为期', 'wéi qī', '(to be done) by (a certain date)', 'word', 5, null, null),
  ('v-h5-wei-zhi', 'course-mandarin-1', '为止', 'wéi zhǐ', 'until', 'word', 5, null, null),
  ('v-h5-wei-zhu', 'course-mandarin-1', '为主', 'wéi zhǔ', 'to rely mainly on', 'word', 5, null, null),
  ('v-h5-wei', 'course-mandarin-1', '胃', 'wèi', 'stomach', 'word', 5, null, null),
  ('v-h5-wen-he', 'course-mandarin-1', '温和', 'wēn hé', 'mild', 'word', 5, null, null),
  ('v-h5-wo-shi', 'course-mandarin-1', '卧室', 'wò shì', 'bedroom', 'word', 5, null, null),
  ('v-h5-wo', 'course-mandarin-1', '握', 'wò', 'to hold; to grasp', 'word', 5, null, null),
  ('v-h5-wu-ran', 'course-mandarin-1', '污染', 'wū rǎn', 'to pollute; to contaminate (lit. and fig.)', 'verb', 5, null, null),
  ('v-h5-wu-shui', 'course-mandarin-1', '污水', 'wū shuǐ', 'sewage', 'word', 5, null, null),
  ('v-h5-wu', 'course-mandarin-1', '屋', 'wū', '(bound form) house', 'word', 5, null, null),
  ('v-h5-wu-nai', 'course-mandarin-1', '无奈', 'wú nài', 'to have no alternative', 'word', 5, null, null),
  ('v-h5-wu-yi', 'course-mandarin-1', '无疑', 'wú yí', 'undoubtedly; without doubt; for sure', 'word', 5, null, null),
  ('v-h5-wu-2', 'course-mandarin-1', '舞', 'wǔ', 'to dance', 'word', 5, null, null),
  ('v-h5-wu-jia', 'course-mandarin-1', '物价', 'wù jià', '(commodity) prices', 'word', 5, null, null),
  ('v-h5-wu-ye', 'course-mandarin-1', '物业', 'wù yè', 'property', 'word', 5, null, null),
  ('v-h5-wu-zhi', 'course-mandarin-1', '物质', 'wù zhì', 'matter', 'word', 5, null, null),
  ('v-h5-wu-jie', 'course-mandarin-1', '误解', 'wù jiě', 'to misunderstand', 'word', 5, null, null),
  ('v-h5-xi-hong-shi', 'course-mandarin-1', '西红柿', 'xī hóng shì', 'tomato', 'word', 5, null, null),
  ('v-h5-xi-zhuang', 'course-mandarin-1', '西装', 'xī zhuāng', 'suit', 'word', 5, null, null),
  ('v-h5-xi-ju', 'course-mandarin-1', '喜剧', 'xǐ jù', 'comedy', 'word', 5, null, null),
  ('v-h5-xi', 'course-mandarin-1', '戏', 'xì', 'variant of 戏', 'word', 5, null, null),
  ('v-h5-he-2', 'course-mandarin-1', '吓', 'hè', 'to scare', 'word', 5, null, null),
  ('v-h5-xian-hou', 'course-mandarin-1', '先后', 'xiān hòu', 'early or late', 'word', 5, null, null),
  ('v-h5-xian-qian', 'course-mandarin-1', '先前', 'xiān qián', 'before; previously', 'word', 5, null, null),
  ('v-h5-xian', 'course-mandarin-1', '闲', 'xián', 'enclosure', 'word', 5, null, null),
  ('v-h5-xian-2', 'course-mandarin-1', '显', 'xiǎn', 'to make visible', 'word', 5, null, null),
  ('v-h5-xian-you', 'course-mandarin-1', '现有', 'xiàn yǒu', 'currently existing', 'word', 5, null, null),
  ('v-h5-xian-zhuang', 'course-mandarin-1', '现状', 'xiàn zhuàng', 'current situation', 'word', 5, null, null),
  ('v-h5-xian-suo', 'course-mandarin-1', '线索', 'xiàn suǒ', 'trail', 'word', 5, null, null),
  ('v-h5-xian-3', 'course-mandarin-1', '献', 'xiàn', 'to offer', 'word', 5, null, null),
  ('v-h5-xiang', 'course-mandarin-1', '乡', 'xiāng', 'country or countryside', 'word', 5, null, null),
  ('v-h5-xiang-cun', 'course-mandarin-1', '乡村', 'xiāng cūn', 'rustic', 'word', 5, null, null),
  ('v-h5-xiang-deng', 'course-mandarin-1', '相等', 'xiāng děng', 'equal', 'word', 5, null, null),
  ('v-h5-xiang-sheng', 'course-mandarin-1', '相声', 'xiàng sheng', 'comic dialogue', 'word', 5, null, null),
  ('v-h5-xiang-ying', 'course-mandarin-1', '相应', 'xiāng yìng', 'to correspond', 'word', 5, null, null),
  ('v-h5-xiang-chang', 'course-mandarin-1', '香肠', 'xiāng cháng', 'sausage', 'word', 5, null, null),
  ('v-h5-xiang-xi', 'course-mandarin-1', '详细', 'xiáng xì', 'detailed', 'word', 5, null, null),
  ('v-h5-xiang-shou', 'course-mandarin-1', '享受', 'xiǎng shòu', 'to enjoy', 'word', 5, null, null),
  ('v-h5-xiang-dao', 'course-mandarin-1', '向导', 'xiàng dǎo', 'guide', 'word', 5, null, null),
  ('v-h5-xiang-zheng', 'course-mandarin-1', '象征', 'xiàng zhēng', 'emblem', 'word', 5, null, null),
  ('v-h5-xiao-chu', 'course-mandarin-1', '消除', 'xiāo chú', 'to eliminate', 'word', 5, null, null),
  ('v-h5-xiao-du', 'course-mandarin-1', '消毒', 'xiāo dú', 'to disinfect; to sterilize', 'word', 5, null, null),
  ('v-h5-xiao-fang', 'course-mandarin-1', '消防', 'xiāo fáng', 'firefighting', 'word', 5, null, null),
  ('v-h5-xiao-fei-zhe', 'course-mandarin-1', '消费者', 'xiāo fèi zhě', 'consumer', 'word', 5, null, null),
  ('v-h5-xiao-ji', 'course-mandarin-1', '消极', 'xiāo jí', 'negative', 'word', 5, null, null),
  ('v-h5-xiaotour5', 'course-mandarin-1', '小偷儿', 'xiǎotōur5', 'Thief', 'noun', 5, null, null),
  ('v-h5-xie', 'course-mandarin-1', '歇', 'xiē', 'to rest', 'word', 5, null, null),
  ('v-h5-xie-yi', 'course-mandarin-1', '协议', 'xié yì', 'agreement', 'word', 5, null, null),
  ('v-h5-xie-yi-shu', 'course-mandarin-1', '协议书', 'xié yì shū', 'contract', 'word', 5, null, null),
  ('v-h5-xie-2', 'course-mandarin-1', '斜', 'xié', 'inclined', 'word', 5, null, null),
  ('v-h5-xin-teng', 'course-mandarin-1', '心疼', 'xīn téng', 'to love dearly', 'word', 5, null, null),
  ('v-h5-xin-ku', 'course-mandarin-1', '辛苦', 'xīn kǔ', 'exhausting', 'word', 5, null, null),
  ('v-h5-xin-shang', 'course-mandarin-1', '欣赏', 'xīn shǎng', 'to appreciate; to enjoy; to admire', 'word', 5, null, null),
  ('v-h5-xin-nian', 'course-mandarin-1', '信念', 'xìn niàn', 'faith', 'word', 5, null, null),
  ('v-h5-xin-xiang', 'course-mandarin-1', '信箱', 'xìn xiāng', 'mailbox', 'word', 5, null, null),
  ('v-h5-xing-shi', 'course-mandarin-1', '行驶', 'xíng shǐ', 'to travel along a route (of vehicles etc)', 'word', 5, null, null),
  ('v-h5-xing-tai', 'course-mandarin-1', '形态', 'xíng tài', 'shape', 'word', 5, null, null),
  ('v-h5-xiong-wei', 'course-mandarin-1', '雄伟', 'xióng wěi', 'grand', 'word', 5, null, null),
  ('v-h5-xiong', 'course-mandarin-1', '熊', 'Xióng', 'surname Xiong', 'word', 5, null, null),
  ('v-h5-xiu-xian', 'course-mandarin-1', '休闲', 'xiū xián', 'leisure', 'verb', 5, null, null),
  ('v-h5-xiu-fu', 'course-mandarin-1', '修复', 'xiū fù', 'to restore; to renovate', 'word', 5, null, null),
  ('v-h5-xiu-jian', 'course-mandarin-1', '修建', 'xiū jiàn', 'to build', 'word', 5, null, null),
  ('v-h5-xiu-yang', 'course-mandarin-1', '修养', 'xiū yǎng', 'accomplishment', 'word', 5, null, null),
  ('v-h5-xu-xin', 'course-mandarin-1', '虚心', 'xū xīn', 'open-minded', 'word', 5, null, null),
  ('v-h5-xu-ke', 'course-mandarin-1', '许可', 'xǔ kě', 'to allow', 'verb', 5, null, null),
  ('v-h5-xuan-xiu', 'course-mandarin-1', '选修', 'xuǎn xiū', '(at a school) to take as an elective', 'word', 5, null, null),
  ('v-h5-xue-ke', 'course-mandarin-1', '学科', 'xué kē', 'subject', 'word', 5, null, null),
  ('v-h5-xue-wei', 'course-mandarin-1', '学位', 'xué wèi', 'academic degree', 'word', 5, null, null),
  ('v-h5-xue-zhe', 'course-mandarin-1', '学者', 'xué zhě', 'scholar', 'word', 5, null, null),
  ('v-h5-xun-qiu', 'course-mandarin-1', '寻求', 'xún qiú', 'to seek; to look for', 'word', 5, null, null),
  ('v-h5-xun-wen', 'course-mandarin-1', '询问', 'xún wèn', 'to inquire', 'word', 5, null, null),
  ('v-h5-ya-jin', 'course-mandarin-1', '押金', 'yā jīn', 'deposit', 'word', 5, null, null),
  ('v-h5-ya-zi', 'course-mandarin-1', '鸭子', 'yā zi', 'duck', 'word', 5, null, null),
  ('v-h5-ya-jun', 'course-mandarin-1', '亚军', 'yà jūn', 'second place (in a sports contest)', 'word', 5, null, null),
  ('v-h5-yan-shen', 'course-mandarin-1', '延伸', 'yán shēn', 'to extend', 'word', 5, null, null),
  ('v-h5-yan-li', 'course-mandarin-1', '严厉', 'yán lì', 'severe', 'word', 5, null, null),
  ('v-h5-yan-su', 'course-mandarin-1', '严肃', 'yán sù', 'solemn', 'word', 5, null, null),
  ('v-h5-yan-yu', 'course-mandarin-1', '言语', 'yán yǔ', 'words', 'word', 5, null, null),
  ('v-h5-yan-guang', 'course-mandarin-1', '眼光', 'yǎn guāng', 'gaze', 'word', 5, null, null),
  ('v-h5-yao-qing', 'course-mandarin-1', '邀请', 'yāo qǐng', 'to invite', 'word', 5, null, null),
  ('v-h5-yao-tou', 'course-mandarin-1', '摇头', 'yáo tóu', 'to shake one''s head', 'word', 5, null, null),
  ('v-h5-yao', 'course-mandarin-1', '咬', 'yǎo', 'to bite', 'word', 5, null, null),
  ('v-h5-ye-hao', 'course-mandarin-1', '也好', 'yě hǎo', 'that''s fine', 'word', 5, null, null),
  ('v-h5-ye-wu', 'course-mandarin-1', '业务', 'yè wù', 'business', 'word', 5, null, null),
  ('v-h5-ye-jian', 'course-mandarin-1', '夜间', 'yè jiān', 'nighttime', 'word', 5, null, null),
  ('v-h5-yi-bei-zi', 'course-mandarin-1', '一辈子', 'yī bèi zi', '(for) a lifetime', 'word', 5, null, null),
  ('v-h5-yi-dai', 'course-mandarin-1', '一带', 'yī dài', 'region', 'word', 5, null, null),
  ('v-h5-yi-dan', 'course-mandarin-1', '一旦', 'yī dàn', 'in case (sth happens)', 'word', 5, null, null),
  ('v-h5-yi-ju-hua', 'course-mandarin-1', '一句话', 'yī jù huà', 'in a word', 'noun', 5, null, null),
  ('v-h5-yi-kou-qi', 'course-mandarin-1', '一口气', 'yī kǒu qì', 'one breath', 'word', 5, null, null),
  ('v-h5-yi-liu', 'course-mandarin-1', '一流', 'yī liú', 'top quality', 'word', 5, null, null),
  ('v-h5-yi-lu', 'course-mandarin-1', '一路', 'yī lù', 'the whole journey', 'word', 5, null, null),
  ('v-h5-yi-shen', 'course-mandarin-1', '一身', 'yī shēn', 'whole body', 'word', 5, null, null),
  ('v-h5-yi-xia-zi', 'course-mandarin-1', '一下子', 'yī xià zi', 'in a short while', 'word', 5, null, null),
  ('v-h5-yi-xiang', 'course-mandarin-1', '一向', 'yī xiàng', 'always (previously)', 'word', 5, null, null),
  ('v-h5-yi-fa', 'course-mandarin-1', '依法', 'yī fǎ', 'legal (proceedings)', 'word', 5, null, null),
  ('v-h5-yi-jiu', 'course-mandarin-1', '依旧', 'yī jiù', 'as before', 'word', 5, null, null),
  ('v-h5-yi-ju', 'course-mandarin-1', '依据', 'yī jù', 'according to', 'word', 5, null, null),
  ('v-h5-yi-zhao', 'course-mandarin-1', '依照', 'yī zhào', 'according to', 'word', 5, null, null),
  ('v-h5-yi', 'course-mandarin-1', '乙', 'yǐ', 'second of the ten Heavenly Stems 干', 'word', 5, null, null),
  ('v-h5-yi-bian', 'course-mandarin-1', '以便', 'yǐ biàn', 'so that', 'word', 5, null, null),
  ('v-h5-yi-wang', 'course-mandarin-1', '以往', 'yǐ wǎng', 'in the past', 'word', 5, null, null),
  ('v-h5-yi-shi', 'course-mandarin-1', '意识', 'yì shí', 'consciousness', 'word', 5, null, null),
  ('v-h5-yi-wei-zhe', 'course-mandarin-1', '意味着', 'yì wèi zhe', 'to signify', 'word', 5, null, null),
  ('v-h5-yi-zhi', 'course-mandarin-1', '意志', 'yì zhì', 'will; willpower; determination', 'word', 5, null, null),
  ('v-h5-yin-er', 'course-mandarin-1', '因而', 'yīn ér', 'therefore', 'word', 5, null, null),
  ('v-h5-yin-liao', 'course-mandarin-1', '饮料', 'yǐn liào', 'drink', 'word', 5, null, null),
  ('v-h5-yin-shi', 'course-mandarin-1', '饮食', 'yǐn shí', 'eating and drinking', 'word', 5, null, null),
  ('v-h5-yin-shua', 'course-mandarin-1', '印刷', 'yìn shuā', 'to print', 'verb', 5, null, null),
  ('v-h5-ying', 'course-mandarin-1', '硬', 'yìng', 'hard; stiff; solid', 'word', 5, null, null),
  ('v-h5-yong-bao', 'course-mandarin-1', '拥抱', 'yōng bào', 'to embrace', 'word', 5, null, null),
  ('v-h5-yong-you', 'course-mandarin-1', '拥有', 'yōng yǒu', 'to have; to possess', 'word', 5, null, null),
  ('v-h5-yong-bu-zhao', 'course-mandarin-1', '用不着', 'yòng bu zháo', 'not need', 'word', 5, null, null),
  ('v-h5-yong-hu', 'course-mandarin-1', '用户', 'yòng hù', 'user', 'word', 5, null, null),
  ('v-h5-yong-lai', 'course-mandarin-1', '用来', 'yòng lái', 'to be used for', 'word', 5, null, null),
  ('v-h5-yong-yu', 'course-mandarin-1', '用于', 'yòng yú', 'to use in; to use on; to use for', 'word', 5, null, null),
  ('v-h5-you-hui', 'course-mandarin-1', '优惠', 'yōu huì', 'privilege', 'verb', 5, null, null),
  ('v-h5-you-xian', 'course-mandarin-1', '优先', 'yōu xiān', 'to have priority', 'word', 5, null, null),
  ('v-h5-you-mo', 'course-mandarin-1', '幽默', 'yōu mò', '(loanword) humor', 'word', 5, null, null),
  ('v-h5-you-ci', 'course-mandarin-1', '由此', 'yóu cǐ', 'hereby', 'word', 5, null, null),
  ('v-h5-you-yu', 'course-mandarin-1', '犹豫', 'yóu yù', 'to hesitate', 'word', 5, null, null),
  ('v-h5-you-yong-chi', 'course-mandarin-1', '游泳池', 'yóu yǒng chí', 'swimming pool', 'word', 5, null, null),
  ('v-h5-you-yi', 'course-mandarin-1', '友谊', 'yǒu yì', 'companionship', 'word', 5, null, null),
  ('v-h5-you-du', 'course-mandarin-1', '有毒', 'yǒu dú', 'poisonous', 'word', 5, null, null),
  ('v-h5-you-hai', 'course-mandarin-1', '有害', 'yǒu hài', 'destructive', 'word', 5, null, null),
  ('v-h5-you-li', 'course-mandarin-1', '有力', 'yǒu lì', 'powerful', 'word', 5, null, null),
  ('v-h5-you-li-yu', 'course-mandarin-1', '有利于', 'yǒu lì yú', 'to be advantageous to; to be beneficial for', 'word', 5, null, null),
  ('v-h5-you-zhe', 'course-mandarin-1', '有着', 'yǒu zhe', 'to have', 'word', 5, null, null),
  ('v-h5-yu-mao-qiu', 'course-mandarin-1', '羽毛球', 'yǔ máo qiú', 'shuttlecock', 'word', 5, null, null),
  ('v-h5-yu-rong-fu', 'course-mandarin-1', '羽绒服', 'yǔ róng fú', 'down-filled garment', 'word', 5, null, null),
  ('v-h5-yu-shui', 'course-mandarin-1', '雨水', 'Yǔ shuǐ', 'Yushui or Rain Water, 2nd of the 24 solar terms 二十四节气 19th February-5th March', 'word', 5, null, null),
  ('v-h5-yu-bei', 'course-mandarin-1', '预备', 'yù bèi', 'to prepare', 'verb', 5, null, null),
  ('v-h5-yu-qi', 'course-mandarin-1', '预期', 'yù qī', 'to expect', 'word', 5, null, null),
  ('v-h5-yuan-dan', 'course-mandarin-1', '元旦', 'Yuán dàn', 'New Year''s Day', 'word', 5, null, null),
  ('v-h5-yuan-lin', 'course-mandarin-1', '园林', 'yuán lín', 'gardens; park; landscape garden', 'word', 5, null, null),
  ('v-h5-yuan-shi', 'course-mandarin-1', '原始', 'yuán shǐ', 'first', 'word', 5, null, null),
  ('v-h5-yuan-xian', 'course-mandarin-1', '原先', 'yuán xiān', 'originally', 'word', 5, null, null),
  ('v-h5-yuan-you', 'course-mandarin-1', '原有', 'yuán yǒu', 'original', 'word', 5, null, null),
  ('v-h5-yuan-chu', 'course-mandarin-1', '远处', 'yuǎn chù', 'distant place', 'word', 5, null, null),
  ('v-h5-yuan', 'course-mandarin-1', '怨', 'yuàn', 'to blame', 'word', 5, null, null),
  ('v-h5-yuan-2', 'course-mandarin-1', '愿', 'yuàn', 'honest', 'word', 5, null, null),
  ('v-h5-yue-shu', 'course-mandarin-1', '约束', 'yuē shù', 'to restrict', 'verb', 5, null, null),
  ('v-h5-yue-bing', 'course-mandarin-1', '月饼', 'yuè bǐng', 'mooncake (esp. for the Mid-Autumn Festival)', 'word', 5, null, null),
  ('v-h5-yue-qiu', 'course-mandarin-1', '月球', 'yuè qiú', 'the moon', 'word', 5, null, null),
  ('v-h5-yue-lan-shi', 'course-mandarin-1', '阅览室', 'yuè lǎn shì', 'reading room', 'word', 5, null, null),
  ('v-h5-yun', 'course-mandarin-1', '运', 'yùn', 'to move', 'word', 5, null, null),
  ('v-h5-yun-xing', 'course-mandarin-1', '运行', 'yùn xíng', 'to move along one''s course (of celestial bodies etc)', 'word', 5, null, null),
  ('v-h5-zai-hai', 'course-mandarin-1', '灾害', 'zāi hài', 'calamity', 'word', 5, null, null),
  ('v-h5-zai-ci', 'course-mandarin-1', '再次', 'zài cì', 'one more time', 'word', 5, null, null),
  ('v-h5-zai-ye', 'course-mandarin-1', '再也', 'zài yě', '(not) any more', 'word', 5, null, null),
  ('v-h5-zai-chang', 'course-mandarin-1', '在场', 'zài chǎng', 'to be present', 'word', 5, null, null),
  ('v-h5-zai-nei', 'course-mandarin-1', '在内', 'zài nèi', '(included) in it', 'word', 5, null, null),
  ('v-h5-zan-shi', 'course-mandarin-1', '暂时', 'zàn shí', 'temporary', 'word', 5, null, null),
  ('v-h5-zan-ting', 'course-mandarin-1', '暂停', 'zàn tíng', 'to suspend', 'word', 5, null, null),
  ('v-h5-zao', 'course-mandarin-1', '糟', 'zāo', 'dregs', 'word', 5, null, null),
  ('v-h5-zao-gao', 'course-mandarin-1', '糟糕', 'zāo gāo', 'too bad', 'word', 5, null, null),
  ('v-h5-zao-qi', 'course-mandarin-1', '早期', 'zǎo qī', 'early period; early phase; early stage', 'word', 5, null, null),
  ('v-h5-zeng', 'course-mandarin-1', '增', 'zēng', '(bound form) to increase; to augment; to add to', 'word', 5, null, null),
  ('v-h5-zeng-chan', 'course-mandarin-1', '增产', 'zēng chǎn', 'to increase production', 'noun', 5, null, null),
  ('v-h5-zeng-da', 'course-mandarin-1', '增大', 'zēng dà', 'to enlarge', 'word', 5, null, null),
  ('v-h5-zeng-duo', 'course-mandarin-1', '增多', 'zēng duō', 'to increase', 'word', 5, null, null),
  ('v-h5-zeng-qiang', 'course-mandarin-1', '增强', 'zēng qiáng', 'to increase', 'word', 5, null, null),
  ('v-h5-zeng-2', 'course-mandarin-1', '赠', 'zèng', 'to give as a present', 'word', 5, null, null),
  ('v-h5-zeng-song', 'course-mandarin-1', '赠送', 'zèng sòng', 'to present as a gift', 'word', 5, null, null),
  ('v-h5-zhai', 'course-mandarin-1', '摘', 'zhāi', 'to take', 'word', 5, null, null),
  ('v-h5-zhan-lan', 'course-mandarin-1', '展览', 'zhǎn lǎn', 'to put on display', 'verb', 5, null, null),
  ('v-h5-zhan-shi', 'course-mandarin-1', '展示', 'zhǎn shì', 'to reveal; to display; to show; to exhibit', 'word', 5, null, null),
  ('v-h5-zhan-xian', 'course-mandarin-1', '展现', 'zhǎn xiàn', 'to unfold before one''s eyes; to emerge; to reveal; to display', 'word', 5, null, null),
  ('v-h5-zhan-ling', 'course-mandarin-1', '占领', 'zhàn lǐng', 'to capture; to seize; to occupy by force', 'word', 5, null, null),
  ('v-h5-zhan-you', 'course-mandarin-1', '占有', 'zhàn yǒu', 'to have', 'word', 5, null, null),
  ('v-h5-chang-du', 'course-mandarin-1', '长度', 'cháng dù', 'length', 'word', 5, null, null),
  ('v-h5-chang-shou', 'course-mandarin-1', '长寿', 'Cháng shòu', 'Changshou suburban district of Chongqing municipality, formerly in Sichuan', 'word', 5, null, null),
  ('v-h5-zhang', 'course-mandarin-1', '涨', 'zhǎng', 'to rise (of prices, rivers)', 'word', 5, null, null),
  ('v-h5-zhang-jia', 'course-mandarin-1', '涨价', 'zhǎng jià', 'to appreciate (in value)', 'word', 5, null, null),
  ('v-h5-zhang-wo', 'course-mandarin-1', '掌握', 'zhǎng wò', 'to grasp (often fig.)', 'word', 5, null, null),
  ('v-h5-zhao-sheng', 'course-mandarin-1', '招生', 'zhāo shēng', 'to enroll new students', 'verb', 5, null, null),
  ('v-h5-zhao-shou', 'course-mandarin-1', '招手', 'zhāo shǒu', 'to wave', 'word', 5, null, null),
  ('v-h5-zhen-gui', 'course-mandarin-1', '珍贵', 'zhēn guì', 'precious', 'word', 5, null, null),
  ('v-h5-zhen-xi', 'course-mandarin-1', '珍惜', 'zhēn xī', 'to treasure', 'word', 5, null, null),
  ('v-h5-zhen-zhu', 'course-mandarin-1', '珍珠', 'zhēn zhū', 'pearl', 'word', 5, null, null),
  ('v-h5-zhen-cheng', 'course-mandarin-1', '真诚', 'zhēn chéng', 'sincere; genuine; true', 'word', 5, null, null),
  ('v-h5-zhen-li', 'course-mandarin-1', '真理', 'zhēn lǐ', 'truth', 'word', 5, null, null),
  ('v-h5-zhen-xiang', 'course-mandarin-1', '真相', 'zhēn xiàng', 'the truth about sth; the actual facts', 'word', 5, null, null),
  ('v-h5-zhen-duan', 'course-mandarin-1', '诊断', 'zhěn duàn', 'to diagnose', 'word', 5, null, null),
  ('v-h5-zhen-dong', 'course-mandarin-1', '振动', 'zhèn dòng', 'to vibrate', 'verb', 5, null, null),
  ('v-h5-zhen-jing', 'course-mandarin-1', '震惊', 'zhèn jīng', 'to shock', 'word', 5, null, null),
  ('v-h5-zheng-yi', 'course-mandarin-1', '争议', 'zhēng yì', 'controversy', 'verb', 5, null, null),
  ('v-h5-zheng', 'course-mandarin-1', '挣', 'zhēng', 'used in 挣扎', 'word', 5, null, null),
  ('v-h5-zheng-qian', 'course-mandarin-1', '挣钱', 'zhèng qián', 'to make money', 'word', 5, null, null),
  ('v-h5-zheng-ban', 'course-mandarin-1', '正版', 'zhèng bǎn', 'genuine', 'word', 5, null, null),
  ('v-h5-zheng-gui', 'course-mandarin-1', '正规', 'zhèng guī', 'regular', 'word', 5, null, null),
  ('v-h5-zheng-ru', 'course-mandarin-1', '正如', 'zhèng rú', 'just as', 'word', 5, null, null),
  ('v-h5-zheng-shi', 'course-mandarin-1', '证实', 'zhèng shí', 'to confirm (sth to be true)', 'word', 5, null, null),
  ('v-h5-zheng-shu', 'course-mandarin-1', '证书', 'zhèng shū', 'credentials', 'word', 5, null, null),
  ('v-h5-zhi-nei', 'course-mandarin-1', '之内', 'zhī nèi', 'inside', 'word', 5, null, null),
  ('v-h5-zhi-wai', 'course-mandarin-1', '之外', 'zhī wài', 'outside', 'word', 5, null, null),
  ('v-h5-zhi-xia', 'course-mandarin-1', '之下', 'zhī xià', 'under', 'word', 5, null, null),
  ('v-h5-zhi-zhong', 'course-mandarin-1', '之中', 'zhī zhōng', 'inside', 'word', 5, null, null),
  ('v-h5-zhi-chu', 'course-mandarin-1', '支出', 'zhī chū', 'to spend; to pay out', 'word', 5, null, null),
  ('v-h5-zhi-pei', 'course-mandarin-1', '支配', 'zhī pèi', 'to control', 'word', 5, null, null),
  ('v-h5-zhi-xing', 'course-mandarin-1', '执行', 'zhí xíng', 'to implement', 'word', 5, null, null),
  ('v-h5-zhi-xian', 'course-mandarin-1', '直线', 'zhí xiàn', 'straight line', 'word', 5, null, null),
  ('v-h5-zhi-ban', 'course-mandarin-1', '值班', 'zhí bān', 'to work a shift', 'word', 5, null, null),
  ('v-h5-zhi-neng', 'course-mandarin-1', '职能', 'zhí néng', 'function', 'word', 5, null, null),
  ('v-h5-zhi-wei', 'course-mandarin-1', '职位', 'zhí wèi', 'position; post; job', 'word', 5, null, null),
  ('v-h5-zhi-wu', 'course-mandarin-1', '职务', 'zhí wù', 'post', 'word', 5, null, null),
  ('v-h5-zhi-bu-guo', 'course-mandarin-1', '只不过', 'zhǐ bu guò', 'only', 'word', 5, null, null),
  ('v-h5-zhi-jian', 'course-mandarin-1', '只见', 'zhǐ jiàn', 'to see (the same thing) over and over again', 'word', 5, null, null),
  ('v-h5-zhi-biao', 'course-mandarin-1', '指标', 'zhǐ biāo', '(production) target', 'word', 5, null, null),
  ('v-h5-zhi-jia', 'course-mandarin-1', '指甲', 'zhǐ jia', 'fingernail', 'word', 5, null, null),
  ('v-h5-zhi-shi', 'course-mandarin-1', '指示', 'zhǐ shì', 'to point out', 'word', 5, null, null),
  ('v-h5-zhi-ze', 'course-mandarin-1', '指责', 'zhǐ zé', 'to criticize', 'word', 5, null, null),
  ('v-h5-zhi', 'course-mandarin-1', '至', 'zhì', 'to arrive', 'word', 5, null, null),
  ('v-h5-zhi-cheng', 'course-mandarin-1', '制成', 'zhì chéng', 'to manufacture', 'word', 5, null, null),
  ('v-h5-zhi-yue', 'course-mandarin-1', '制约', 'zhì yuē', 'to restrict', 'verb', 5, null, null),
  ('v-h5-zhi-li', 'course-mandarin-1', '治理', 'zhì lǐ', 'to govern', 'word', 5, null, null),
  ('v-h5-zhong-du', 'course-mandarin-1', '中毒', 'zhòng dú', 'to be poisoned', 'word', 5, null, null),
  ('v-h5-zhong-duan', 'course-mandarin-1', '中断', 'zhōng duàn', 'to cut short', 'word', 5, null, null),
  ('v-h5-zhong-qiu-jie', 'course-mandarin-1', '中秋节', 'Zhōng qiū jié', 'the Mid-Autumn Festival on 15th of 8th lunar month', 'word', 5, null, null),
  ('v-h5-zhong-yang', 'course-mandarin-1', '中央', 'zhōng yāng', 'central', 'word', 5, null, null),
  ('v-h5-zhong-yao', 'course-mandarin-1', '中药', 'zhōng yào', 'traditional Chinese medicine', 'word', 5, null, null),
  ('v-h5-zhong-dian', 'course-mandarin-1', '终点', 'zhōng diǎn', 'the end', 'word', 5, null, null),
  ('v-h5-zhong-shen', 'course-mandarin-1', '终身', 'zhōng shēn', 'lifelong', 'word', 5, null, null),
  ('v-h5-zhong-zhi', 'course-mandarin-1', '终止', 'zhōng zhǐ', 'to stop; to terminate', 'word', 5, null, null),
  ('v-h5-zhong-duo', 'course-mandarin-1', '众多', 'zhòng duō', 'numerous', 'word', 5, null, null),
  ('v-h5-zhou-qi', 'course-mandarin-1', '周期', 'zhōu qī', 'period', 'word', 5, null, null),
  ('v-h5-zhu-zi', 'course-mandarin-1', '竹子', 'zhú zi', 'bamboo', 'word', 5, null, null),
  ('v-h5-zhu-ban', 'course-mandarin-1', '主办', 'zhǔ bàn', 'to organize', 'word', 5, null, null),
  ('v-h5-zhu-dao', 'course-mandarin-1', '主导', 'zhǔ dǎo', 'leading', 'word', 5, null, null),
  ('v-h5-zhu-guan', 'course-mandarin-1', '主观', 'zhǔ guān', 'subjective', 'word', 5, null, null),
  ('v-h5-zhu-guan-2', 'course-mandarin-1', '主管', 'zhǔ guǎn', 'in charge', 'verb', 5, null, null),
  ('v-h5-zhu-li', 'course-mandarin-1', '助理', 'zhù lǐ', 'assistant', 'word', 5, null, null),
  ('v-h5-zhu-shou', 'course-mandarin-1', '助手', 'zhù shǒu', 'assistant; helper', 'word', 5, null, null),
  ('v-h5-zhu-ce', 'course-mandarin-1', '注册', 'zhù cè', 'to register', 'word', 5, null, null),
  ('v-h5-zhu-she', 'course-mandarin-1', '注射', 'zhù shè', 'injection', 'word', 5, null, null),
  ('v-h5-zhu-shi', 'course-mandarin-1', '注视', 'zhù shì', 'to look attentively at; to closely watch; to gaze at', 'word', 5, null, null),
  ('v-h5-zhu-zhong', 'course-mandarin-1', '注重', 'zhù zhòng', 'to pay attention to', 'word', 5, null, null),
  ('v-h5-zhu-he', 'course-mandarin-1', '祝贺', 'zhù hè', 'to congratulate', 'word', 5, null, null),
  ('v-h5-zhuan-ji', 'course-mandarin-1', '专辑', 'zhuān jí', 'album', 'word', 5, null, null),
  ('v-h5-zhuan-li', 'course-mandarin-1', '专利', 'zhuān lì', 'patent', 'word', 5, null, null),
  ('v-h5-zhuan-hua', 'course-mandarin-1', '转化', 'zhuǎn huà', 'to change', 'word', 5, null, null),
  ('v-h5-zhuan-huan', 'course-mandarin-1', '转换', 'zhuǎn huàn', 'to change', 'word', 5, null, null),
  ('v-h5-zhuan-xiang', 'course-mandarin-1', '转向', 'zhuǎn xiàng', 'to change direction', 'word', 5, null, null),
  ('v-h5-zhuang-shi', 'course-mandarin-1', '装饰', 'zhuāng shì', 'to decorate', 'word', 5, null, null),
  ('v-h5-zhuang', 'course-mandarin-1', '撞', 'zhuàng', 'to knock against', 'word', 5, null, null),
  ('v-h5-zi-ben', 'course-mandarin-1', '资本', 'zī běn', 'capital (economics)', 'word', 5, null, null),
  ('v-h5-zi-chan', 'course-mandarin-1', '资产', 'zī chǎn', 'property', 'word', 5, null, null),
  ('v-h5-zi-zhu', 'course-mandarin-1', '资助', 'zī zhù', 'to subsidize', 'word', 5, null, null),
  ('v-h5-zi-dan', 'course-mandarin-1', '子弹', 'zǐ dàn', 'bullet', 'word', 5, null, null),
  ('v-h5-zi-xi', 'course-mandarin-1', '仔细', 'zǐ xì', 'careful; attentive; cautious', 'word', 5, null, null),
  ('v-h5-zi', 'course-mandarin-1', '紫', 'zǐ', 'purple', 'word', 5, null, null),
  ('v-h5-zi-hao', 'course-mandarin-1', '自豪', 'zì háo', 'proud (of one''s achievements etc)', 'word', 5, null, null),
  ('v-h5-zi-sha', 'course-mandarin-1', '自杀', 'zì shā', 'to kill oneself', 'word', 5, null, null),
  ('v-h5-zi-yuan', 'course-mandarin-1', '自愿', 'zì yuàn', 'voluntary', 'word', 5, null, null),
  ('v-h5-zong-cai', 'course-mandarin-1', '总裁', 'zǒng cái', 'chairman', 'word', 5, null, null),
  ('v-h5-zong-shu', 'course-mandarin-1', '总数', 'zǒng shù', 'total', 'word', 5, null, null),
  ('v-h5-zong-suan', 'course-mandarin-1', '总算', 'zǒng suàn', 'at long last', 'word', 5, null, null),
  ('v-h5-zong-ti', 'course-mandarin-1', '总体', 'zǒng tǐ', 'completely', 'word', 5, null, null),
  ('v-h5-zu-ai', 'course-mandarin-1', '阻碍', 'zǔ ài', 'to obstruct', 'word', 5, null, null),
  ('v-h5-zu-zhi', 'course-mandarin-1', '组织', 'zǔ zhī', 'to organize', 'word', 5, null, null),
  ('v-h5-zui', 'course-mandarin-1', '醉', 'zuì', 'intoxicated', 'word', 5, null, null),
  ('v-h5-zun-jing', 'course-mandarin-1', '尊敬', 'zūn jìng', 'to respect; to revere; to esteem', 'word', 5, null, null),
  ('v-h5-zun-zhong', 'course-mandarin-1', '尊重', 'zūn zhòng', 'to esteem', 'word', 5, null, null),
  ('v-h5-zun-shou', 'course-mandarin-1', '遵守', 'zūn shǒu', 'to comply with; to abide by; to respect (an agreement)', 'word', 5, null, null),
  ('v-h5-chong-tu', 'course-mandarin-1', '冲突', 'chōng tū', 'conflict', 'verb', 5, null, null),
  ('v-h5-dan-xiao', 'course-mandarin-1', '胆小', 'dǎn xiǎo', 'cowardice', 'word', 5, null, null),
  ('v-h5-de-le', 'course-mandarin-1', '得了', 'dé le', 'all right!', 'word', 5, null, null),
  ('v-h5-fa-jue', 'course-mandarin-1', '发觉', 'fā jué', 'to become aware', 'word', 5, null, null),
  ('v-h5-gai-ge', 'course-mandarin-1', '改革', 'gǎi gé', 'reform', 'verb', 5, null, null),
  ('v-h5-jiang-li', 'course-mandarin-1', '奖励', 'jiǎng lì', 'to reward', 'verb', 5, null, null),
  ('v-h5-jing-gao', 'course-mandarin-1', '警告', 'jǐng gào', 'to warn', 'word', 5, null, null),
  ('v-h5-ku', 'course-mandarin-1', '库', 'kù', 'warehouse', 'word', 5, null, null),
  ('v-h5-ming-liang', 'course-mandarin-1', '明亮', 'míng liàng', 'bright', 'word', 5, null, null),
  ('v-h5-ruan-jian', 'course-mandarin-1', '软件', 'ruǎn jiàn', '(computer) software', 'word', 5, null, null),
  ('v-h5-she-4', 'course-mandarin-1', '社', 'shè', '(bound form) society; organization; agency', 'word', 5, null, null),
  ('v-h5-wei-fan', 'course-mandarin-1', '违反', 'wéi fǎn', 'to violate (a law)', 'word', 5, null, null),
  ('v-h5-wei-nan', 'course-mandarin-1', '为难', 'wéi nán', 'to feel embarrassed or awkward', 'word', 5, null, null),
  ('v-h5-xian-yan', 'course-mandarin-1', '鲜艳', 'xiān yàn', 'bright-colored; gaily-colored', 'word', 5, null, null),
  ('v-h5-xiang-qian', 'course-mandarin-1', '向前', 'xiàng qián', 'forward', 'word', 5, null, null),
  ('v-h5-xiang-shang', 'course-mandarin-1', '向上', 'xiàng shàng', 'upward', 'word', 5, null, null),
  ('v-h5-ying-jian', 'course-mandarin-1', '硬件', 'yìng jiàn', 'hardware', 'word', 5, null, null),
  ('v-h5-zheng-yi-2', 'course-mandarin-1', '正义', 'zhèng yì', 'justice', 'word', 5, null, null),
  ('v-h5-zhi-an', 'course-mandarin-1', '治安', 'zhì ān', 'law and order', 'word', 5, null, null),
  ('v-h5-zhuan-rang', 'course-mandarin-1', '转让', 'zhuǎn ràng', 'to transfer (ownership, rights etc)', 'word', 5, null, null),
  ('v-h5-di-zhen', 'course-mandarin-1', '地震', 'dì zhèn', 'earthquake', 'word', 5, null, null),
  ('v-h5-hui-shou', 'course-mandarin-1', '回收', 'huí shōu', 'to recycle', 'word', 5, null, null),
  ('v-h5-huo-li', 'course-mandarin-1', '活力', 'huó lì', 'energy', 'word', 5, null, null),
  ('v-h5-jiu-zai', 'course-mandarin-1', '救灾', 'jiù zāi', 'to relieve disaster', 'verb', 5, null, null),
  ('v-h5-neng-liang', 'course-mandarin-1', '能量', 'néng liàng', 'energy', 'word', 5, null, null),
  ('v-h5-shou-zai', 'course-mandarin-1', '受灾', 'shòu zāi', 'disaster-stricken', 'word', 5, null, null),
  ('v-h5-yan-jiu-suo', 'course-mandarin-1', '研究所', 'yán jiū suǒ', 'research institute', 'word', 5, null, null),
  ('v-h5-zai', 'course-mandarin-1', '灾', 'zāi', 'disaster', 'word', 5, null, null),
  ('v-h5-zai-nan', 'course-mandarin-1', '灾难', 'zāi nàn', 'disaster; catastrophe', 'word', 5, null, null),
  ('v-h5-zai-qu', 'course-mandarin-1', '灾区', 'zāi qū', 'disaster area', 'word', 5, null, null),
  ('v-h5-bu-wei', 'course-mandarin-1', '部位', 'bù wèi', 'part (esp. of the body, but also of a vegetable (e.g. the root), or a garment (e.g. the sleeve) etc)', 'word', 5, null, null),
  ('v-h5-cheng-yu', 'course-mandarin-1', '成语', 'chéng yǔ', 'Chinese set expression, typically of 4 characters, often alluding to a story or historical quotation', 'word', 5, null, null),
  ('v-h5-dai-you', 'course-mandarin-1', '带有', 'dài yǒu', 'to have as a feature or characteristic; to have an element of (confidence, sweetness, malevolence etc); to carry (a pathogen, connotation etc)', 'word', 5, null, null),
  ('v-h5-dui-ying', 'course-mandarin-1', '对应', 'duì yìng', 'to correspond (to); to be equivalent to; to be a counterpart to', 'word', 5, null, null),
  ('v-h5-gong-yi', 'course-mandarin-1', '工艺', 'gōng yì', 'arts and crafts', 'word', 5, null, null),
  ('v-h5-gong-yi-pin', 'course-mandarin-1', '工艺品', 'gōng yì pǐn', 'handicraft article', 'word', 5, null, null),
  ('v-h5-yan', 'course-mandarin-1', '广', 'yǎn', '"house on a cliff" radical in Chinese characters (Kangxi radical 53), occurring in 店, 序, 底 etc', 'word', 5, null, null),
  ('v-h5-he-fan', 'course-mandarin-1', '盒饭', 'hé fàn', 'meal in a partitioned box', 'word', 5, null, null),
  ('v-h5-ke-2', 'course-mandarin-1', '颗', 'kē', 'classifier for small spheres, pearls, corn grains, teeth, hearts, satellites etc', 'word', 5, null, null),
  ('v-h5-pai-she', 'course-mandarin-1', '拍摄', 'pāi shè', 'to take (a picture); to shoot (a film)', 'word', 5, null, null),
  ('v-h5-pi-qi', 'course-mandarin-1', '脾气', 'pí qi', 'character', 'word', 5, null, null),
  ('v-h5-pin-2', 'course-mandarin-1', '品', 'pǐn', '(bound form) article; commodity; product; goods', 'word', 5, null, null),
  ('v-h5-qi-dong', 'course-mandarin-1', '启动', 'qǐ dòng', 'to start (a machine)', 'word', 5, null, null),
  ('v-h5-qi-dao', 'course-mandarin-1', '起到', 'qǐ dào', '(in an expression of the form 起到…用) to have (a (motivating etc) effect); to play (a (stabilizing etc) role)', 'word', 5, null, null),
  ('v-h5-shang-ji', 'course-mandarin-1', '上级', 'shàng jí', 'higher authorities', 'word', 5, null, null),
  ('v-h5-she-de', 'course-mandarin-1', '舍得', 'shě de', 'to be willing to part with sth', 'word', 5, null, null),
  ('v-h5-shen-qing', 'course-mandarin-1', '神情', 'shén qíng', 'look; expression', 'word', 5, null, null),
  ('v-h5-wei-wen', 'course-mandarin-1', '慰问', 'wèi wèn', 'to express sympathy, greetings, consolation etc', 'word', 5, null, null),
  ('v-h5-wen-yi', 'course-mandarin-1', '文艺', 'wén yì', 'literature and art', 'word', 5, null, null),
  ('v-h5-xi-ju-2', 'course-mandarin-1', '戏剧', 'xì jù', 'a drama; a play; theater', 'word', 5, null, null),
  ('v-h5-xin-tai', 'course-mandarin-1', '心态', 'xīn tài', 'attitude (of the heart)', 'word', 5, null, null),
  ('v-h5-xing-neng', 'course-mandarin-1', '性能', 'xìng néng', 'function; performance; behavior', 'word', 5, null, null),
  ('v-h5-you-qi', 'course-mandarin-1', '尤其', 'yóu qí', 'especially; particularly', 'word', 5, null, null),
  ('v-h5-zhu-ti', 'course-mandarin-1', '主体', 'zhǔ tǐ', 'main part', 'word', 5, null, null),
  ('v-h5-bian-tiao', 'course-mandarin-1', '便条', 'biàn tiáo', '(informal) note', 'word', 5, null, null),
  ('v-h5-luo-ji', 'course-mandarin-1', '逻辑', 'luó ji', 'logic (loanword)', 'word', 5, null, null),
  ('v-h5-qi-xiang', 'course-mandarin-1', '气象', 'qì xiàng', 'meteorological feature', 'word', 5, null, null),
  ('v-h5-yuan-li', 'course-mandarin-1', '原理', 'yuán lǐ', 'principle', 'word', 5, null, null);
insert into lesson_vocab (lesson_id, vocab_item_id) values
  ('lesson-h5-aa-1', 'v-h5-an-wei'),
  ('lesson-h5-aa-1', 'v-h5-an'),
  ('lesson-h5-aa-1', 'v-h5-an-shang'),
  ('lesson-h5-aa-1', 'v-h5-an-mo'),
  ('lesson-h5-aa-1', 'v-h5-ba'),
  ('lesson-h5-aa-1', 'v-h5-bai-jiu'),
  ('lesson-h5-aa-1', 'v-h5-bai-fang'),
  ('lesson-h5-aa-1', 'v-h5-ban'),
  ('lesson-h5-aa-2', 'v-h5-ban-yan'),
  ('lesson-h5-aa-2', 'v-h5-bang'),
  ('lesson-h5-aa-2', 'v-h5-bao-wei'),
  ('lesson-h5-aa-2', 'v-h5-bao-zhuang'),
  ('lesson-h5-aa-2', 'v-h5-bo-ruo'),
  ('lesson-h5-aa-2', 'v-h5-bao-wei-2'),
  ('lesson-h5-aa-2', 'v-h5-bao-yang'),
  ('lesson-h5-aa-2', 'v-h5-bao-da'),
  ('lesson-h5-aa-3', 'v-h5-bao-jing'),
  ('lesson-h5-aa-3', 'v-h5-bao-yuan'),
  ('lesson-h5-aa-3', 'v-h5-bei-ju'),
  ('lesson-h5-aa-3', 'v-h5-bei-shang'),
  ('lesson-h5-aa-3', 'v-h5-bei-ji'),
  ('lesson-h5-aa-3', 'v-h5-bei-bao'),
  ('lesson-h5-aa-3', 'v-h5-bei-dong'),
  ('lesson-h5-aa-3', 'v-h5-bei'),
  ('lesson-h5-aa-4', 'v-h5-ben-ren'),
  ('lesson-h5-aa-4', 'v-h5-bi-zi'),
  ('lesson-h5-aa-4', 'v-h5-bi-fang'),
  ('lesson-h5-aa-4', 'v-h5-bi-zhong'),
  ('lesson-h5-aa-4', 'v-h5-bi-ci'),
  ('lesson-h5-aa-4', 'v-h5-bi'),
  ('lesson-h5-aa-4', 'v-h5-bi-xu'),
  ('lesson-h5-aa-4', 'v-h5-bi-jing'),
  ('lesson-h5-aa-5', 'v-h5-bi-mu'),
  ('lesson-h5-aa-5', 'v-h5-bi-mu-shi'),
  ('lesson-h5-aa-5', 'v-h5-bian-jing'),
  ('lesson-h5-aa-5', 'v-h5-bian-ji'),
  ('lesson-h5-aa-5', 'v-h5-bian-dong'),
  ('lesson-h5-aa-5', 'v-h5-bian-li'),
  ('lesson-h5-aa-5', 'v-h5-bian-yu'),
  ('lesson-h5-aa-5', 'v-binguan'),
  ('lesson-h5-aa-6', 'v-h5-bing'),
  ('lesson-h5-aa-6', 'v-h5-bing-gan'),
  ('lesson-h5-aa-6', 'v-h5-bing-du'),
  ('lesson-h5-aa-6', 'v-h5-bo-li'),
  ('lesson-h5-aa-6', 'v-h5-bo-ke'),
  ('lesson-h5-aa-6', 'v-h5-bo-lan-hui'),
  ('lesson-h5-aa-6', 'v-h5-bo-shi'),
  ('lesson-h5-aa-6', 'v-h5-bo-wu-guan'),
  ('lesson-h5-aa-7', 'v-h5-bu-chang'),
  ('lesson-h5-aa-7', 'v-h5-bu-tie'),
  ('lesson-h5-aa-7', 'v-h5-bu-ceng'),
  ('lesson-h5-aa-7', 'v-h5-bu-de-liao'),
  ('lesson-h5-aa-7', 'v-h5-bu-gan-dang'),
  ('lesson-h5-aa-7', 'v-h5-bu-gu'),
  ('lesson-h5-aa-7', 'v-h5-bu-li'),
  ('lesson-h5-aa-7', 'v-h5-bu-liang'),
  ('lesson-h5-aa-8', 'v-h5-bu-mian'),
  ('lesson-h5-aa-8', 'v-h5-bu-nai-fan'),
  ('lesson-h5-aa-8', 'v-h5-bu-neng-bu'),
  ('lesson-h5-aa-8', 'v-h5-bu-shi'),
  ('lesson-h5-aa-8', 'v-h5-bu-ting'),
  ('lesson-h5-aa-8', 'v-h5-bu-xing'),
  ('lesson-h5-aa-8', 'v-h5-bu-xu'),
  ('lesson-h5-aa-8', 'v-h5-bu-yi'),
  ('lesson-h5-aa-9', 'v-h5-bu-zhi'),
  ('lesson-h5-aa-9', 'v-h5-bu-zu'),
  ('lesson-h5-aa-9', 'v-h5-cai'),
  ('lesson-h5-aa-9', 'v-h5-cai-ce'),
  ('lesson-h5-aa-9', 'v-h5-cai-pan'),
  ('lesson-h5-aa-9', 'v-h5-cai-gou'),
  ('lesson-h5-aa-9', 'v-h5-cai-piao'),
  ('lesson-h5-aa-9', 'v-h5-can-guan'),
  ('lesson-h5-aa-10', 'v-h5-can-ting'),
  ('lesson-h5-aa-10', 'v-h5-can-yin'),
  ('lesson-h5-aa-10', 'v-h5-cao-yuan'),
  ('lesson-h5-aa-10', 'v-h5-ce'),
  ('lesson-h5-aa-10', 'v-h5-ceng-ci'),
  ('lesson-h5-aa-10', 'v-h5-cha'),
  ('lesson-h5-aa-10', 'v-h5-cha-zi'),
  ('lesson-h5-aa-10', 'v-h5-cha-2'),
  ('lesson-h5-aa-11', 'v-h5-cha-xun'),
  ('lesson-h5-aa-11', 'v-h5-cha-bie'),
  ('lesson-h5-aa-11', 'v-h5-cha-dian-r'),
  ('lesson-h5-aa-11', 'v-h5-cha-ju'),
  ('lesson-h5-aa-11', 'v-h5-cha-yi-dian-r'),
  ('lesson-h5-aa-11', 'v-h5-chai'),
  ('lesson-h5-aa-11', 'v-h5-chai-chu'),
  ('lesson-h5-aa-11', 'v-h5-chan-ye'),
  ('lesson-h5-aa-12', 'v-h5-chang'),
  ('lesson-h5-aa-12', 'v-h5-chang-2'),
  ('lesson-h5-aa-12', 'v-h5-chang-shi'),
  ('lesson-h5-aa-12', 'v-h5-chang-zhang'),
  ('lesson-h5-aa-12', 'v-h5-chang-mian'),
  ('lesson-h5-aa-12', 'v-h5-chang-dao'),
  ('lesson-h5-aa-12', 'v-h5-chao-yue'),
  ('lesson-h5-aa-12', 'v-h5-che-zhu'),
  ('lesson-h5-aa-13', 'v-h5-cheng-hao'),
  ('lesson-h5-aa-13', 'v-h5-cheng-ben'),
  ('lesson-h5-aa-13', 'v-h5-cheng-jiao'),
  ('lesson-h5-aa-13', 'v-h5-cheng-xiao'),
  ('lesson-h5-aa-13', 'v-h5-cheng-ban'),
  ('lesson-h5-aa-13', 'v-h5-chengli'),
  ('lesson-h5-aa-13', 'v-h5-cheng'),
  ('lesson-h5-aa-13', 'v-h5-cheng-che'),
  ('lesson-h5-aa-14', 'v-h5-cheng-ke'),
  ('lesson-h5-aa-14', 'v-h5-cheng-zuo'),
  ('lesson-h5-aa-14', 'v-h5-chi-li'),
  ('lesson-h5-aa-14', 'v-h5-chi-zi'),
  ('lesson-h5-aa-14', 'v-h5-chi'),
  ('lesson-h5-aa-14', 'v-h5-chong-zu'),
  ('lesson-h5-aa-14', 'v-h5-chong-dong'),
  ('lesson-h5-aa-14', 'v-h5-chou'),
  ('lesson-h5-aa-15', 'v-h5-chou-2'),
  ('lesson-h5-aa-15', 'v-h5-chou-3'),
  ('lesson-h5-aa-15', 'v-h5-chu-ban'),
  ('lesson-h5-aa-15', 'v-h5-chu-chai'),
  ('lesson-h5-aa-15', 'v-h5-chu-han'),
  ('lesson-h5-aa-15', 'v-h5-chu-yu'),
  ('lesson-h5-aa-15', 'v-h5-chu-qi'),
  ('lesson-h5-aa-15', 'v-h5-chu-fei'),
  ('lesson-h5-aa-16', 'v-h5-chu-xi'),
  ('lesson-h5-aa-16', 'v-h5-chu-fang'),
  ('lesson-h5-aa-16', 'v-h5-chu-fa'),
  ('lesson-h5-aa-16', 'v-h5-chu-fen'),
  ('lesson-h5-aa-16', 'v-h5-chu-zai'),
  ('lesson-h5-aa-16', 'v-h5-chuan-da'),
  ('lesson-h5-aa-16', 'v-h5-chuan-di'),
  ('lesson-h5-aa-16', 'v-h5-chuan-zhen'),
  ('lesson-h5-aa-17', 'v-h5-chuang-lian'),
  ('lesson-h5-aa-17', 'v-h5-chuang'),
  ('lesson-h5-aa-17', 'v-h5-chuang-li'),
  ('lesson-h5-aa-17', 'v-h5-ci-dian'),
  ('lesson-h5-aa-17', 'v-h5-ci-zhi'),
  ('lesson-h5-aa-17', 'v-h5-ci-hou'),
  ('lesson-h5-aa-17', 'v-h5-ci-ke'),
  ('lesson-h5-aa-17', 'v-h5-ci-shi'),
  ('lesson-h5-aa-18', 'v-h5-cong-ming'),
  ('lesson-h5-aa-18', 'v-h5-cong-er'),
  ('lesson-h5-aa-18', 'v-h5-cong-zhong'),
  ('lesson-h5-aa-18', 'v-h5-cui'),
  ('lesson-h5-aa-18', 'v-h5-cun-kuan'),
  ('lesson-h5-aa-18', 'v-h5-cun'),
  ('lesson-h5-aa-18', 'v-h5-da-cheng'),
  ('lesson-h5-aa-18', 'v-h5-da'),
  ('lesson-h5-aa-19', 'v-h5-da-fu'),
  ('lesson-h5-aa-19', 'v-h5-da-ban'),
  ('lesson-h5-aa-19', 'v-h5-da-bao'),
  ('lesson-h5-aa-19', 'v-h5-da-ji'),
  ('lesson-h5-aa-19', 'v-h5-da-jia'),
  ('lesson-h5-aa-19', 'v-h5-da-rao'),
  ('lesson-h5-aa-19', 'v-h5-da-dan'),
  ('lesson-h5-aa-19', 'v-h5-da-du'),
  ('lesson-h5-aa-20', 'v-h5-da-gang'),
  ('lesson-h5-aa-20', 'v-h5-da-huo-r'),
  ('lesson-h5-aa-20', 'v-h5-da-jiang-sai'),
  ('lesson-h5-aa-20', 'v-h5-da-nao'),
  ('lesson-h5-aa-20', 'v-h5-da-shi'),
  ('lesson-h5-aa-20', 'v-h5-da-ting'),
  ('lesson-h5-aa-20', 'v-h5-da-xiang'),
  ('lesson-h5-aa-20', 'v-h5-da-xiong-mao'),
  ('lesson-h5-aa-21', 'v-h5-da-yu'),
  ('lesson-h5-aa-21', 'v-h5-da-zhi'),
  ('lesson-h5-aa-21', 'v-h5-dai'),
  ('lesson-h5-aa-21', 'v-h5-dai-jia'),
  ('lesson-h5-aa-21', 'v-h5-dai-li'),
  ('lesson-h5-aa-21', 'v-h5-dai-2'),
  ('lesson-h5-aa-21', 'v-h5-dai-kuan'),
  ('lesson-h5-aa-21', 'v-h5-dan-yi'),
  ('lesson-h5-aa-22', 'v-h5-dan'),
  ('lesson-h5-aa-22', 'v-h5-dan-2'),
  ('lesson-h5-aa-22', 'v-h5-dan-gao'),
  ('lesson-h5-aa-22', 'v-h5-dang-chang'),
  ('lesson-h5-aa-22', 'v-h5-dang-dai'),
  ('lesson-h5-aa-22', 'v-h5-dang-nian'),
  ('lesson-h5-aa-22', 'v-h5-dang-qian'),
  ('lesson-h5-aa-22', 'v-h5-dang-xuan'),
  ('lesson-h5-aa-23', 'v-h5-dang'),
  ('lesson-h5-aa-23', 'v-h5-dao-lai'),
  ('lesson-h5-aa-23', 'v-h5-dao-shi'),
  ('lesson-h5-aa-23', 'v-h5-dao-de'),
  ('lesson-h5-aa-23', 'v-h5-de-yi'),
  ('lesson-h5-aa-23', 'v-h5-di-dai'),
  ('lesson-h5-aa-23', 'v-h5-di-xing'),
  ('lesson-h5-aa-23', 'v-h5-deng-hou'),
  ('lesson-h5-aa-24', 'v-h5-deng-ji'),
  ('lesson-h5-aa-24', 'v-h5-di-yu'),
  ('lesson-h5-aa-24', 'v-h5-di'),
  ('lesson-h5-aa-24', 'v-h5-di-gei'),
  ('lesson-h5-aa-24', 'v-h5-dian-li'),
  ('lesson-h5-aa-24', 'v-h5-dian-ran'),
  ('lesson-h5-aa-24', 'v-h5-dian-chi'),
  ('lesson-h5-aa-24', 'v-h5-dian-fan-guo'),
  ('lesson-h5-aa-25', 'v-h5-dian-zi-ban'),
  ('lesson-h5-aa-25', 'v-h5-diao-dong'),
  ('lesson-h5-aa-25', 'v-h5-tiao-jie'),
  ('lesson-h5-aa-25', 'v-h5-tiao-jie-2'),
  ('lesson-h5-aa-25', 'v-h5-diu'),
  ('lesson-h5-aa-25', 'v-h5-dong-ji'),
  ('lesson-h5-aa-25', 'v-h5-dong-shou'),
  ('lesson-h5-aa-25', 'v-h5-dong-tai'),
  ('lesson-h5-aa-26', 'v-h5-dong-yuan'),
  ('lesson-h5-aa-26', 'v-h5-dong'),
  ('lesson-h5-aa-26', 'v-h5-dong-2'),
  ('lesson-h5-aa-26', 'v-h5-dou-zhi-pin'),
  ('lesson-h5-aa-26', 'v-h5-du'),
  ('lesson-h5-aa-26', 'v-h5-dui'),
  ('lesson-h5-aa-26', 'v-h5-dui-li'),
  ('lesson-h5-aa-26', 'v-h5-dun'),
  ('lesson-h5-aa-27', 'v-h5-duo'),
  ('lesson-h5-aa-27', 'v-h5-duo-2'),
  ('lesson-h5-aa-27', 'v-h5-er-nu'),
  ('lesson-h5-aa-27', 'v-h5-er-duo'),
  ('lesson-h5-aa-27', 'v-h5-er-wei-ma'),
  ('lesson-h5-aa-27', 'v-h5-fa-bu'),
  ('lesson-h5-aa-27', 'v-h5-fa-she'),
  ('lesson-h5-aa-27', 'v-h5-fa-xing'),
  ('lesson-h5-aa-28', 'v-h5-fa'),
  ('lesson-h5-aa-28', 'v-h5-fa-kuan'),
  ('lesson-h5-aa-28', 'v-h5-fa-gui'),
  ('lesson-h5-aa-28', 'v-h5-fa-zhi'),
  ('lesson-h5-aa-28', 'v-h5-fan-rong'),
  ('lesson-h5-aa-28', 'v-h5-fan-hui'),
  ('lesson-h5-aa-28', 'v-h5-fang-zhi'),
  ('lesson-h5-aa-28', 'v-h5-fang-da'),
  ('lesson-h5-aa-29', 'v-h5-fang-qi'),
  ('lesson-h5-aa-29', 'v-h5-fen-cheng'),
  ('lesson-h5-aa-29', 'v-h5-fen-jie'),
  ('lesson-h5-aa-29', 'v-h5-fen-lei'),
  ('lesson-h5-aa-29', 'v-h5-fen-li'),
  ('lesson-h5-aa-29', 'v-h5-fen-xi'),
  ('lesson-h5-aa-29', 'v-h5-fen-xiang'),
  ('lesson-h5-aa-29', 'v-h5-feng-shou'),
  ('lesson-h5-aa-30', 'v-h5-feng-du'),
  ('lesson-h5-aa-30', 'v-h5-feng-guang'),
  ('lesson-h5-aa-30', 'v-h5-feng'),
  ('lesson-h5-aa-30', 'v-h5-feng-kuang'),
  ('lesson-h5-aa-30', 'v-h5-fu'),
  ('lesson-h5-aa-30', 'v-h5-fu-cong'),
  ('lesson-h5-aa-30', 'v-h5-fu-2'),
  ('lesson-h5-aa-30', 'v-h5-fu-du'),
  ('lesson-h5-aa-31', 'v-h5-fu-li'),
  ('lesson-h5-aa-31', 'v-h5-fu-zhu'),
  ('lesson-h5-aa-31', 'v-h5-fu-ze-ren'),
  ('lesson-h5-aa-31', 'v-h5-fu-jian'),
  ('lesson-h5-aa-31', 'v-h5-gan-xiang'),
  ('lesson-h5-aa-31', 'v-h5-gan-cui'),
  ('lesson-h5-aa-31', 'v-h5-gan-rao'),
  ('lesson-h5-aa-31', 'v-h5-gan-yu'),
  ('lesson-h5-aa-32', 'v-h5-gang-bi'),
  ('lesson-h5-aa-32', 'v-h5-gang-qin'),
  ('lesson-h5-aa-32', 'v-h5-gao-da'),
  ('lesson-h5-aa-32', 'v-h5-gao-du'),
  ('lesson-h5-aa-32', 'v-h5-gao-gen-xie'),
  ('lesson-h5-aa-32', 'v-h5-gao-wen'),
  ('lesson-h5-aa-32', 'v-h5-gao-yu'),
  ('lesson-h5-aa-32', 'v-h5-gao-yuan'),
  ('lesson-h5-aa-33', 'v-h5-gao'),
  ('lesson-h5-aa-33', 'v-h5-gao-hao'),
  ('lesson-h5-aa-33', 'v-h5-ge-qu'),
  ('lesson-h5-aa-33', 'v-h5-ge-bi'),
  ('lesson-h5-aa-33', 'v-h5-ge-r'),
  ('lesson-h5-aa-33', 'v-h5-gen-qian'),
  ('lesson-h5-aa-33', 'v-h5-gen-sui'),
  ('lesson-h5-aa-33', 'v-h5-geng-huan'),
  ('lesson-h5-aa-34', 'v-h5-geng-xin'),
  ('lesson-h5-aa-34', 'v-h5-gong-zuo-ri'),
  ('lesson-h5-aa-34', 'v-h5-gong-gao'),
  ('lesson-h5-aa-34', 'v-h5-gong-ren'),
  ('lesson-h5-aa-34', 'v-h5-gong-shi'),
  ('lesson-h5-aa-34', 'v-h5-gong-zheng'),
  ('lesson-h5-aa-34', 'v-h5-gong-ji'),
  ('lesson-h5-aa-34', 'v-h5-gong-xiang'),
  ('lesson-h5-aa-35', 'v-h5-gou'),
  ('lesson-h5-aa-35', 'v-h5-gou-tong'),
  ('lesson-h5-aa-35', 'v-h5-gu-ji'),
  ('lesson-h5-aa-35', 'v-h5-gu-lao'),
  ('lesson-h5-aa-35', 'v-h5-gu'),
  ('lesson-h5-aa-35', 'v-h5-gu-li'),
  ('lesson-h5-aa-35', 'v-h5-gu-zhang'),
  ('lesson-h5-aa-35', 'v-h5-gu-wen'),
  ('lesson-h5-aa-36', 'v-h5-guan-huai'),
  ('lesson-h5-aa-36', 'v-h5-guan-jian'),
  ('lesson-h5-aa-36', 'v-h5-guan-jun'),
  ('lesson-h5-aa-36', 'v-h5-guang-rong'),
  ('lesson-h5-aa-36', 'v-h5-guang-xian'),
  ('lesson-h5-aa-36', 'v-h5-guang-fan'),
  ('lesson-h5-aa-36', 'v-h5-gui-hua'),
  ('lesson-h5-aa-36', 'v-h5-gui'),
  ('lesson-h5-aa-37', 'v-h5-gui-zi'),
  ('lesson-h5-aa-37', 'v-h5-gun'),
  ('lesson-h5-aa-37', 'v-h5-guo'),
  ('lesson-h5-aa-37', 'v-h5-guo-ji'),
  ('lesson-h5-aa-37', 'v-h5-guo-min'),
  ('lesson-h5-aa-37', 'v-h5-guo-du'),
  ('lesson-h5-aa-37', 'v-h5-guo-min-2'),
  ('lesson-h5-aa-37', 'v-h5-guo-yu'),
  ('lesson-h5-aa-38', 'v-h5-hai'),
  ('lesson-h5-aa-38', 'v-h5-hai-2'),
  ('lesson-h5-aa-38', 'v-h5-han'),
  ('lesson-h5-aa-38', 'v-h5-hao-yun'),
  ('lesson-h5-aa-38', 'v-h5-hao-zhao'),
  ('lesson-h5-aa-38', 'v-h5-he-bing'),
  ('lesson-h5-aa-38', 'v-h5-he-cheng'),
  ('lesson-h5-aa-38', 'v-h5-he'),
  ('lesson-h5-aa-39', 'v-h5-he-zi'),
  ('lesson-h5-aa-39', 'v-h5-he-ka'),
  ('lesson-h5-aa-39', 'v-h5-hen'),
  ('lesson-h5-aa-39', 'v-h5-hou'),
  ('lesson-h5-aa-39', 'v-h5-hou-hui'),
  ('lesson-h5-aa-39', 'v-h5-hutongr5'),
  ('lesson-h5-aa-39', 'v-h5-hu-zi'),
  ('lesson-h5-aa-39', 'v-h5-hu'),
  ('lesson-h5-aa-40', 'v-h5-hua-yu'),
  ('lesson-h5-aa-40', 'v-h5-hua'),
  ('lesson-h5-aa-40', 'v-h5-hua-shi'),
  ('lesson-h5-aa-40', 'v-h5-hua-fen'),
  ('lesson-h5-aa-40', 'v-h5-hua-mian'),
  ('lesson-h5-aa-40', 'v-h5-huan-jie'),
  ('lesson-h5-aa-40', 'v-h5-huang'),
  ('lesson-h5-aa-40', 'v-h5-huang-mang'),
  ('lesson-h5-aa-41', 'v-h5-hui-se'),
  ('lesson-h5-aa-41', 'v-h5-hui-fu'),
  ('lesson-h5-aa-41', 'v-h5-hui-bao'),
  ('lesson-h5-aa-41', 'v-h5-hui-bi'),
  ('lesson-h5-aa-41', 'v-h5-hui-gu'),
  ('lesson-h5-aa-41', 'v-h5-hui-tou'),
  ('lesson-h5-aa-41', 'v-h5-hui-xin'),
  ('lesson-h5-aa-41', 'v-h5-hui-yi'),
  ('lesson-h5-aa-42', 'v-h5-hui-kuan'),
  ('lesson-h5-aa-42', 'v-h5-hui-tan'),
  ('lesson-h5-aa-42', 'v-h5-huo-po'),
  ('lesson-h5-aa-42', 'v-h5-huo-chai'),
  ('lesson-h5-aa-42', 'v-h5-huo-tui'),
  ('lesson-h5-aa-42', 'v-h5-huo-zai'),
  ('lesson-h5-aa-42', 'v-h5-huo-shi'),
  ('lesson-h5-aa-42', 'v-h5-ji-qi-ren'),
  ('lesson-h5-aa-43', 'v-h5-ji-zhi'),
  ('lesson-h5-aa-43', 'v-h5-ji-rou'),
  ('lesson-h5-aa-43', 'v-h5-ji-di'),
  ('lesson-h5-aa-43', 'v-h5-ji-jin'),
  ('lesson-h5-aa-43', 'v-h5-ji-shi'),
  ('lesson-h5-aa-43', 'v-h5-ji-tuan'),
  ('lesson-h5-aa-43', 'v-h5-ji'),
  ('lesson-h5-aa-43', 'v-h5-ji-yi'),
  ('lesson-h5-aa-44', 'v-h5-ji-neng'),
  ('lesson-h5-aa-44', 'v-h5-ji-cheng'),
  ('lesson-h5-aa-44', 'v-h5-jia-re'),
  ('lesson-h5-aa-44', 'v-h5-jia-shang'),
  ('lesson-h5-aa-44', 'v-h5-jia-su'),
  ('lesson-h5-aa-44', 'v-h5-jia-yi'),
  ('lesson-h5-aa-44', 'v-h5-jia'),
  ('lesson-h5-aa-44', 'v-h5-jia-2'),
  ('lesson-h5-aa-45', 'v-h5-jia-3'),
  ('lesson-h5-aa-45', 'v-h5-jia-shi'),
  ('lesson-h5-aa-45', 'v-h5-jia-zhao'),
  ('lesson-h5-aa-45', 'v-h5-jian-ding'),
  ('lesson-h5-aa-45', 'v-h5-jian-jie'),
  ('lesson-h5-aa-45', 'v-h5-jian'),
  ('lesson-h5-aa-45', 'v-h5-jian-ku'),
  ('lesson-h5-aa-45', 'v-h5-jian-nan'),
  ('lesson-h5-aa-46', 'v-h5-jian-qing'),
  ('lesson-h5-aa-46', 'v-h5-jian-2'),
  ('lesson-h5-aa-46', 'v-h5-jian-dao'),
  ('lesson-h5-aa-46', 'v-h5-jian-zi'),
  ('lesson-h5-aa-46', 'v-h5-jian-yan'),
  ('lesson-h5-aa-46', 'v-h5-jian-zao'),
  ('lesson-h5-aa-46', 'v-h5-jian-zhu'),
  ('lesson-h5-aa-46', 'v-h5-jian-quan'),
  ('lesson-h5-aa-47', 'v-h5-jian-3'),
  ('lesson-h5-aa-47', 'v-h5-jian-pan'),
  ('lesson-h5-aa-47', 'v-h5-jiang'),
  ('lesson-h5-aa-47', 'v-h5-jiang-yao'),
  ('lesson-h5-aa-47', 'v-h5-jiao-dai'),
  ('lesson-h5-aa-47', 'v-h5-jiao-qu'),
  ('lesson-h5-aa-47', 'v-h5-jiao-dai-2'),
  ('lesson-h5-aa-47', 'v-h5-jiao-shui'),
  ('lesson-h5-aa-48', 'v-h5-jiao-bu'),
  ('lesson-h5-aa-48', 'v-h5-jie-chu'),
  ('lesson-h5-aa-48', 'v-h5-jie-lian'),
  ('lesson-h5-aa-48', 'v-h5-jie-chu-2'),
  ('lesson-h5-aa-48', 'v-h5-jie-fang'),
  ('lesson-h5-aa-48', 'v-h5-jie'),
  ('lesson-h5-aa-48', 'v-h5-jie-2'),
  ('lesson-h5-aa-48', 'v-h5-jin-ri'),
  ('lesson-h5-aa-49', 'v-h5-jin-guan'),
  ('lesson-h5-aa-49', 'v-h5-jin-ke-neng'),
  ('lesson-h5-aa-49', 'v-h5-jin-jin'),
  ('lesson-h5-aa-49', 'v-h5-jin-lai'),
  ('lesson-h5-aa-49', 'v-h5-jin-hua'),
  ('lesson-h5-aa-49', 'v-h5-jing-fei'),
  ('lesson-h5-aa-49', 'v-h5-jing-xiang'),
  ('lesson-h5-aa-49', 'v-h5-jing-sai'),
  ('lesson-h5-aa-50', 'v-h5-jing-zheng'),
  ('lesson-h5-aa-50', 'v-h5-jiu-gui'),
  ('lesson-h5-aa-50', 'v-h5-ju-ran'),
  ('lesson-h5-aa-50', 'v-h5-ju-mian'),
  ('lesson-h5-aa-50', 'v-h5-ju-zhang'),
  ('lesson-h5-aa-50', 'v-h5-ju-dong'),
  ('lesson-h5-aa-50', 'v-h5-ju-jue'),
  ('lesson-h5-aa-50', 'v-h5-ju-le-bu'),
  ('lesson-h5-aa-51', 'v-h5-ju-ben'),
  ('lesson-h5-aa-51', 'v-h5-jue-bu'),
  ('lesson-h5-aa-51', 'v-h5-jue-wang'),
  ('lesson-h5-aa-51', 'v-h5-jun-ren'),
  ('lesson-h5-aa-51', 'v-h5-kai-mu'),
  ('lesson-h5-aa-51', 'v-h5-kai-mu-shi'),
  ('lesson-h5-aa-51', 'v-h5-kan-cheng'),
  ('lesson-h5-aa-51', 'v-h5-kan-chu'),
  ('lesson-h5-aa-52', 'v-h5-kan-dai'),
  ('lesson-h5-aa-52', 'v-h5-kao-he'),
  ('lesson-h5-aa-52', 'v-h5-kao-rou'),
  ('lesson-h5-aa-52', 'v-h5-kao-ya'),
  ('lesson-h5-aa-52', 'v-h5-kao-jin'),
  ('lesson-h5-aa-52', 'v-h5-ke'),
  ('lesson-h5-aa-52', 'v-h5-ke-lian'),
  ('lesson-h5-aa-52', 'v-h5-ke-xi'),
  ('lesson-h5-aa-53', 'v-h5-ke-wang'),
  ('lesson-h5-aa-53', 'v-h5-ke-hu'),
  ('lesson-h5-aa-53', 'v-h5-ke-qi'),
  ('lesson-h5-aa-53', 'v-h5-ke-ting'),
  ('lesson-h5-aa-53', 'v-h5-ke-ti'),
  ('lesson-h5-aa-53', 'v-h5-ken-ding'),
  ('lesson-h5-aa-53', 'v-h5-kong-zhong'),
  ('lesson-h5-aa-53', 'v-h5-kong-zhi'),
  ('lesson-h5-aa-54', 'v-h5-kou-hao'),
  ('lesson-h5-aa-54', 'v-h5-kuai-huo'),
  ('lesson-h5-aa-54', 'v-h5-kuan-du'),
  ('lesson-h5-aa-54', 'v-h5-kuang'),
  ('lesson-h5-aa-54', 'v-h5-kui'),
  ('lesson-h5-aa-54', 'v-h5-kun-rao'),
  ('lesson-h5-aa-54', 'v-h5-lai-xin'),
  ('lesson-h5-aa-54', 'v-h5-lan'),
  ('lesson-h5-aa-55', 'v-h5-lang-du'),
  ('lesson-h5-aa-55', 'v-h5-lang-man'),
  ('lesson-h5-aa-55', 'v-h5-lao-dong'),
  ('lesson-h5-aa-55', 'v-h5-li'),
  ('lesson-h5-aa-55', 'v-h5-li-2'),
  ('lesson-h5-aa-55', 'v-h5-li-bai'),
  ('lesson-h5-aa-55', 'v-h5-li-mao'),
  ('lesson-h5-aa-55', 'v-h5-li-hai'),
  ('lesson-h5-aa-56', 'v-h5-li-3'),
  ('lesson-h5-aa-56', 'v-h5-li-chang'),
  ('lesson-h5-aa-56', 'v-h5-li-run'),
  ('lesson-h5-aa-56', 'v-h5-li-wai'),
  ('lesson-h5-aa-56', 'v-h5-lian-jie'),
  ('lesson-h5-aa-56', 'v-h5-lian-luo'),
  ('lesson-h5-aa-56', 'v-h5-lian-xiang'),
  ('lesson-h5-aa-56', 'v-h5-lian-pen'),
  ('lesson-h5-aa-57', 'v-h5-lian-se'),
  ('lesson-h5-aa-57', 'v-h5-lian-ai'),
  ('lesson-h5-aa-57', 'v-h5-liang-an'),
  ('lesson-h5-aa-57', 'v-h5-lin-ju'),
  ('lesson-h5-aa-57', 'v-h5-ling'),
  ('lesson-h5-aa-57', 'v-h5-ling-sheng'),
  ('lesson-h5-aa-57', 'v-h5-ling-dai'),
  ('lesson-h5-aa-57', 'v-h5-ling-2'),
  ('lesson-h5-aa-58', 'v-h5-liu-dong'),
  ('lesson-h5-aa-58', 'v-h5-liu-tong'),
  ('lesson-h5-aa-58', 'v-h5-lou'),
  ('lesson-h5-aa-58', 'v-h5-lou-dong'),
  ('lesson-h5-aa-58', 'v-h5-shuai-ling'),
  ('lesson-h5-aa-58', 'v-h5-luo-shi'),
  ('lesson-h5-aa-58', 'v-h5-ma-tou'),
  ('lesson-h5-aa-58', 'v-ma-scold'),
  ('lesson-h5-aa-59', 'v-h5-mai-mai'),
  ('lesson-h5-aa-59', 'v-h5-man-hua'),
  ('lesson-h5-aa-59', 'v-h5-man-chang'),
  ('lesson-h5-aa-59', 'v-h5-mao-bi'),
  ('lesson-h5-aa-59', 'v-h5-mao-dun'),
  ('lesson-h5-aa-59', 'v-h5-mao'),
  ('lesson-h5-aa-59', 'v-h5-mao-yi'),
  ('lesson-h5-aa-59', 'v-h5-mei'),
  ('lesson-h5-aa-60', 'v-h5-mei-qi'),
  ('lesson-h5-aa-60', 'v-h5-men-zhen'),
  ('lesson-h5-aa-60', 'v-h5-mi-ren'),
  ('lesson-h5-aa-60', 'v-h5-mi-xin'),
  ('lesson-h5-aa-60', 'v-h5-mian-mao'),
  ('lesson-h5-aa-60', 'v-h5-mian-zi'),
  ('lesson-h5-aa-60', 'v-h5-miao'),
  ('lesson-h5-aa-60', 'v-h5-min-gan'),
  ('lesson-h5-aa-61', 'v-h5-ming-ming'),
  ('lesson-h5-aa-61', 'v-h5-ming-ling'),
  ('lesson-h5-aa-61', 'v-h5-mo-fan'),
  ('lesson-h5-aa-61', 'v-h5-mo-fang'),
  ('lesson-h5-aa-61', 'v-h5-mo-hu'),
  ('lesson-h5-aa-61', 'v-h5-mo-shi'),
  ('lesson-h5-aa-61', 'v-h5-mu-yang'),
  ('lesson-h5-aa-61', 'v-h5-mo-ca'),
  ('lesson-h5-aa-62', 'v-h5-mo-tuo'),
  ('lesson-h5-aa-62', 'v-h5-mu-guang'),
  ('lesson-h5-aa-62', 'v-h5-nai-xin'),
  ('lesson-h5-aa-62', 'v-h5-nan-xing'),
  ('lesson-h5-aa-62', 'v-h5-nan-bei'),
  ('lesson-h5-aa-62', 'v-h5-nan-ji'),
  ('lesson-h5-aa-62', 'v-h5-nan-de'),
  ('lesson-h5-aa-62', 'v-h5-nan-yi'),
  ('lesson-h5-aa-63', 'v-h5-nao-zi'),
  ('lesson-h5-aa-63', 'v-h5-nei-zai'),
  ('lesson-h5-aa-63', 'v-h5-nian-du'),
  ('lesson-h5-aa-63', 'v-h5-nian-ling'),
  ('lesson-h5-aa-63', 'v-h5-nian-qian'),
  ('lesson-h5-aa-63', 'v-h5-niu-zai-ku'),
  ('lesson-h5-aa-63', 'v-h5-nong-chan-pin'),
  ('lesson-h5-aa-63', 'v-h5-nu-xing'),
  ('lesson-h5-aa-64', 'v-h5-nuan'),
  ('lesson-h5-aa-64', 'v-h5-ou-er'),
  ('lesson-h5-aa-64', 'v-h5-ou-ran'),
  ('lesson-h5-aa-64', 'v-h5-ou-xiang'),
  ('lesson-h5-aa-64', 'v-h5-pai-chu'),
  ('lesson-h5-aa-64', 'v-h5-pang'),
  ('lesson-h5-aa-64', 'v-h5-pei'),
  ('lesson-h5-aa-64', 'v-h5-pei-2'),
  ('lesson-h5-aa-65', 'v-h5-pei-chang'),
  ('lesson-h5-aa-65', 'v-h5-pei-bei'),
  ('lesson-h5-aa-65', 'v-h5-pei-tao'),
  ('lesson-h5-aa-65', 'v-h5-pen'),
  ('lesson-h5-aa-65', 'v-h5-pen-2'),
  ('lesson-h5-aa-65', 'v-h5-pi'),
  ('lesson-h5-aa-65', 'v-h5-pi-fu'),
  ('lesson-h5-aa-65', 'v-h5-pi-xie'),
  ('lesson-h5-aa-66', 'v-h5-pi-2'),
  ('lesson-h5-aa-66', 'v-h5-pian'),
  ('lesson-h5-aa-66', 'v-h5-pian-zi'),
  ('lesson-h5-aa-66', 'v-h5-pin'),
  ('lesson-h5-aa-66', 'v-h5-pin-dao'),
  ('lesson-h5-aa-66', 'v-h5-pin-fan'),
  ('lesson-h5-aa-66', 'v-h5-pin-zhong'),
  ('lesson-h5-aa-66', 'v-h5-ping-tan'),
  ('lesson-h5-aa-67', 'v-h5-ping-yuan'),
  ('lesson-h5-aa-67', 'v-h5-ping-gu'),
  ('lesson-h5-aa-67', 'v-h5-ping-lun'),
  ('lesson-h5-aa-67', 'v-h5-ping'),
  ('lesson-h5-aa-67', 'v-h5-po'),
  ('lesson-h5-aa-67', 'v-h5-pu-tao'),
  ('lesson-h5-aa-67', 'v-h5-pu-tao-jiu'),
  ('lesson-h5-aa-67', 'v-h5-qi-wang'),
  ('lesson-h5-aa-68', 'v-h5-qi-quan'),
  ('lesson-h5-aa-68', 'v-h5-qi'),
  ('lesson-h5-aa-68', 'v-h5-qi-fa'),
  ('lesson-h5-aa-68', 'v-h5-qi-shi'),
  ('lesson-h5-aa-68', 'v-h5-qi-ma'),
  ('lesson-h5-aa-68', 'v-h5-qi-ti'),
  ('lesson-h5-aa-68', 'v-h5-qian'),
  ('lesson-h5-aa-68', 'v-h5-qian-ding'),
  ('lesson-h5-aa-69', 'v-h5-qian-ming'),
  ('lesson-h5-aa-69', 'v-h5-qian-yue'),
  ('lesson-h5-aa-69', 'v-h5-qian-zheng'),
  ('lesson-h5-aa-69', 'v-h5-qian-zi'),
  ('lesson-h5-aa-69', 'v-h5-qian-jing'),
  ('lesson-h5-aa-69', 'v-h5-qian-ti'),
  ('lesson-h5-aa-69', 'v-h5-qian-2'),
  ('lesson-h5-aa-69', 'v-h5-qiang'),
  ('lesson-h5-aa-70', 'v-h5-qiang-du'),
  ('lesson-h5-aa-70', 'v-h5-qiang-po'),
  ('lesson-h5-aa-70', 'v-h5-qiang-bi'),
  ('lesson-h5-aa-70', 'v-h5-qiang-2'),
  ('lesson-h5-aa-70', 'v-h5-qiang-jiu'),
  ('lesson-h5-aa-70', 'v-h5-qiao-qiao'),
  ('lesson-h5-aa-70', 'v-h5-qiao'),
  ('lesson-h5-aa-70', 'v-h5-qiao-men'),
  ('lesson-h5-aa-71', 'v-h5-qiao-2'),
  ('lesson-h5-aa-71', 'v-h5-qin'),
  ('lesson-h5-aa-71', 'v-h5-qin-fen'),
  ('lesson-h5-aa-71', 'v-h5-qing'),
  ('lesson-h5-aa-71', 'v-h5-qing-chen'),
  ('lesson-h5-aa-71', 'v-h5-qing-li'),
  ('lesson-h5-aa-71', 'v-h5-qing-jie'),
  ('lesson-h5-aa-71', 'v-h5-qing-xing'),
  ('lesson-h5-aa-72', 'v-h5-qing-lang'),
  ('lesson-h5-aa-72', 'v-h5-qu-yu'),
  ('lesson-h5-aa-72', 'v-h5-quan-dou'),
  ('lesson-h5-aa-72', 'v-h5-quan-shi-jie'),
  ('lesson-h5-aa-72', 'v-h5-quan'),
  ('lesson-h5-aa-72', 'v-h5-quan-2'),
  ('lesson-h5-aa-72', 'v-h5-que-fa'),
  ('lesson-h5-aa-72', 'v-h5-que-li'),
  ('lesson-h5-aa-73', 'v-h5-qun-ti'),
  ('lesson-h5-aa-73', 'v-h5-qun-zhong'),
  ('lesson-h5-aa-73', 'v-h5-ran'),
  ('lesson-h5-aa-73', 'v-h5-rao'),
  ('lesson-h5-aa-73', 'v-h5-re-liang'),
  ('lesson-h5-aa-73', 'v-h5-re-men'),
  ('lesson-h5-aa-73', 'v-h5-ren-jian'),
  ('lesson-h5-aa-73', 'v-h5-ren-li'),
  ('lesson-h5-aa-74', 'v-h5-ren-shi'),
  ('lesson-h5-aa-74', 'v-h5-ren-wu'),
  ('lesson-h5-aa-74', 'v-h5-ren'),
  ('lesson-h5-aa-74', 'v-h5-ren-bu-zhu'),
  ('lesson-h5-aa-74', 'v-h5-ren-shou'),
  ('lesson-h5-aa-74', 'v-h5-ren-2'),
  ('lesson-h5-aa-74', 'v-h5-ren-ding'),
  ('lesson-h5-aa-74', 'v-h5-reng'),
  ('lesson-h5-aa-75', 'v-h5-reng-jiu'),
  ('lesson-h5-aa-75', 'v-h5-ru-ci'),
  ('lesson-h5-aa-75', 'v-h5-ru-tong'),
  ('lesson-h5-aa-75', 'v-h5-ru-xia'),
  ('lesson-h5-aa-75', 'v-h5-ru-men'),
  ('lesson-h5-aa-75', 'v-h5-ruan'),
  ('lesson-h5-aa-75', 'v-h5-sa'),
  ('lesson-h5-aa-75', 'v-h5-san-wen'),
  ('lesson-h5-aa-76', 'v-h5-sha'),
  ('lesson-h5-aa-76', 'v-h5-sha-du'),
  ('lesson-h5-aa-76', 'v-h5-sha-mo'),
  ('lesson-h5-aa-76', 'v-h5-sha-2'),
  ('lesson-h5-aa-76', 'v-h5-shan-qu'),
  ('lesson-h5-aa-76', 'v-h5-shan'),
  ('lesson-h5-aa-76', 'v-h5-shan-zi'),
  ('lesson-h5-aa-76', 'v-h5-shang-biao'),
  ('lesson-h5-aa-77', 'v-h5-shang-xia'),
  ('lesson-h5-aa-77', 'v-h5-shang-zhang'),
  ('lesson-h5-aa-77', 'v-h5-shao'),
  ('lesson-h5-aa-77', 'v-h5-shao-wei'),
  ('lesson-h5-aa-77', 'v-h5-she'),
  ('lesson-h5-aa-77', 'v-h5-she-bu-de'),
  ('lesson-h5-aa-77', 'v-h5-she-xiang'),
  ('lesson-h5-aa-77', 'v-h5-she-qu'),
  ('lesson-h5-aa-78', 'v-h5-she-2'),
  ('lesson-h5-aa-78', 'v-h5-she-ji'),
  ('lesson-h5-aa-78', 'v-h5-she-xiang-2'),
  ('lesson-h5-aa-78', 'v-h5-she-xiang-ji'),
  ('lesson-h5-aa-78', 'v-h5-she-ying'),
  ('lesson-h5-aa-78', 'v-h5-she-ying-shi'),
  ('lesson-h5-aa-78', 'v-h5-shen'),
  ('lesson-h5-aa-78', 'v-h5-shen-chu'),
  ('lesson-h5-aa-79', 'v-h5-shen-du'),
  ('lesson-h5-aa-79', 'v-h5-shen-2'),
  ('lesson-h5-aa-79', 'v-h5-shen-jing'),
  ('lesson-h5-aa-79', 'v-h5-shen-qi'),
  ('lesson-h5-aa-79', 'v-h5-sheng-gao'),
  ('lesson-h5-aa-79', 'v-h5-sheng-cheng'),
  ('lesson-h5-aa-79', 'v-h5-sheng'),
  ('lesson-h5-aa-79', 'v-h5-sheng-fu'),
  ('lesson-h5-aa-80', 'v-h5-sheng-2'),
  ('lesson-h5-aa-80', 'v-h5-sheng-xia'),
  ('lesson-h5-aa-80', 'v-h5-shi-wu'),
  ('lesson-h5-aa-80', 'v-h5-shi-fu'),
  ('lesson-h5-aa-80', 'v-h5-shi-ge'),
  ('lesson-h5-aa-80', 'v-h5-shi-zu'),
  ('lesson-h5-aa-80', 'v-h5-shi-chang'),
  ('lesson-h5-aa-80', 'v-h5-shi-guang'),
  ('lesson-h5-aa-81', 'v-h5-shi-ji'),
  ('lesson-h5-aa-81', 'v-h5-shi-shi'),
  ('lesson-h5-aa-81', 'v-h5-shi-hui'),
  ('lesson-h5-aa-81', 'v-h5-she-3'),
  ('lesson-h5-aa-81', 'v-h5-shi-de'),
  ('lesson-h5-aa-81', 'v-h5-shi-fan'),
  ('lesson-h5-aa-81', 'v-h5-shi'),
  ('lesson-h5-aa-81', 'v-h5-shi-li'),
  ('lesson-h5-aa-82', 'v-h5-shi-pin'),
  ('lesson-h5-aa-82', 'v-h5-shi-wei'),
  ('lesson-h5-aa-82', 'v-h5-shi-tu'),
  ('lesson-h5-aa-82', 'v-h5-shou-gou'),
  ('lesson-h5-aa-82', 'v-h5-shou-ji'),
  ('lesson-h5-aa-82', 'v-h5-shou-shi'),
  ('lesson-h5-aa-82', 'v-h5-shou-duan'),
  ('lesson-h5-aa-82', 'v-h5-shou-fa'),
  ('lesson-h5-aa-83', 'v-h5-shou-si'),
  ('lesson-h5-aa-83', 'v-h5-shou'),
  ('lesson-h5-aa-83', 'v-h5-shu-fa'),
  ('lesson-h5-aa-83', 'v-h5-shu-gui'),
  ('lesson-h5-aa-83', 'v-h5-shu-zhuo'),
  ('lesson-h5-aa-83', 'v-h5-shu-chu'),
  ('lesson-h5-aa-83', 'v-h5-shu-cai'),
  ('lesson-h5-aa-83', 'v-h5-shu-xi'),
  ('lesson-h5-aa-84', 'v-h5-shu'),
  ('lesson-h5-aa-84', 'v-h5-shu-biao'),
  ('lesson-h5-aa-84', 'v-h5-shu-mu'),
  ('lesson-h5-aa-84', 'v-h5-shuai'),
  ('lesson-h5-aa-84', 'v-h5-shuai-dao'),
  ('lesson-h5-aa-84', 'v-h5-shuang-shou'),
  ('lesson-h5-aa-84', 'v-h5-shui-chan-pin'),
  ('lesson-h5-aa-84', 'v-h5-shui-fen'),
  ('lesson-h5-aa-85', 'v-h5-shui-ku'),
  ('lesson-h5-aa-85', 'v-h5-shui-zai'),
  ('lesson-h5-aa-85', 'v-h5-shui-mian'),
  ('lesson-h5-aa-85', 'v-h5-shuo-fa'),
  ('lesson-h5-aa-85', 'v-h5-shuo-shi'),
  ('lesson-h5-aa-85', 'v-h5-si-ren'),
  ('lesson-h5-aa-85', 'v-h5-si-wei'),
  ('lesson-h5-aa-85', 'v-h5-si-zhou'),
  ('lesson-h5-aa-86', 'v-h5-sou'),
  ('lesson-h5-aa-86', 'v-h5-sou-suo'),
  ('lesson-h5-aa-86', 'v-h5-su-she'),
  ('lesson-h5-aa-86', 'v-h5-suan-tian-ku-la'),
  ('lesson-h5-aa-86', 'v-h5-sui-hou'),
  ('lesson-h5-aa-86', 'v-h5-sui-yi'),
  ('lesson-h5-aa-86', 'v-h5-sui-zhe'),
  ('lesson-h5-aa-86', 'v-h5-sui-yue'),
  ('lesson-h5-aa-87', 'v-h5-sui'),
  ('lesson-h5-aa-87', 'v-h5-sun-hai'),
  ('lesson-h5-aa-87', 'v-h5-sun-shi'),
  ('lesson-h5-aa-87', 'v-h5-suo-zai'),
  ('lesson-h5-aa-87', 'v-h5-suo'),
  ('lesson-h5-aa-87', 'v-h5-tai-feng'),
  ('lesson-h5-aa-87', 'v-h5-tai'),
  ('lesson-h5-aa-87', 'v-h5-tai-tou'),
  ('lesson-h5-aa-88', 'v-h5-tai-kong'),
  ('lesson-h5-aa-88', 'v-h5-tao'),
  ('lesson-h5-aa-88', 'v-h5-tao-pao'),
  ('lesson-h5-aa-88', 'v-h5-tao-zou'),
  ('lesson-h5-aa-88', 'v-h5-tao-2'),
  ('lesson-h5-aa-88', 'v-h5-tao-hua'),
  ('lesson-h5-aa-88', 'v-h5-tao-shu'),
  ('lesson-h5-aa-88', 'v-h5-tao-yan'),
  ('lesson-h5-aa-89', 'v-h5-te-ding'),
  ('lesson-h5-aa-89', 'v-h5-te-xing'),
  ('lesson-h5-aa-89', 'v-h5-te-you'),
  ('lesson-h5-aa-89', 'v-h5-ti-chang'),
  ('lesson-h5-aa-89', 'v-h5-ti-qi'),
  ('lesson-h5-aa-89', 'v-h5-ti-shi'),
  ('lesson-h5-aa-89', 'v-h5-ti-cai'),
  ('lesson-h5-aa-89', 'v-h5-ti-ji'),
  ('lesson-h5-aa-90', 'v-h5-ti-li'),
  ('lesson-h5-aa-90', 'v-h5-tian-cai'),
  ('lesson-h5-aa-90', 'v-h5-tian-ran-qi'),
  ('lesson-h5-aa-90', 'v-h5-tian-wen'),
  ('lesson-h5-aa-90', 'v-h5-ting'),
  ('lesson-h5-aa-90', 'v-h5-ting-liu'),
  ('lesson-h5-aa-90', 'v-h5-tong-yong'),
  ('lesson-h5-aa-90', 'v-h5-tou'),
  ('lesson-h5-aa-91', 'v-h5-tou-tou'),
  ('lesson-h5-aa-91', 'v-h5-tu-po'),
  ('lesson-h5-aa-91', 'v-h5-tu-dou'),
  ('lesson-h5-aa-91', 'v-h5-tu'),
  ('lesson-h5-aa-91', 'v-h5-tu-2'),
  ('lesson-h5-aa-91', 'v-h5-tuan-zhang'),
  ('lesson-h5-aa-91', 'v-h5-tui-xing'),
  ('lesson-h5-aa-91', 'v-h5-tuo-li'),
  ('lesson-h5-aa-92', 'v-h5-wai-jie'),
  ('lesson-h5-aa-92', 'v-h5-wan-le'),
  ('lesson-h5-aa-92', 'v-h5-wei-bo'),
  ('lesson-h5-aa-92', 'v-h5-wei-rao'),
  ('lesson-h5-aa-92', 'v-h5-wei-fa'),
  ('lesson-h5-aa-92', 'v-h5-wei-gui'),
  ('lesson-h5-aa-92', 'v-h5-wei-yi'),
  ('lesson-h5-aa-92', 'v-h5-wei-tuo'),
  ('lesson-h5-aa-93', 'v-h5-wei-xing'),
  ('lesson-h5-aa-93', 'v-h5-wei-qi'),
  ('lesson-h5-aa-93', 'v-h5-wei-zhi'),
  ('lesson-h5-aa-93', 'v-h5-wei-zhu'),
  ('lesson-h5-aa-93', 'v-h5-wei'),
  ('lesson-h5-aa-93', 'v-h5-wen-he'),
  ('lesson-h5-aa-93', 'v-h5-wo-shi'),
  ('lesson-h5-aa-93', 'v-h5-wo'),
  ('lesson-h5-aa-94', 'v-h5-wu-ran'),
  ('lesson-h5-aa-94', 'v-h5-wu-shui'),
  ('lesson-h5-aa-94', 'v-h5-wu'),
  ('lesson-h5-aa-94', 'v-h5-wu-nai'),
  ('lesson-h5-aa-94', 'v-h5-wu-yi'),
  ('lesson-h5-aa-94', 'v-h5-wu-2'),
  ('lesson-h5-aa-94', 'v-h5-wu-jia'),
  ('lesson-h5-aa-94', 'v-h5-wu-ye'),
  ('lesson-h5-aa-95', 'v-h5-wu-zhi'),
  ('lesson-h5-aa-95', 'v-h5-wu-jie'),
  ('lesson-h5-aa-95', 'v-h5-xi-hong-shi'),
  ('lesson-h5-aa-95', 'v-h5-xi-zhuang'),
  ('lesson-h5-aa-95', 'v-h5-xi-ju'),
  ('lesson-h5-aa-95', 'v-h5-xi'),
  ('lesson-h5-aa-95', 'v-h5-he-2'),
  ('lesson-h5-aa-95', 'v-h5-xian-hou'),
  ('lesson-h5-aa-96', 'v-h5-xian-qian'),
  ('lesson-h5-aa-96', 'v-h5-xian'),
  ('lesson-h5-aa-96', 'v-h5-xian-2'),
  ('lesson-h5-aa-96', 'v-h5-xian-you'),
  ('lesson-h5-aa-96', 'v-h5-xian-zhuang'),
  ('lesson-h5-aa-96', 'v-h5-xian-suo'),
  ('lesson-h5-aa-96', 'v-h5-xian-3'),
  ('lesson-h5-aa-96', 'v-h5-xiang'),
  ('lesson-h5-aa-97', 'v-h5-xiang-cun'),
  ('lesson-h5-aa-97', 'v-h5-xiang-deng'),
  ('lesson-h5-aa-97', 'v-h5-xiang-sheng'),
  ('lesson-h5-aa-97', 'v-h5-xiang-ying'),
  ('lesson-h5-aa-97', 'v-h5-xiang-chang'),
  ('lesson-h5-aa-97', 'v-h5-xiang-xi'),
  ('lesson-h5-aa-97', 'v-h5-xiang-shou'),
  ('lesson-h5-aa-97', 'v-h5-xiang-dao'),
  ('lesson-h5-aa-98', 'v-h5-xiang-zheng'),
  ('lesson-h5-aa-98', 'v-h5-xiao-chu'),
  ('lesson-h5-aa-98', 'v-h5-xiao-du'),
  ('lesson-h5-aa-98', 'v-h5-xiao-fang'),
  ('lesson-h5-aa-98', 'v-h5-xiao-fei-zhe'),
  ('lesson-h5-aa-98', 'v-h5-xiao-ji'),
  ('lesson-h5-aa-98', 'v-h5-xiaotour5'),
  ('lesson-h5-aa-98', 'v-h5-xie'),
  ('lesson-h5-aa-99', 'v-h5-xie-yi'),
  ('lesson-h5-aa-99', 'v-h5-xie-yi-shu'),
  ('lesson-h5-aa-99', 'v-h5-xie-2'),
  ('lesson-h5-aa-99', 'v-h5-xin-teng'),
  ('lesson-h5-aa-99', 'v-h5-xin-ku'),
  ('lesson-h5-aa-99', 'v-h5-xin-shang'),
  ('lesson-h5-aa-99', 'v-h5-xin-nian'),
  ('lesson-h5-aa-99', 'v-h5-xin-xiang'),
  ('lesson-h5-aa-100', 'v-h5-xing-shi'),
  ('lesson-h5-aa-100', 'v-h5-xing-tai'),
  ('lesson-h5-aa-100', 'v-h5-xiong-wei'),
  ('lesson-h5-aa-100', 'v-h5-xiong'),
  ('lesson-h5-aa-100', 'v-h5-xiu-xian'),
  ('lesson-h5-aa-100', 'v-h5-xiu-fu'),
  ('lesson-h5-aa-100', 'v-h5-xiu-jian'),
  ('lesson-h5-aa-100', 'v-h5-xiu-yang'),
  ('lesson-h5-aa-101', 'v-h5-xu-xin'),
  ('lesson-h5-aa-101', 'v-h5-xu-ke'),
  ('lesson-h5-aa-101', 'v-h5-xuan-xiu'),
  ('lesson-h5-aa-101', 'v-h5-xue-ke'),
  ('lesson-h5-aa-101', 'v-h5-xue-wei'),
  ('lesson-h5-aa-101', 'v-h5-xue-zhe'),
  ('lesson-h5-aa-101', 'v-h5-xun-qiu'),
  ('lesson-h5-aa-101', 'v-h5-xun-wen'),
  ('lesson-h5-aa-102', 'v-h5-ya-jin'),
  ('lesson-h5-aa-102', 'v-h5-ya-zi'),
  ('lesson-h5-aa-102', 'v-h5-ya-jun'),
  ('lesson-h5-aa-102', 'v-h5-yan-shen'),
  ('lesson-h5-aa-102', 'v-h5-yan-li'),
  ('lesson-h5-aa-102', 'v-h5-yan-su'),
  ('lesson-h5-aa-102', 'v-h5-yan-yu'),
  ('lesson-h5-aa-102', 'v-h5-yan-guang'),
  ('lesson-h5-aa-103', 'v-h5-yao-qing'),
  ('lesson-h5-aa-103', 'v-h5-yao-tou'),
  ('lesson-h5-aa-103', 'v-h5-yao'),
  ('lesson-h5-aa-103', 'v-h5-ye-hao'),
  ('lesson-h5-aa-103', 'v-h5-ye-wu'),
  ('lesson-h5-aa-103', 'v-h5-ye-jian'),
  ('lesson-h5-aa-103', 'v-h5-yi-bei-zi'),
  ('lesson-h5-aa-103', 'v-h5-yi-dai'),
  ('lesson-h5-aa-104', 'v-h5-yi-dan'),
  ('lesson-h5-aa-104', 'v-h5-yi-ju-hua'),
  ('lesson-h5-aa-104', 'v-h5-yi-kou-qi'),
  ('lesson-h5-aa-104', 'v-h5-yi-liu'),
  ('lesson-h5-aa-104', 'v-h5-yi-lu'),
  ('lesson-h5-aa-104', 'v-h5-yi-shen'),
  ('lesson-h5-aa-104', 'v-h5-yi-xia-zi'),
  ('lesson-h5-aa-104', 'v-h5-yi-xiang'),
  ('lesson-h5-aa-105', 'v-h5-yi-fa'),
  ('lesson-h5-aa-105', 'v-h5-yi-jiu'),
  ('lesson-h5-aa-105', 'v-h5-yi-ju'),
  ('lesson-h5-aa-105', 'v-h5-yi-zhao'),
  ('lesson-h5-aa-105', 'v-h5-yi'),
  ('lesson-h5-aa-105', 'v-h5-yi-bian'),
  ('lesson-h5-aa-105', 'v-h5-yi-wang'),
  ('lesson-h5-aa-105', 'v-h5-yi-shi'),
  ('lesson-h5-aa-106', 'v-h5-yi-wei-zhe'),
  ('lesson-h5-aa-106', 'v-h5-yi-zhi'),
  ('lesson-h5-aa-106', 'v-h5-yin-er'),
  ('lesson-h5-aa-106', 'v-h5-yin-liao'),
  ('lesson-h5-aa-106', 'v-h5-yin-shi'),
  ('lesson-h5-aa-106', 'v-h5-yin-shua'),
  ('lesson-h5-aa-106', 'v-h5-ying'),
  ('lesson-h5-aa-106', 'v-h5-yong-bao'),
  ('lesson-h5-aa-107', 'v-h5-yong-you'),
  ('lesson-h5-aa-107', 'v-h5-yong-bu-zhao'),
  ('lesson-h5-aa-107', 'v-h5-yong-hu'),
  ('lesson-h5-aa-107', 'v-h5-yong-lai'),
  ('lesson-h5-aa-107', 'v-h5-yong-yu'),
  ('lesson-h5-aa-107', 'v-h5-you-hui'),
  ('lesson-h5-aa-107', 'v-h5-you-xian'),
  ('lesson-h5-aa-107', 'v-h5-you-mo'),
  ('lesson-h5-aa-108', 'v-h5-you-ci'),
  ('lesson-h5-aa-108', 'v-h5-you-yu'),
  ('lesson-h5-aa-108', 'v-h5-you-yong-chi'),
  ('lesson-h5-aa-108', 'v-h5-you-yi'),
  ('lesson-h5-aa-108', 'v-h5-you-du'),
  ('lesson-h5-aa-108', 'v-h5-you-hai'),
  ('lesson-h5-aa-108', 'v-h5-you-li'),
  ('lesson-h5-aa-108', 'v-h5-you-li-yu'),
  ('lesson-h5-aa-109', 'v-h5-you-zhe'),
  ('lesson-h5-aa-109', 'v-h5-yu-mao-qiu'),
  ('lesson-h5-aa-109', 'v-h5-yu-rong-fu'),
  ('lesson-h5-aa-109', 'v-h5-yu-shui'),
  ('lesson-h5-aa-109', 'v-h5-yu-bei'),
  ('lesson-h5-aa-109', 'v-h5-yu-qi'),
  ('lesson-h5-aa-109', 'v-h5-yuan-dan'),
  ('lesson-h5-aa-109', 'v-h5-yuan-lin'),
  ('lesson-h5-aa-110', 'v-h5-yuan-shi'),
  ('lesson-h5-aa-110', 'v-h5-yuan-xian'),
  ('lesson-h5-aa-110', 'v-h5-yuan-you'),
  ('lesson-h5-aa-110', 'v-h5-yuan-chu'),
  ('lesson-h5-aa-110', 'v-h5-yuan'),
  ('lesson-h5-aa-110', 'v-h5-yuan-2'),
  ('lesson-h5-aa-110', 'v-h5-yue-shu'),
  ('lesson-h5-aa-110', 'v-h5-yue-bing'),
  ('lesson-h5-aa-111', 'v-h5-yue-qiu'),
  ('lesson-h5-aa-111', 'v-h5-yue-lan-shi'),
  ('lesson-h5-aa-111', 'v-h5-yun'),
  ('lesson-h5-aa-111', 'v-h5-yun-xing'),
  ('lesson-h5-aa-111', 'v-h5-zai-hai'),
  ('lesson-h5-aa-111', 'v-h5-zai-ci'),
  ('lesson-h5-aa-111', 'v-h5-zai-ye'),
  ('lesson-h5-aa-111', 'v-h5-zai-chang'),
  ('lesson-h5-aa-112', 'v-h5-zai-nei'),
  ('lesson-h5-aa-112', 'v-h5-zan-shi'),
  ('lesson-h5-aa-112', 'v-h5-zan-ting'),
  ('lesson-h5-aa-112', 'v-h5-zao'),
  ('lesson-h5-aa-112', 'v-h5-zao-gao'),
  ('lesson-h5-aa-112', 'v-h5-zao-qi'),
  ('lesson-h5-aa-112', 'v-h5-zeng'),
  ('lesson-h5-aa-112', 'v-h5-zeng-chan'),
  ('lesson-h5-aa-113', 'v-h5-zeng-da'),
  ('lesson-h5-aa-113', 'v-h5-zeng-duo'),
  ('lesson-h5-aa-113', 'v-h5-zeng-qiang'),
  ('lesson-h5-aa-113', 'v-h5-zeng-2'),
  ('lesson-h5-aa-113', 'v-h5-zeng-song'),
  ('lesson-h5-aa-113', 'v-h5-zhai'),
  ('lesson-h5-aa-113', 'v-h5-zhan-lan'),
  ('lesson-h5-aa-113', 'v-h5-zhan-shi'),
  ('lesson-h5-aa-114', 'v-h5-zhan-xian'),
  ('lesson-h5-aa-114', 'v-h5-zhan-ling'),
  ('lesson-h5-aa-114', 'v-h5-zhan-you'),
  ('lesson-h5-aa-114', 'v-h5-chang-du'),
  ('lesson-h5-aa-114', 'v-h5-chang-shou'),
  ('lesson-h5-aa-114', 'v-h5-zhang'),
  ('lesson-h5-aa-114', 'v-h5-zhang-jia'),
  ('lesson-h5-aa-114', 'v-h5-zhang-wo'),
  ('lesson-h5-aa-115', 'v-h5-zhao-sheng'),
  ('lesson-h5-aa-115', 'v-h5-zhao-shou'),
  ('lesson-h5-aa-115', 'v-h5-zhen-gui'),
  ('lesson-h5-aa-115', 'v-h5-zhen-xi'),
  ('lesson-h5-aa-115', 'v-h5-zhen-zhu'),
  ('lesson-h5-aa-115', 'v-h5-zhen-cheng'),
  ('lesson-h5-aa-115', 'v-h5-zhen-li'),
  ('lesson-h5-aa-115', 'v-h5-zhen-xiang'),
  ('lesson-h5-aa-116', 'v-h5-zhen-duan'),
  ('lesson-h5-aa-116', 'v-h5-zhen-dong'),
  ('lesson-h5-aa-116', 'v-h5-zhen-jing'),
  ('lesson-h5-aa-116', 'v-h5-zheng-yi'),
  ('lesson-h5-aa-116', 'v-h5-zheng'),
  ('lesson-h5-aa-116', 'v-h5-zheng-qian'),
  ('lesson-h5-aa-116', 'v-h5-zheng-ban'),
  ('lesson-h5-aa-116', 'v-h5-zheng-gui'),
  ('lesson-h5-aa-117', 'v-h5-zheng-ru'),
  ('lesson-h5-aa-117', 'v-h5-zheng-shi'),
  ('lesson-h5-aa-117', 'v-h5-zheng-shu'),
  ('lesson-h5-aa-117', 'v-h5-zhi-nei'),
  ('lesson-h5-aa-117', 'v-h5-zhi-wai'),
  ('lesson-h5-aa-117', 'v-h5-zhi-xia'),
  ('lesson-h5-aa-117', 'v-h5-zhi-zhong'),
  ('lesson-h5-aa-117', 'v-h5-zhi-chu'),
  ('lesson-h5-aa-118', 'v-h5-zhi-pei'),
  ('lesson-h5-aa-118', 'v-h5-zhi-xing'),
  ('lesson-h5-aa-118', 'v-h5-zhi-xian'),
  ('lesson-h5-aa-118', 'v-h5-zhi-ban'),
  ('lesson-h5-aa-118', 'v-h5-zhi-neng'),
  ('lesson-h5-aa-118', 'v-h5-zhi-wei'),
  ('lesson-h5-aa-118', 'v-h5-zhi-wu'),
  ('lesson-h5-aa-118', 'v-h5-zhi-bu-guo'),
  ('lesson-h5-aa-119', 'v-h5-zhi-jian'),
  ('lesson-h5-aa-119', 'v-h5-zhi-biao'),
  ('lesson-h5-aa-119', 'v-h5-zhi-jia'),
  ('lesson-h5-aa-119', 'v-h5-zhi-shi'),
  ('lesson-h5-aa-119', 'v-h5-zhi-ze'),
  ('lesson-h5-aa-119', 'v-h5-zhi'),
  ('lesson-h5-aa-119', 'v-h5-zhi-cheng'),
  ('lesson-h5-aa-119', 'v-h5-zhi-yue'),
  ('lesson-h5-aa-120', 'v-h5-zhi-li'),
  ('lesson-h5-aa-120', 'v-h5-zhong-du'),
  ('lesson-h5-aa-120', 'v-h5-zhong-duan'),
  ('lesson-h5-aa-120', 'v-h5-zhong-qiu-jie'),
  ('lesson-h5-aa-120', 'v-h5-zhong-yang'),
  ('lesson-h5-aa-120', 'v-h5-zhong-yao'),
  ('lesson-h5-aa-120', 'v-h5-zhong-dian'),
  ('lesson-h5-aa-120', 'v-h5-zhong-shen'),
  ('lesson-h5-aa-121', 'v-h5-zhong-zhi'),
  ('lesson-h5-aa-121', 'v-h5-zhong-duo'),
  ('lesson-h5-aa-121', 'v-h5-zhou-qi'),
  ('lesson-h5-aa-121', 'v-h5-zhu-zi'),
  ('lesson-h5-aa-121', 'v-h5-zhu-ban'),
  ('lesson-h5-aa-121', 'v-h5-zhu-dao'),
  ('lesson-h5-aa-121', 'v-h5-zhu-guan'),
  ('lesson-h5-aa-121', 'v-h5-zhu-guan-2'),
  ('lesson-h5-aa-122', 'v-h5-zhu-li'),
  ('lesson-h5-aa-122', 'v-h5-zhu-shou'),
  ('lesson-h5-aa-122', 'v-h5-zhu-ce'),
  ('lesson-h5-aa-122', 'v-h5-zhu-she'),
  ('lesson-h5-aa-122', 'v-h5-zhu-shi'),
  ('lesson-h5-aa-122', 'v-h5-zhu-zhong'),
  ('lesson-h5-aa-122', 'v-h5-zhu-he'),
  ('lesson-h5-aa-122', 'v-h5-zhuan-ji'),
  ('lesson-h5-aa-123', 'v-h5-zhuan-li'),
  ('lesson-h5-aa-123', 'v-h5-zhuan-hua'),
  ('lesson-h5-aa-123', 'v-h5-zhuan-huan'),
  ('lesson-h5-aa-123', 'v-h5-zhuan-xiang'),
  ('lesson-h5-aa-123', 'v-h5-zhuang-shi'),
  ('lesson-h5-aa-123', 'v-h5-zhuang'),
  ('lesson-h5-aa-123', 'v-h5-zi-ben'),
  ('lesson-h5-aa-123', 'v-h5-zi-chan'),
  ('lesson-h5-aa-124', 'v-h5-zi-zhu'),
  ('lesson-h5-aa-124', 'v-h5-zi-dan'),
  ('lesson-h5-aa-124', 'v-h5-zi-xi'),
  ('lesson-h5-aa-124', 'v-h5-zi'),
  ('lesson-h5-aa-124', 'v-h5-zi-hao'),
  ('lesson-h5-aa-124', 'v-h5-zi-sha'),
  ('lesson-h5-aa-124', 'v-h5-zi-yuan'),
  ('lesson-h5-aa-124', 'v-h5-zong-cai'),
  ('lesson-h5-aa-125', 'v-h5-zong-shu'),
  ('lesson-h5-aa-125', 'v-h5-zong-suan'),
  ('lesson-h5-aa-125', 'v-h5-zong-ti'),
  ('lesson-h5-aa-125', 'v-h5-zu-ai'),
  ('lesson-h5-aa-125', 'v-h5-zu-zhi'),
  ('lesson-h5-aa-125', 'v-h5-zui'),
  ('lesson-h5-aa-125', 'v-h5-zun-jing'),
  ('lesson-h5-aa-125', 'v-h5-zun-zhong'),
  ('lesson-h5-aa-126', 'v-h5-zun-shou'),
  ('lesson-h5-aa-review', 'v-h5-an-wei'),
  ('lesson-h5-aa-review', 'v-h5-an'),
  ('lesson-h5-aa-review', 'v-h5-an-shang'),
  ('lesson-h5-aa-review', 'v-h5-an-mo'),
  ('lesson-h5-aa-review', 'v-h5-ba'),
  ('lesson-h5-aa-review', 'v-h5-bai-jiu'),
  ('lesson-h5-aa-review', 'v-h5-bai-fang'),
  ('lesson-h5-aa-review', 'v-h5-ban'),
  ('lesson-h5-aa-review', 'v-h5-ban-yan'),
  ('lesson-h5-aa-review', 'v-h5-bang'),
  ('lesson-h5-aa-review', 'v-h5-bao-wei'),
  ('lesson-h5-aa-review', 'v-h5-bao-zhuang'),
  ('lesson-h5-aa-review', 'v-h5-bo-ruo'),
  ('lesson-h5-aa-review', 'v-h5-bao-wei-2'),
  ('lesson-h5-aa-review', 'v-h5-bao-yang'),
  ('lesson-h5-aa-review', 'v-h5-bao-da'),
  ('lesson-h5-ab-1', 'v-h5-chong-tu'),
  ('lesson-h5-ab-1', 'v-h5-dan-xiao'),
  ('lesson-h5-ab-1', 'v-h5-de-le'),
  ('lesson-h5-ab-1', 'v-h5-fa-jue'),
  ('lesson-h5-ab-1', 'v-h5-gai-ge'),
  ('lesson-h5-ab-1', 'v-h5-jiang-li'),
  ('lesson-h5-ab-1', 'v-h5-jing-gao'),
  ('lesson-h5-ab-1', 'v-h5-ku'),
  ('lesson-h5-ab-2', 'v-h5-ming-liang'),
  ('lesson-h5-ab-2', 'v-h5-ruan-jian'),
  ('lesson-h5-ab-2', 'v-h5-she-4'),
  ('lesson-h5-ab-2', 'v-h5-wei-fan'),
  ('lesson-h5-ab-2', 'v-h5-wei-nan'),
  ('lesson-h5-ab-2', 'v-h5-xian-yan'),
  ('lesson-h5-ab-2', 'v-h5-xiang-qian'),
  ('lesson-h5-ab-2', 'v-h5-xiang-shang'),
  ('lesson-h5-ab-3', 'v-h5-ying-jian'),
  ('lesson-h5-ab-3', 'v-h5-zheng-yi-2'),
  ('lesson-h5-ab-3', 'v-h5-zhi-an'),
  ('lesson-h5-ab-3', 'v-h5-zhuan-rang'),
  ('lesson-h5-ab-review', 'v-h5-chong-tu'),
  ('lesson-h5-ab-review', 'v-h5-dan-xiao'),
  ('lesson-h5-ab-review', 'v-h5-de-le'),
  ('lesson-h5-ab-review', 'v-h5-fa-jue'),
  ('lesson-h5-ab-review', 'v-h5-gai-ge'),
  ('lesson-h5-ab-review', 'v-h5-jiang-li'),
  ('lesson-h5-ab-review', 'v-h5-jing-gao'),
  ('lesson-h5-ab-review', 'v-h5-ku'),
  ('lesson-h5-ab-review', 'v-h5-ming-liang'),
  ('lesson-h5-ab-review', 'v-h5-ruan-jian'),
  ('lesson-h5-ab-review', 'v-h5-she-4'),
  ('lesson-h5-ab-review', 'v-h5-wei-fan'),
  ('lesson-h5-ab-review', 'v-h5-wei-nan'),
  ('lesson-h5-ab-review', 'v-h5-xian-yan'),
  ('lesson-h5-ab-review', 'v-h5-xiang-qian'),
  ('lesson-h5-ab-review', 'v-h5-xiang-shang'),
  ('lesson-h5-ac-1', 'v-h5-di-zhen'),
  ('lesson-h5-ac-1', 'v-h5-hui-shou'),
  ('lesson-h5-ac-1', 'v-h5-huo-li'),
  ('lesson-h5-ac-1', 'v-h5-jiu-zai'),
  ('lesson-h5-ac-1', 'v-h5-neng-liang'),
  ('lesson-h5-ac-1', 'v-h5-shou-zai'),
  ('lesson-h5-ac-1', 'v-h5-yan-jiu-suo'),
  ('lesson-h5-ac-1', 'v-h5-zai'),
  ('lesson-h5-ac-2', 'v-h5-zai-nan'),
  ('lesson-h5-ac-2', 'v-h5-zai-qu'),
  ('lesson-h5-ac-review', 'v-h5-di-zhen'),
  ('lesson-h5-ac-review', 'v-h5-hui-shou'),
  ('lesson-h5-ac-review', 'v-h5-huo-li'),
  ('lesson-h5-ac-review', 'v-h5-jiu-zai'),
  ('lesson-h5-ac-review', 'v-h5-neng-liang'),
  ('lesson-h5-ac-review', 'v-h5-shou-zai'),
  ('lesson-h5-ac-review', 'v-h5-yan-jiu-suo'),
  ('lesson-h5-ac-review', 'v-h5-zai'),
  ('lesson-h5-ac-review', 'v-h5-zai-nan'),
  ('lesson-h5-ac-review', 'v-h5-zai-qu'),
  ('lesson-h5-ad-1', 'v-h5-bu-wei'),
  ('lesson-h5-ad-1', 'v-h5-cheng-yu'),
  ('lesson-h5-ad-1', 'v-h5-dai-you'),
  ('lesson-h5-ad-1', 'v-h5-dui-ying'),
  ('lesson-h5-ad-1', 'v-h5-gong-yi'),
  ('lesson-h5-ad-1', 'v-h5-gong-yi-pin'),
  ('lesson-h5-ad-1', 'v-h5-yan'),
  ('lesson-h5-ad-1', 'v-h5-he-fan'),
  ('lesson-h5-ad-2', 'v-h5-ke-2'),
  ('lesson-h5-ad-2', 'v-h5-pai-she'),
  ('lesson-h5-ad-2', 'v-h5-pi-qi'),
  ('lesson-h5-ad-2', 'v-h5-pin-2'),
  ('lesson-h5-ad-2', 'v-h5-qi-dong'),
  ('lesson-h5-ad-2', 'v-h5-qi-dao'),
  ('lesson-h5-ad-2', 'v-h5-shang-ji'),
  ('lesson-h5-ad-2', 'v-h5-she-de'),
  ('lesson-h5-ad-3', 'v-h5-shen-qing'),
  ('lesson-h5-ad-3', 'v-h5-wei-wen'),
  ('lesson-h5-ad-3', 'v-h5-wen-yi'),
  ('lesson-h5-ad-3', 'v-h5-xi-ju-2'),
  ('lesson-h5-ad-3', 'v-h5-xin-tai'),
  ('lesson-h5-ad-3', 'v-h5-xing-neng'),
  ('lesson-h5-ad-3', 'v-h5-you-qi'),
  ('lesson-h5-ad-3', 'v-h5-zhu-ti'),
  ('lesson-h5-ad-review', 'v-h5-bu-wei'),
  ('lesson-h5-ad-review', 'v-h5-cheng-yu'),
  ('lesson-h5-ad-review', 'v-h5-dai-you'),
  ('lesson-h5-ad-review', 'v-h5-dui-ying'),
  ('lesson-h5-ad-review', 'v-h5-gong-yi'),
  ('lesson-h5-ad-review', 'v-h5-gong-yi-pin'),
  ('lesson-h5-ad-review', 'v-h5-yan'),
  ('lesson-h5-ad-review', 'v-h5-he-fan'),
  ('lesson-h5-ad-review', 'v-h5-ke-2'),
  ('lesson-h5-ad-review', 'v-h5-pai-she'),
  ('lesson-h5-ad-review', 'v-h5-pi-qi'),
  ('lesson-h5-ad-review', 'v-h5-pin-2'),
  ('lesson-h5-ad-review', 'v-h5-qi-dong'),
  ('lesson-h5-ad-review', 'v-h5-qi-dao'),
  ('lesson-h5-ad-review', 'v-h5-shang-ji'),
  ('lesson-h5-ad-review', 'v-h5-she-de'),
  ('lesson-h5-ae-1', 'v-h5-bian-tiao'),
  ('lesson-h5-ae-1', 'v-h5-luo-ji'),
  ('lesson-h5-ae-1', 'v-h5-qi-xiang'),
  ('lesson-h5-ae-1', 'v-h5-yuan-li');
insert into sentences (id, course_id, hanzi, pinyin, english, difficulty, grammar_notes) values
  ('s-h5-191', 'course-mandarin-1', '这是安慰。', 'Zhè shì ān wèi.', 'This is to comfort.', 5, null),
  ('s-h5-192', 'course-mandarin-1', '这是岸。', 'Zhè shì àn.', 'This is variant of 岸.', 5, null),
  ('s-h5-193', 'course-mandarin-1', '这是岸上。', 'Zhè shì àn shàng.', 'This is ashore.', 5, null),
  ('s-h5-194', 'course-mandarin-1', '我会按摩。', 'Wǒ huì àn mó.', 'I can massage.', 5, null),
  ('s-h5-195', 'course-mandarin-1', '这是拔。', 'Zhè shì bá.', 'This is to pull up.', 5, null),
  ('s-h5-196', 'course-mandarin-1', '这是白酒。', 'Zhè shì bái jiǔ.', 'This is baijiu, a spirit usually distilled from sorghum.', 5, null),
  ('s-h5-197', 'course-mandarin-1', '这是拜访。', 'Zhè shì bài fǎng.', 'This is to pay a visit; to call on.', 5, null),
  ('s-h5-198', 'course-mandarin-1', '这是版。', 'Zhè shì bǎn.', 'This is a register.', 5, null),
  ('s-h5-199', 'course-mandarin-1', '这是扮演。', 'Zhè shì bàn yǎn.', 'This is to play the role of.', 5, null),
  ('s-h5-200', 'course-mandarin-1', '这是棒。', 'Zhè shì bàng.', 'This is stick.', 5, null),
  ('s-h5-201', 'course-mandarin-1', '这是包围。', 'Zhè shì bāo wéi.', 'This is to surround.', 5, null),
  ('s-h5-202', 'course-mandarin-1', '这是包装。', 'Zhè shì bāo zhuāng.', 'This is to pack.', 5, null),
  ('s-h5-203', 'course-mandarin-1', '这是薄弱。', 'Zhè shì bó ruò.', 'This is weak; frail.', 5, null),
  ('s-h5-204', 'course-mandarin-1', '这是保卫。', 'Zhè shì bǎo wèi.', 'This is to defend.', 5, null),
  ('s-h5-205', 'course-mandarin-1', '这是保养。', 'Zhè shì bǎo yǎng.', 'This is to take good care of (or conserve) one''s health.', 5, null),
  ('s-h5-206', 'course-mandarin-1', '这是报答。', 'Zhè shì bào dá.', 'This is to repay.', 5, null),
  ('s-h5-207', 'course-mandarin-1', '这是报警。', 'Zhè shì bào jǐng.', 'This is to sound an alarm.', 5, null),
  ('s-h5-208', 'course-mandarin-1', '这是抱怨。', 'Zhè shì bào yuàn.', 'This is to complain.', 5, null),
  ('s-h5-209', 'course-mandarin-1', '这是悲剧。', 'Zhè shì bēi jù.', 'This is tragedy.', 5, null),
  ('s-h5-210', 'course-mandarin-1', '这是悲伤。', 'Zhè shì bēi shāng.', 'This is sad; sorrowful.', 5, null),
  ('s-h5-211', 'course-mandarin-1', '这是北极。', 'Zhè shì běi jí.', 'This is the North Pole; the Arctic Pole.', 5, null),
  ('s-h5-212', 'course-mandarin-1', '这是背包。', 'Zhè shì bēi bāo.', 'This is knapsack.', 5, null),
  ('s-h5-213', 'course-mandarin-1', '这是被动。', 'Zhè shì bèi dòng.', 'This is passive.', 5, null),
  ('s-h5-214', 'course-mandarin-1', '这是辈。', 'Zhè shì bèi.', 'This is lifetime.', 5, null),
  ('s-h5-215', 'course-mandarin-1', '这是本人。', 'Zhè shì běn rén.', 'This is I; me; myself.', 5, null),
  ('s-h5-216', 'course-mandarin-1', '这是鼻子。', 'Zhè shì bí zi.', 'This is nose.', 5, null),
  ('s-h5-217', 'course-mandarin-1', '这是比方。', 'Zhè shì bǐ fang.', 'This is analogy.', 5, null),
  ('s-h5-218', 'course-mandarin-1', '这是比重。', 'Zhè shì bǐ zhòng.', 'This is proportion.', 5, null),
  ('s-h5-219', 'course-mandarin-1', '这是彼此。', 'Zhè shì bǐ cǐ.', 'This is each other; one another.', 5, null),
  ('s-h5-220', 'course-mandarin-1', '这是必。', 'Zhè shì bì.', 'This is certainly.', 5, null);
insert into lesson_sentences (lesson_id, sentence_id) values
  ('lesson-h5-aa-1', 's-h5-192'),
  ('lesson-h5-aa-2', 's-h5-193'),
  ('lesson-h5-aa-3', 's-h5-194'),
  ('lesson-h5-aa-4', 's-h5-195'),
  ('lesson-h5-aa-5', 's-h5-196'),
  ('lesson-h5-aa-6', 's-h5-197'),
  ('lesson-h5-aa-7', 's-h5-198'),
  ('lesson-h5-aa-8', 's-h5-199'),
  ('lesson-h5-aa-9', 's-h5-200'),
  ('lesson-h5-aa-10', 's-h5-201'),
  ('lesson-h5-aa-11', 's-h5-202'),
  ('lesson-h5-aa-12', 's-h5-203'),
  ('lesson-h5-aa-13', 's-h5-204'),
  ('lesson-h5-aa-14', 's-h5-205'),
  ('lesson-h5-aa-15', 's-h5-206'),
  ('lesson-h5-aa-16', 's-h5-207'),
  ('lesson-h5-aa-17', 's-h5-208'),
  ('lesson-h5-aa-18', 's-h5-209'),
  ('lesson-h5-aa-19', 's-h5-210'),
  ('lesson-h5-aa-20', 's-h5-211'),
  ('lesson-h5-aa-21', 's-h5-212'),
  ('lesson-h5-aa-22', 's-h5-213'),
  ('lesson-h5-aa-23', 's-h5-214'),
  ('lesson-h5-aa-24', 's-h5-215'),
  ('lesson-h5-aa-25', 's-h5-216'),
  ('lesson-h5-aa-26', 's-h5-217'),
  ('lesson-h5-aa-27', 's-h5-218'),
  ('lesson-h5-aa-28', 's-h5-219'),
  ('lesson-h5-aa-29', 's-h5-220'),
  ('lesson-h5-aa-30', 's-h5-191'),
  ('lesson-h5-aa-31', 's-h5-192'),
  ('lesson-h5-aa-32', 's-h5-193'),
  ('lesson-h5-aa-33', 's-h5-194'),
  ('lesson-h5-aa-34', 's-h5-195'),
  ('lesson-h5-aa-35', 's-h5-196'),
  ('lesson-h5-aa-36', 's-h5-197'),
  ('lesson-h5-aa-37', 's-h5-198'),
  ('lesson-h5-aa-38', 's-h5-199'),
  ('lesson-h5-aa-39', 's-h5-200'),
  ('lesson-h5-aa-40', 's-h5-201'),
  ('lesson-h5-aa-41', 's-h5-202'),
  ('lesson-h5-aa-42', 's-h5-203'),
  ('lesson-h5-aa-43', 's-h5-204'),
  ('lesson-h5-aa-44', 's-h5-205'),
  ('lesson-h5-aa-45', 's-h5-206'),
  ('lesson-h5-aa-46', 's-h5-207'),
  ('lesson-h5-aa-47', 's-h5-208'),
  ('lesson-h5-aa-48', 's-h5-209'),
  ('lesson-h5-aa-49', 's-h5-210'),
  ('lesson-h5-aa-50', 's-h5-211'),
  ('lesson-h5-aa-51', 's-h5-212'),
  ('lesson-h5-aa-52', 's-h5-213'),
  ('lesson-h5-aa-53', 's-h5-214'),
  ('lesson-h5-aa-54', 's-h5-215'),
  ('lesson-h5-aa-55', 's-h5-216'),
  ('lesson-h5-aa-56', 's-h5-217'),
  ('lesson-h5-aa-57', 's-h5-218'),
  ('lesson-h5-aa-58', 's-h5-219'),
  ('lesson-h5-aa-59', 's-h5-220'),
  ('lesson-h5-aa-60', 's-h5-191'),
  ('lesson-h5-aa-61', 's-h5-192'),
  ('lesson-h5-aa-62', 's-h5-193'),
  ('lesson-h5-aa-63', 's-h5-194'),
  ('lesson-h5-aa-64', 's-h5-195'),
  ('lesson-h5-aa-65', 's-h5-196'),
  ('lesson-h5-aa-66', 's-h5-197'),
  ('lesson-h5-aa-67', 's-h5-198'),
  ('lesson-h5-aa-68', 's-h5-199'),
  ('lesson-h5-aa-69', 's-h5-200'),
  ('lesson-h5-aa-70', 's-h5-201'),
  ('lesson-h5-aa-71', 's-h5-202'),
  ('lesson-h5-aa-72', 's-h5-203'),
  ('lesson-h5-aa-73', 's-h5-204'),
  ('lesson-h5-aa-74', 's-h5-205'),
  ('lesson-h5-aa-75', 's-h5-206'),
  ('lesson-h5-aa-76', 's-h5-207'),
  ('lesson-h5-aa-77', 's-h5-208'),
  ('lesson-h5-aa-78', 's-h5-209'),
  ('lesson-h5-aa-79', 's-h5-210'),
  ('lesson-h5-aa-80', 's-h5-211'),
  ('lesson-h5-aa-81', 's-h5-212'),
  ('lesson-h5-aa-82', 's-h5-213'),
  ('lesson-h5-aa-83', 's-h5-214'),
  ('lesson-h5-aa-84', 's-h5-215'),
  ('lesson-h5-aa-85', 's-h5-216'),
  ('lesson-h5-aa-86', 's-h5-217'),
  ('lesson-h5-aa-87', 's-h5-218'),
  ('lesson-h5-aa-88', 's-h5-219'),
  ('lesson-h5-aa-89', 's-h5-220'),
  ('lesson-h5-aa-90', 's-h5-191'),
  ('lesson-h5-aa-91', 's-h5-192'),
  ('lesson-h5-aa-92', 's-h5-193'),
  ('lesson-h5-aa-93', 's-h5-194'),
  ('lesson-h5-aa-94', 's-h5-195'),
  ('lesson-h5-aa-95', 's-h5-196'),
  ('lesson-h5-aa-96', 's-h5-197'),
  ('lesson-h5-aa-97', 's-h5-198'),
  ('lesson-h5-aa-98', 's-h5-199'),
  ('lesson-h5-aa-99', 's-h5-200'),
  ('lesson-h5-aa-100', 's-h5-201'),
  ('lesson-h5-aa-101', 's-h5-202'),
  ('lesson-h5-aa-102', 's-h5-203'),
  ('lesson-h5-aa-103', 's-h5-204'),
  ('lesson-h5-aa-104', 's-h5-205'),
  ('lesson-h5-aa-105', 's-h5-206'),
  ('lesson-h5-aa-106', 's-h5-207'),
  ('lesson-h5-aa-107', 's-h5-208'),
  ('lesson-h5-aa-108', 's-h5-209'),
  ('lesson-h5-aa-109', 's-h5-210'),
  ('lesson-h5-aa-110', 's-h5-211'),
  ('lesson-h5-aa-111', 's-h5-212'),
  ('lesson-h5-aa-112', 's-h5-213'),
  ('lesson-h5-aa-113', 's-h5-214'),
  ('lesson-h5-aa-114', 's-h5-215'),
  ('lesson-h5-aa-115', 's-h5-216'),
  ('lesson-h5-aa-116', 's-h5-217'),
  ('lesson-h5-aa-117', 's-h5-218'),
  ('lesson-h5-aa-118', 's-h5-219'),
  ('lesson-h5-aa-119', 's-h5-220'),
  ('lesson-h5-aa-120', 's-h5-191'),
  ('lesson-h5-aa-121', 's-h5-192'),
  ('lesson-h5-aa-122', 's-h5-193'),
  ('lesson-h5-aa-123', 's-h5-194'),
  ('lesson-h5-aa-124', 's-h5-195'),
  ('lesson-h5-aa-125', 's-h5-196'),
  ('lesson-h5-aa-126', 's-h5-197'),
  ('lesson-h5-ab-1', 's-h5-192'),
  ('lesson-h5-ab-2', 's-h5-193'),
  ('lesson-h5-ab-3', 's-h5-194'),
  ('lesson-h5-ac-1', 's-h5-192'),
  ('lesson-h5-ac-2', 's-h5-193'),
  ('lesson-h5-ad-1', 's-h5-192'),
  ('lesson-h5-ad-2', 's-h5-193'),
  ('lesson-h5-ad-3', 's-h5-194'),
  ('lesson-h5-ae-1', 's-h5-192');
insert into exercises (id, lesson_id, type, prompt, payload_json, explanation, order_index) values
  ('lesson-h5-aa-1-ex-0', 'lesson-h5-aa-1', 'listening', 'Listen and select the meaning', '{"hanzi":"安慰","options":["to comfort","massage","ashore","variant of 岸"],"correctAnswer":"to comfort","pinyin":"ān wèi"}'::jsonb, 'You heard: 安慰 (ān wèi)', 0),
  ('lesson-h5-aa-1-ex-1', 'lesson-h5-aa-1', 'listening', 'Listen and select the meaning', '{"hanzi":"岸","options":["variant of 岸","to comfort","a register","massage"],"correctAnswer":"variant of 岸","pinyin":"àn"}'::jsonb, 'You heard: 岸 (àn)', 1),
  ('lesson-h5-aa-1-ex-2', 'lesson-h5-aa-1', 'listening', 'Listen and select the meaning', '{"hanzi":"岸上","options":["to pay a visit; to call on","a register","ashore","to comfort"],"correctAnswer":"ashore","pinyin":"àn shàng"}'::jsonb, 'You heard: 岸上 (àn shàng)', 2),
  ('lesson-h5-aa-1-ex-3', 'lesson-h5-aa-1', 'pinyin_recognition', 'Select the correct pinyin', '{"hanzi":"按摩","options":["bài fǎng","àn mó","àn","ān wèi"],"correctAnswer":"àn mó"}'::jsonb, '按摩 is pronounced àn mó.', 3),
  ('lesson-h5-aa-1-ex-4', 'lesson-h5-aa-1', 'pinyin_recognition', 'Select the correct pinyin', '{"hanzi":"拔","options":["bái jiǔ","àn shàng","bá","ān wèi"],"correctAnswer":"bá"}'::jsonb, '拔 is pronounced bá.', 4),
  ('lesson-h5-aa-1-ex-5', 'lesson-h5-aa-1', 'multiple_choice', 'Select the correct translation', '{"question":"What does \"白酒\" mean?","options":["massage","a register","baijiu, a spirit usually distilled from sorghum","to pull up"],"correctAnswer":"baijiu, a spirit usually distilled from sorghum","displayHanzi":"白酒","pinyin":"bái jiǔ"}'::jsonb, '白酒 (bái jiǔ) means "baijiu, a spirit usually distilled from sorghum".', 5),
  ('lesson-h5-aa-1-ex-6', 'lesson-h5-aa-1', 'multiple_choice', 'Select the correct translation', '{"question":"What does \"拜访\" mean?","options":["ashore","variant of 岸","massage","to pay a visit; to call on"],"correctAnswer":"to pay a visit; to call on","displayHanzi":"拜访","pinyin":"bài fǎng"}'::jsonb, '拜访 (bài fǎng) means "to pay a visit; to call on".', 6),
  ('lesson-h5-aa-1-ex-7', 'lesson-h5-aa-1', 'multiple_choice', 'Select the correct translation', '{"question":"What does \"版\" mean?","options":["massage","to pull up","a register","baijiu, a spirit usually distilled from sorghum"],"correctAnswer":"a register","displayHanzi":"版","pinyin":"bǎn"}'::jsonb, '版 (bǎn) means "a register".', 7),
  ('lesson-h5-aa-1-ex-8', 'lesson-h5-aa-1', 'hanzi_to_english', 'Type the English meaning', '{"hanzi":"安慰","pinyin":"ān wèi","acceptedAnswers":["to comfort","to comfort"]}'::jsonb, '安慰 = to comfort', 8),
  ('lesson-h5-aa-1-ex-9', 'lesson-h5-aa-1', 'hanzi_to_english', 'Type the English meaning', '{"hanzi":"岸","pinyin":"àn","acceptedAnswers":["variant of 岸","variant of 岸"]}'::jsonb, '岸 = variant of 岸', 9),
  ('lesson-h5-aa-1-ex-10', 'lesson-h5-aa-1', 'hanzi_to_english', 'Type the English meaning', '{"hanzi":"岸上","pinyin":"àn shàng","acceptedAnswers":["ashore","ashore"]}'::jsonb, '岸上 = ashore', 10),
  ('lesson-h5-aa-1-ex-11', 'lesson-h5-aa-1', 'hanzi_to_english', 'Type the English meaning', '{"hanzi":"按摩","pinyin":"àn mó","acceptedAnswers":["massage","massage"]}'::jsonb, '按摩 = massage', 11),
  ('lesson-h5-aa-1-ex-12', 'lesson-h5-aa-1', 'hanzi_to_english', 'Type the English meaning', '{"hanzi":"拔","pinyin":"bá","acceptedAnswers":["to pull up","to pull up"]}'::jsonb, '拔 = to pull up', 12),
  ('lesson-h5-aa-1-ex-13', 'lesson-h5-aa-1', 'hanzi_to_english', 'Type the English meaning', '{"hanzi":"白酒","pinyin":"bái jiǔ","acceptedAnswers":["baijiu, a spirit usually distilled from sorghum","baijiu, a spirit usually distilled from sorghum"]}'::jsonb, '白酒 = baijiu, a spirit usually distilled from sorghum', 13),
  ('lesson-h5-aa-1-ex-14', 'lesson-h5-aa-1', 'hanzi_to_english', 'Type the English meaning', '{"hanzi":"拜访","pinyin":"bài fǎng","acceptedAnswers":["to pay a visit; to call on","to pay a visit; to call on"]}'::jsonb, '拜访 = to pay a visit; to call on', 14),
  ('lesson-h5-aa-1-ex-15', 'lesson-h5-aa-1', 'english_to_hanzi_word_bank', 'Build the hanzi for this word', '{"english":"a register","wordBank":["版","酒","白","访","岸","安","上","慰","岸","按"],"correctAnswer":["版"]}'::jsonb, 'The hanzi for "a register" is 版.', 15),
  ('lesson-h5-aa-1-ex-16', 'lesson-h5-aa-1', 'english_to_hanzi_word_bank', 'Build the hanzi for this word', '{"english":"to comfort","wordBank":["酒","慰","安","按","摩","白","版","拔","拜","上"],"correctAnswer":["安","慰"]}'::jsonb, 'The hanzi for "to comfort" is 安慰.', 16),
  ('lesson-h5-aa-1-ex-17', 'lesson-h5-aa-1', 'english_to_hanzi_word_bank', 'Build the hanzi for this word', '{"english":"variant of 岸","wordBank":["上","白","按","酒","拔","安","拜","慰","岸","版"],"correctAnswer":["岸"]}'::jsonb, 'The hanzi for "variant of 岸" is 岸.', 17),
  ('lesson-h5-aa-1-ex-18', 'lesson-h5-aa-1', 'english_to_hanzi_word_bank', 'Build the hanzi for this word', '{"english":"ashore","wordBank":["安","访","岸","慰","岸","拔","版","白","上","按"],"correctAnswer":["岸","上"]}'::jsonb, 'The hanzi for "ashore" is 岸上.', 18),
  ('lesson-h5-aa-1-ex-19', 'lesson-h5-aa-1', 'reverse_pinyin', 'Which hanzi matches this pinyin?', '{"pinyin":"àn mó","options":["按摩","安慰","岸","版"],"correctAnswer":"按摩"}'::jsonb, 'àn mó → 按摩', 19),
  ('lesson-h5-aa-1-ex-20', 'lesson-h5-aa-1', 'reverse_pinyin', 'Which hanzi matches this pinyin?', '{"pinyin":"bá","options":["按摩","版","岸","拔"],"correctAnswer":"拔"}'::jsonb, 'bá → 拔', 20),
  ('lesson-h5-aa-1-ex-21', 'lesson-h5-aa-1', 'match_pairs', 'Match each hanzi to its meaning', '{"pairs":[{"id":"v-h5-an","left":"岸","right":"variant of 岸"},{"id":"v-h5-ba","left":"拔","right":"to pull up"},{"id":"v-h5-ban","left":"版","right":"a register"},{"id":"v-h5-an-shang","left":"岸上","right":"ashore"}]}'::jsonb, null, 21),
  ('lesson-h5-aa-1-ex-22', 'lesson-h5-aa-1', 'fill_in_blank', 'Fill in the missing character', '{"sentence":"___是安慰。","blankIndex":0,"correctAnswer":"这","fullSentence":"这是安慰。","fullPinyin":"Zhè shì ān wèi.","options":["岸","拔","这","按"]}'::jsonb, 'Full sentence: 这是安慰。 — This is to comfort.', 22),
  ('lesson-h5-aa-1-ex-23', 'lesson-h5-aa-1', 'fill_in_blank', 'Fill in the missing character', '{"sentence":"___是岸。","blankIndex":0,"correctAnswer":"这","fullSentence":"这是岸。","fullPinyin":"Zhè shì àn.","options":["白","按","这","岸"]}'::jsonb, 'Full sentence: 这是岸。 — This is variant of 岸.', 23),
  ('lesson-h5-aa-1-ex-24', 'lesson-h5-aa-1', 'fill_in_blank', 'Fill in the missing character', '{"sentence":"___是岸上。","blankIndex":0,"correctAnswer":"这","fullSentence":"这是岸上。","fullPinyin":"Zhè shì àn shàng.","options":["拔","岸","白","这"]}'::jsonb, 'Full sentence: 这是岸上。 — This is ashore.', 24),
  ('lesson-h5-aa-2-ex-0', 'lesson-h5-aa-2', 'listening', 'Listen and select the meaning', '{"hanzi":"扮演","options":["to play the role of","to pack","to take good care of (or conserve) one''s health","stick"],"correctAnswer":"to play the role of","pinyin":"bàn yǎn"}'::jsonb, 'You heard: 扮演 (bàn yǎn)', 0),
  ('lesson-h5-aa-2-ex-1', 'lesson-h5-aa-2', 'listening', 'Listen and select the meaning', '{"hanzi":"棒","options":["to pack","weak; frail","stick","to play the role of"],"correctAnswer":"stick","pinyin":"bàng"}'::jsonb, 'You heard: 棒 (bàng)', 1),
  ('lesson-h5-aa-2-ex-2', 'lesson-h5-aa-2', 'listening', 'Listen and select the meaning', '{"hanzi":"包围","options":["to surround","to repay","to pack","to play the role of"],"correctAnswer":"to surround","pinyin":"bāo wéi"}'::jsonb, 'You heard: 包围 (bāo wéi)', 2),
  ('lesson-h5-aa-2-ex-3', 'lesson-h5-aa-2', 'pinyin_recognition', 'Select the correct pinyin', '{"hanzi":"包装","options":["bāo zhuāng","bǎo yǎng","bāo wéi","bǎo wèi"],"correctAnswer":"bāo zhuāng"}'::jsonb, '包装 is pronounced bāo zhuāng.', 3),
  ('lesson-h5-aa-2-ex-4', 'lesson-h5-aa-2', 'pinyin_recognition', 'Select the correct pinyin', '{"hanzi":"薄弱","options":["bó ruò","bāo wéi","bǎo wèi","bàn yǎn"],"correctAnswer":"bó ruò"}'::jsonb, '薄弱 is pronounced bó ruò.', 4),
  ('lesson-h5-aa-2-ex-5', 'lesson-h5-aa-2', 'multiple_choice', 'Select the correct translation', '{"question":"What does \"保卫\" mean?","options":["to defend","weak; frail","to surround","to play the role of"],"correctAnswer":"to defend","displayHanzi":"保卫","pinyin":"bǎo wèi"}'::jsonb, '保卫 (bǎo wèi) means "to defend".', 5),
  ('lesson-h5-aa-2-ex-6', 'lesson-h5-aa-2', 'multiple_choice', 'Select the correct translation', '{"question":"What does \"保养\" mean?","options":["to pack","stick","to defend","to take good care of (or conserve) one''s health"],"correctAnswer":"to take good care of (or conserve) one''s health","displayHanzi":"保养","pinyin":"bǎo yǎng"}'::jsonb, '保养 (bǎo yǎng) means "to take good care of (or conserve) one''s health".', 6),
  ('lesson-h5-aa-2-ex-7', 'lesson-h5-aa-2', 'multiple_choice', 'Select the correct translation', '{"question":"What does \"报答\" mean?","options":["stick","to take good care of (or conserve) one''s health","to pack","to repay"],"correctAnswer":"to repay","displayHanzi":"报答","pinyin":"bào dá"}'::jsonb, '报答 (bào dá) means "to repay".', 7),
  ('lesson-h5-aa-2-ex-8', 'lesson-h5-aa-2', 'hanzi_to_english', 'Type the English meaning', '{"hanzi":"扮演","pinyin":"bàn yǎn","acceptedAnswers":["to play the role of","to play the role of"]}'::jsonb, '扮演 = to play the role of', 8),
  ('lesson-h5-aa-2-ex-9', 'lesson-h5-aa-2', 'hanzi_to_english', 'Type the English meaning', '{"hanzi":"棒","pinyin":"bàng","acceptedAnswers":["stick","stick"]}'::jsonb, '棒 = stick', 9),
  ('lesson-h5-aa-2-ex-10', 'lesson-h5-aa-2', 'hanzi_to_english', 'Type the English meaning', '{"hanzi":"包围","pinyin":"bāo wéi","acceptedAnswers":["to surround","to surround"]}'::jsonb, '包围 = to surround', 10),
  ('lesson-h5-aa-2-ex-11', 'lesson-h5-aa-2', 'hanzi_to_english', 'Type the English meaning', '{"hanzi":"包装","pinyin":"bāo zhuāng","acceptedAnswers":["to pack","to pack"]}'::jsonb, '包装 = to pack', 11),
  ('lesson-h5-aa-2-ex-12', 'lesson-h5-aa-2', 'hanzi_to_english', 'Type the English meaning', '{"hanzi":"薄弱","pinyin":"bó ruò","acceptedAnswers":["weak; frail","weak; frail"]}'::jsonb, '薄弱 = weak; frail', 12),
  ('lesson-h5-aa-2-ex-13', 'lesson-h5-aa-2', 'hanzi_to_english', 'Type the English meaning', '{"hanzi":"保卫","pinyin":"bǎo wèi","acceptedAnswers":["to defend","to defend"]}'::jsonb, '保卫 = to defend', 13),
  ('lesson-h5-aa-2-ex-14', 'lesson-h5-aa-2', 'hanzi_to_english', 'Type the English meaning', '{"hanzi":"保养","pinyin":"bǎo yǎng","acceptedAnswers":["to take good care of (or conserve) one''s health","to take good care of (or conserve) one''s health"]}'::jsonb, '保养 = to take good care of (or conserve) one''s health', 14),
  ('lesson-h5-aa-2-ex-15', 'lesson-h5-aa-2', 'english_to_hanzi_word_bank', 'Build the hanzi for this word', '{"english":"to repay","wordBank":["棒","卫","报","扮","养","答","包","演","保","弱"],"correctAnswer":["报","答"]}'::jsonb, 'The hanzi for "to repay" is 报答.', 15),
  ('lesson-h5-aa-2-ex-16', 'lesson-h5-aa-2', 'english_to_hanzi_word_bank', 'Build the hanzi for this word', '{"english":"to play the role of","wordBank":["扮","卫","养","包","演","答","弱","薄","装","保"],"correctAnswer":["扮","演"]}'::jsonb, 'The hanzi for "to play the role of" is 扮演.', 16),
  ('lesson-h5-aa-2-ex-17', 'lesson-h5-aa-2', 'english_to_hanzi_word_bank', 'Build the hanzi for this word', '{"english":"stick","wordBank":["棒","养","弱","薄","答","卫","装","保","演","报"],"correctAnswer":["棒"]}'::jsonb, 'The hanzi for "stick" is 棒.', 17),
  ('lesson-h5-aa-2-ex-18', 'lesson-h5-aa-2', 'english_to_hanzi_word_bank', 'Build the hanzi for this word', '{"english":"to surround","wordBank":["养","棒","答","包","包","扮","围","报","保","卫"],"correctAnswer":["包","围"]}'::jsonb, 'The hanzi for "to surround" is 包围.', 18),
  ('lesson-h5-aa-2-ex-19', 'lesson-h5-aa-2', 'reverse_pinyin', 'Which hanzi matches this pinyin?', '{"pinyin":"bāo zhuāng","options":["棒","包装","薄弱","扮演"],"correctAnswer":"包装"}'::jsonb, 'bāo zhuāng → 包装', 19),
  ('lesson-h5-aa-2-ex-20', 'lesson-h5-aa-2', 'reverse_pinyin', 'Which hanzi matches this pinyin?', '{"pinyin":"bó ruò","options":["棒","薄弱","保养","包装"],"correctAnswer":"薄弱"}'::jsonb, 'bó ruò → 薄弱', 20),
  ('lesson-h5-aa-2-ex-21', 'lesson-h5-aa-2', 'match_pairs', 'Match each hanzi to its meaning', '{"pairs":[{"id":"v-h5-bo-ruo","left":"薄弱","right":"weak; frail"},{"id":"v-h5-bang","left":"棒","right":"stick"},{"id":"v-h5-bao-yang","left":"保养","right":"to take good care of (or conserve) one''s health"},{"id":"v-h5-bao-wei-2","left":"保卫","right":"to defend"}]}'::jsonb, null, 21),
  ('lesson-h5-aa-2-ex-22', 'lesson-h5-aa-2', 'fill_in_blank', 'Fill in the missing character', '{"sentence":"___是安慰。","blankIndex":0,"correctAnswer":"这","fullSentence":"这是安慰。","fullPinyin":"Zhè shì ān wèi.","options":["这","包","扮","保"]}'::jsonb, 'Full sentence: 这是安慰。 — This is to comfort.', 22),
  ('lesson-h5-aa-2-ex-23', 'lesson-h5-aa-2', 'fill_in_blank', 'Fill in the missing character', '{"sentence":"___是岸。","blankIndex":0,"correctAnswer":"这","fullSentence":"这是岸。","fullPinyin":"Zhè shì àn.","options":["保","这","扮","薄"]}'::jsonb, 'Full sentence: 这是岸。 — This is variant of 岸.', 23),
  ('lesson-h5-aa-2-ex-24', 'lesson-h5-aa-2', 'fill_in_blank', 'Fill in the missing character', '{"sentence":"___是岸上。","blankIndex":0,"correctAnswer":"这","fullSentence":"这是岸上。","fullPinyin":"Zhè shì àn shàng.","options":["这","保","包","棒"]}'::jsonb, 'Full sentence: 这是岸上。 — This is ashore.', 24),
  ('lesson-h5-aa-3-ex-0', 'lesson-h5-aa-3', 'listening', 'Listen and select the meaning', '{"hanzi":"报警","options":["passive","sad; sorrowful","to sound an alarm","knapsack"],"correctAnswer":"to sound an alarm","pinyin":"bào jǐng"}'::jsonb, 'You heard: 报警 (bào jǐng)', 0),
  ('lesson-h5-aa-3-ex-1', 'lesson-h5-aa-3', 'listening', 'Listen and select the meaning', '{"hanzi":"抱怨","options":["tragedy","to complain","knapsack","to sound an alarm"],"correctAnswer":"to complain","pinyin":"bào yuàn"}'::jsonb, 'You heard: 抱怨 (bào yuàn)', 1),
  ('lesson-h5-aa-3-ex-2', 'lesson-h5-aa-3', 'listening', 'Listen and select the meaning', '{"hanzi":"悲剧","options":["to complain","tragedy","passive","to sound an alarm"],"correctAnswer":"tragedy","pinyin":"bēi jù"}'::jsonb, 'You heard: 悲剧 (bēi jù)', 2),
  ('lesson-h5-aa-3-ex-3', 'lesson-h5-aa-3', 'pinyin_recognition', 'Select the correct pinyin', '{"hanzi":"悲伤","options":["bēi bāo","bào yuàn","běi jí","bēi shāng"],"correctAnswer":"bēi shāng"}'::jsonb, '悲伤 is pronounced bēi shāng.', 3),
  ('lesson-h5-aa-3-ex-4', 'lesson-h5-aa-3', 'pinyin_recognition', 'Select the correct pinyin', '{"hanzi":"北极","options":["bēi shāng","běi jí","bèi dòng","bào jǐng"],"correctAnswer":"běi jí"}'::jsonb, '北极 is pronounced běi jí.', 4),
  ('lesson-h5-aa-3-ex-5', 'lesson-h5-aa-3', 'multiple_choice', 'Select the correct translation', '{"question":"What does \"背包\" mean?","options":["to complain","the North Pole; the Arctic Pole","knapsack","lifetime"],"correctAnswer":"knapsack","displayHanzi":"背包","pinyin":"bēi bāo"}'::jsonb, '背包 (bēi bāo) means "knapsack".', 5),
  ('lesson-h5-aa-3-ex-6', 'lesson-h5-aa-3', 'multiple_choice', 'Select the correct translation', '{"question":"What does \"被动\" mean?","options":["to complain","passive","sad; sorrowful","to sound an alarm"],"correctAnswer":"passive","displayHanzi":"被动","pinyin":"bèi dòng"}'::jsonb, '被动 (bèi dòng) means "passive".', 6),
  ('lesson-h5-aa-3-ex-7', 'lesson-h5-aa-3', 'multiple_choice', 'Select the correct translation', '{"question":"What does \"辈\" mean?","options":["lifetime","the North Pole; the Arctic Pole","knapsack","tragedy"],"correctAnswer":"lifetime","displayHanzi":"辈","pinyin":"bèi"}'::jsonb, '辈 (bèi) means "lifetime".', 7),
  ('lesson-h5-aa-3-ex-8', 'lesson-h5-aa-3', 'hanzi_to_english', 'Type the English meaning', '{"hanzi":"报警","pinyin":"bào jǐng","acceptedAnswers":["to sound an alarm","to sound an alarm"]}'::jsonb, '报警 = to sound an alarm', 8),
  ('lesson-h5-aa-3-ex-9', 'lesson-h5-aa-3', 'hanzi_to_english', 'Type the English meaning', '{"hanzi":"抱怨","pinyin":"bào yuàn","acceptedAnswers":["to complain","to complain"]}'::jsonb, '抱怨 = to complain', 9),
  ('lesson-h5-aa-3-ex-10', 'lesson-h5-aa-3', 'hanzi_to_english', 'Type the English meaning', '{"hanzi":"悲剧","pinyin":"bēi jù","acceptedAnswers":["tragedy","tragedy"]}'::jsonb, '悲剧 = tragedy', 10),
  ('lesson-h5-aa-3-ex-11', 'lesson-h5-aa-3', 'hanzi_to_english', 'Type the English meaning', '{"hanzi":"悲伤","pinyin":"bēi shāng","acceptedAnswers":["sad; sorrowful","sad; sorrowful"]}'::jsonb, '悲伤 = sad; sorrowful', 11),
  ('lesson-h5-aa-3-ex-12', 'lesson-h5-aa-3', 'hanzi_to_english', 'Type the English meaning', '{"hanzi":"北极","pinyin":"běi jí","acceptedAnswers":["the North Pole; the Arctic Pole","the North Pole; the Arctic Pole"]}'::jsonb, '北极 = the North Pole; the Arctic Pole', 12),
  ('lesson-h5-aa-3-ex-13', 'lesson-h5-aa-3', 'hanzi_to_english', 'Type the English meaning', '{"hanzi":"背包","pinyin":"bēi bāo","acceptedAnswers":["knapsack","knapsack"]}'::jsonb, '背包 = knapsack', 13),
  ('lesson-h5-aa-3-ex-14', 'lesson-h5-aa-3', 'hanzi_to_english', 'Type the English meaning', '{"hanzi":"被动","pinyin":"bèi dòng","acceptedAnswers":["passive","passive"]}'::jsonb, '被动 = passive', 14),
  ('lesson-h5-aa-3-ex-15', 'lesson-h5-aa-3', 'english_to_hanzi_word_bank', 'Build the hanzi for this word', '{"english":"lifetime","wordBank":["被","悲","悲","剧","报","北","警","包","背","辈"],"correctAnswer":["辈"]}'::jsonb, 'The hanzi for "lifetime" is 辈.', 15),
  ('lesson-h5-aa-3-ex-16', 'lesson-h5-aa-3', 'english_to_hanzi_word_bank', 'Build the hanzi for this word', '{"english":"to sound an alarm","wordBank":["报","抱","悲","被","辈","极","悲","背","警","动"],"correctAnswer":["报","警"]}'::jsonb, 'The hanzi for "to sound an alarm" is 报警.', 16),
  ('lesson-h5-aa-3-ex-17', 'lesson-h5-aa-3', 'english_to_hanzi_word_bank', 'Build the hanzi for this word', '{"english":"to complain","wordBank":["伤","抱","报","被","北","极","悲","剧","怨","警"],"correctAnswer":["抱","怨"]}'::jsonb, 'The hanzi for "to complain" is 抱怨.', 17),
  ('lesson-h5-aa-3-ex-18', 'lesson-h5-aa-3', 'english_to_hanzi_word_bank', 'Build the hanzi for this word', '{"english":"tragedy","wordBank":["极","悲","剧","辈","抱","悲","北","伤","报","警"],"correctAnswer":["悲","剧"]}'::jsonb, 'The hanzi for "tragedy" is 悲剧.', 18),
  ('lesson-h5-aa-3-ex-19', 'lesson-h5-aa-3', 'reverse_pinyin', 'Which hanzi matches this pinyin?', '{"pinyin":"bēi shāng","options":["北极","辈","悲伤","报警"],"correctAnswer":"悲伤"}'::jsonb, 'bēi shāng → 悲伤', 19),
  ('lesson-h5-aa-3-ex-20', 'lesson-h5-aa-3', 'reverse_pinyin', 'Which hanzi matches this pinyin?', '{"pinyin":"běi jí","options":["北极","悲剧","辈","报警"],"correctAnswer":"北极"}'::jsonb, 'běi jí → 北极', 20),
  ('lesson-h5-aa-3-ex-21', 'lesson-h5-aa-3', 'match_pairs', 'Match each hanzi to its meaning', '{"pairs":[{"id":"v-h5-bei-dong","left":"被动","right":"passive"},{"id":"v-h5-bei-bao","left":"背包","right":"knapsack"},{"id":"v-h5-bei-shang","left":"悲伤","right":"sad; sorrowful"},{"id":"v-h5-bei-ji","left":"北极","right":"the North Pole; the Arctic Pole"}]}'::jsonb, null, 21),
  ('lesson-h5-aa-3-ex-22', 'lesson-h5-aa-3', 'fill_in_blank', 'Fill in the missing character', '{"sentence":"___是安慰。","blankIndex":0,"correctAnswer":"这","fullSentence":"这是安慰。","fullPinyin":"Zhè shì ān wèi.","options":["悲","抱","被","这"]}'::jsonb, 'Full sentence: 这是安慰。 — This is to comfort.', 22),
  ('lesson-h5-aa-3-ex-23', 'lesson-h5-aa-3', 'fill_in_blank', 'Fill in the missing character', '{"sentence":"___是岸。","blankIndex":0,"correctAnswer":"这","fullSentence":"这是岸。","fullPinyin":"Zhè shì àn.","options":["这","辈","抱","悲"]}'::jsonb, 'Full sentence: 这是岸。 — This is variant of 岸.', 23),
  ('lesson-h5-aa-3-ex-24', 'lesson-h5-aa-3', 'fill_in_blank', 'Fill in the missing character', '{"sentence":"___是岸上。","blankIndex":0,"correctAnswer":"这","fullSentence":"这是岸上。","fullPinyin":"Zhè shì àn shàng.","options":["北","这","被","悲"]}'::jsonb, 'Full sentence: 这是岸上。 — This is ashore.', 24),
  ('lesson-h5-aa-4-ex-0', 'lesson-h5-aa-4', 'listening', 'Listen and select the meaning', '{"hanzi":"本人","options":["certainly","I; me; myself","analogy","after all"],"correctAnswer":"I; me; myself","pinyin":"běn rén"}'::jsonb, 'You heard: 本人 (běn rén)', 0),
  ('lesson-h5-aa-4-ex-1', 'lesson-h5-aa-4', 'listening', 'Listen and select the meaning', '{"hanzi":"鼻子","options":["each other; one another","certainly","nose","I; me; myself"],"correctAnswer":"nose","pinyin":"bí zi"}'::jsonb, 'You heard: 鼻子 (bí zi)', 1),
  ('lesson-h5-aa-4-ex-2', 'lesson-h5-aa-4', 'listening', 'Listen and select the meaning', '{"hanzi":"比方","options":["analogy","after all","certainly","I; me; myself"],"correctAnswer":"analogy","pinyin":"bǐ fang"}'::jsonb, 'You heard: 比方 (bǐ fang)', 2),
  ('lesson-h5-aa-4-ex-3', 'lesson-h5-aa-4', 'pinyin_recognition', 'Select the correct pinyin', '{"hanzi":"比重","options":["bì","bǐ fang","bǐ zhòng","běn rén"],"correctAnswer":"bǐ zhòng"}'::jsonb, '比重 is pronounced bǐ zhòng.', 3),
  ('lesson-h5-aa-4-ex-4', 'lesson-h5-aa-4', 'pinyin_recognition', 'Select the correct pinyin', '{"hanzi":"彼此","options":["bì xū","běn rén","bǐ cǐ","bǐ fang"],"correctAnswer":"bǐ cǐ"}'::jsonb, '彼此 is pronounced bǐ cǐ.', 4),
  ('lesson-h5-aa-4-ex-5', 'lesson-h5-aa-4', 'multiple_choice', 'Select the correct translation', '{"question":"What does \"必\" mean?","options":["certainly","each other; one another","analogy","I; me; myself"],"correctAnswer":"certainly","displayHanzi":"必","pinyin":"bì"}'::jsonb, '必 (bì) means "certainly".', 5),
  ('lesson-h5-aa-4-ex-6', 'lesson-h5-aa-4', 'multiple_choice', 'Select the correct translation', '{"question":"What does \"必需\" mean?","options":["to need","I; me; myself","certainly","after all"],"correctAnswer":"to need","displayHanzi":"必需","pinyin":"bì xū"}'::jsonb, '必需 (bì xū) means "to need".', 6),
  ('lesson-h5-aa-4-ex-7', 'lesson-h5-aa-4', 'multiple_choice', 'Select the correct translation', '{"question":"What does \"毕竟\" mean?","options":["certainly","after all","each other; one another","proportion"],"correctAnswer":"after all","displayHanzi":"毕竟","pinyin":"bì jìng"}'::jsonb, '毕竟 (bì jìng) means "after all".', 7),
  ('lesson-h5-aa-4-ex-8', 'lesson-h5-aa-4', 'hanzi_to_english', 'Type the English meaning', '{"hanzi":"本人","pinyin":"běn rén","acceptedAnswers":["I; me; myself","I; me; myself"]}'::jsonb, '本人 = I; me; myself', 8),
  ('lesson-h5-aa-4-ex-9', 'lesson-h5-aa-4', 'hanzi_to_english', 'Type the English meaning', '{"hanzi":"鼻子","pinyin":"bí zi","acceptedAnswers":["nose","nose"]}'::jsonb, '鼻子 = nose', 9),
  ('lesson-h5-aa-4-ex-10', 'lesson-h5-aa-4', 'hanzi_to_english', 'Type the English meaning', '{"hanzi":"比方","pinyin":"bǐ fang","acceptedAnswers":["analogy","analogy"]}'::jsonb, '比方 = analogy', 10),
  ('lesson-h5-aa-4-ex-11', 'lesson-h5-aa-4', 'hanzi_to_english', 'Type the English meaning', '{"hanzi":"比重","pinyin":"bǐ zhòng","acceptedAnswers":["proportion","proportion"]}'::jsonb, '比重 = proportion', 11),
  ('lesson-h5-aa-4-ex-12', 'lesson-h5-aa-4', 'hanzi_to_english', 'Type the English meaning', '{"hanzi":"彼此","pinyin":"bǐ cǐ","acceptedAnswers":["each other; one another","each other; one another"]}'::jsonb, '彼此 = each other; one another', 12),
  ('lesson-h5-aa-4-ex-13', 'lesson-h5-aa-4', 'hanzi_to_english', 'Type the English meaning', '{"hanzi":"必","pinyin":"bì","acceptedAnswers":["certainly","certainly"]}'::jsonb, '必 = certainly', 13),
  ('lesson-h5-aa-4-ex-14', 'lesson-h5-aa-4', 'hanzi_to_english', 'Type the English meaning', '{"hanzi":"必需","pinyin":"bì xū","acceptedAnswers":["to need","to need"]}'::jsonb, '必需 = to need', 14),
  ('lesson-h5-aa-4-ex-15', 'lesson-h5-aa-4', 'english_to_hanzi_word_bank', 'Build the hanzi for this word', '{"english":"after all","wordBank":["子","需","毕","必","比","人","比","竟","方","鼻"],"correctAnswer":["毕","竟"]}'::jsonb, 'The hanzi for "after all" is 毕竟.', 15),
  ('lesson-h5-aa-4-ex-16', 'lesson-h5-aa-4', 'english_to_hanzi_word_bank', 'Build the hanzi for this word', '{"english":"I; me; myself","wordBank":["必","鼻","彼","此","人","必","需","竟","本","子"],"correctAnswer":["本","人"]}'::jsonb, 'The hanzi for "I; me; myself" is 本人.', 16),
  ('lesson-h5-aa-4-ex-17', 'lesson-h5-aa-4', 'english_to_hanzi_word_bank', 'Build the hanzi for this word', '{"english":"nose","wordBank":["子","本","毕","此","必","方","人","彼","鼻","需"],"correctAnswer":["鼻","子"]}'::jsonb, 'The hanzi for "nose" is 鼻子.', 17),
  ('lesson-h5-aa-4-ex-18', 'lesson-h5-aa-4', 'english_to_hanzi_word_bank', 'Build the hanzi for this word', '{"english":"analogy","wordBank":["比","本","必","竟","毕","子","方","彼","必","重"],"correctAnswer":["比","方"]}'::jsonb, 'The hanzi for "analogy" is 比方.', 18),
  ('lesson-h5-aa-4-ex-19', 'lesson-h5-aa-4', 'reverse_pinyin', 'Which hanzi matches this pinyin?', '{"pinyin":"bǐ zhòng","options":["鼻子","必需","比方","比重"],"correctAnswer":"比重"}'::jsonb, 'bǐ zhòng → 比重', 19),
  ('lesson-h5-aa-4-ex-20', 'lesson-h5-aa-4', 'reverse_pinyin', 'Which hanzi matches this pinyin?', '{"pinyin":"bǐ cǐ","options":["鼻子","比方","比重","彼此"],"correctAnswer":"彼此"}'::jsonb, 'bǐ cǐ → 彼此', 20),
  ('lesson-h5-aa-4-ex-21', 'lesson-h5-aa-4', 'match_pairs', 'Match each hanzi to its meaning', '{"pairs":[{"id":"v-h5-bi-fang","left":"比方","right":"analogy"},{"id":"v-h5-bi-xu","left":"必需","right":"to need"},{"id":"v-h5-bi-ci","left":"彼此","right":"each other; one another"},{"id":"v-h5-bi-zi","left":"鼻子","right":"nose"}]}'::jsonb, null, 21),
  ('lesson-h5-aa-4-ex-22', 'lesson-h5-aa-4', 'fill_in_blank', 'Fill in the missing character', '{"sentence":"___是安慰。","blankIndex":0,"correctAnswer":"这","fullSentence":"这是安慰。","fullPinyin":"Zhè shì ān wèi.","options":["这","彼","必","鼻"]}'::jsonb, 'Full sentence: 这是安慰。 — This is to comfort.', 22),
  ('lesson-h5-aa-4-ex-23', 'lesson-h5-aa-4', 'fill_in_blank', 'Fill in the missing character', '{"sentence":"___是岸。","blankIndex":0,"correctAnswer":"这","fullSentence":"这是岸。","fullPinyin":"Zhè shì àn.","options":["本","鼻","比","这"]}'::jsonb, 'Full sentence: 这是岸。 — This is variant of 岸.', 23),
  ('lesson-h5-aa-4-ex-24', 'lesson-h5-aa-4', 'fill_in_blank', 'Fill in the missing character', '{"sentence":"___是岸上。","blankIndex":0,"correctAnswer":"这","fullSentence":"这是岸上。","fullPinyin":"Zhè shì àn shàng.","options":["这","本","毕","必"]}'::jsonb, 'Full sentence: 这是岸上。 — This is ashore.', 24);
