-- 20260704000000_hsk3.sql
insert into units (id, course_id, title, order_index) values
  ('unit-h3-ca', 'course-mandarin-1', 'Neighborhood & Services', 26),
  ('unit-h3-cb', 'course-mandarin-1', 'Experience & Past Events', 27),
  ('unit-h3-cc', 'course-mandarin-1', 'Plans & Arrangements', 28),
  ('unit-h3-cd', 'course-mandarin-1', 'Preferences & Reasons', 29),
  ('unit-h3-ce', 'course-mandarin-1', 'Media, Rules & Culture', 30);
insert into lessons (id, unit_id, title, order_index) values
  ('lesson-h3-ca-1', 'unit-h3-ca', '爱心 · 安装', 1),
  ('lesson-h3-ca-2', 'unit-h3-ca', '白菜 · 班级', 2),
  ('lesson-h3-ca-3', 'unit-h3-ca', '保持 · 保留', 3),
  ('lesson-h3-ca-4', 'unit-h3-ca', '背后 · 被', 4),
  ('lesson-h3-ca-5', 'unit-h3-ca', '必然 · 必要', 5),
  ('lesson-h3-ca-6', 'unit-h3-ca', '表面 · 表明', 6),
  ('lesson-h3-ca-7', 'unit-h3-ca', '播出 · 播放', 7),
  ('lesson-h3-ca-8', 'unit-h3-ca', '不断 · 不光', 8),
  ('lesson-h3-ca-9', 'unit-h3-ca', '采取 · 采用', 9),
  ('lesson-h3-ca-10', 'unit-h3-ca', '场合 · 场所', 10),
  ('lesson-h3-ca-11', 'unit-h3-ca', '衬衫 · 衬衣', 11),
  ('lesson-h3-ca-12', 'unit-h3-ca', '成立 · 成熟', 12),
  ('lesson-h3-ca-13', 'unit-h3-ca', '程度 · 充满', 13),
  ('lesson-h3-ca-14', 'unit-h3-ca', '除了 · 传', 14),
  ('lesson-h3-ca-15', 'unit-h3-ca', '创作 · 从来', 15),
  ('lesson-h3-ca-16', 'unit-h3-ca', '存在 · 错误', 16),
  ('lesson-h3-ca-17', 'unit-h3-ca', '大使馆 · 代', 17),
  ('lesson-h3-ca-18', 'unit-h3-ca', '当初 · 当地', 18),
  ('lesson-h3-ca-19', 'unit-h3-ca', '到达 · 得分', 19),
  ('lesson-h3-ca-20', 'unit-h3-ca', '电视台 · 电台', 20),
  ('lesson-h3-ca-21', 'unit-h3-ca', '东部 · 动力', 21),
  ('lesson-h3-ca-22', 'unit-h3-ca', '短期 · 断', 22),
  ('lesson-h3-ca-23', 'unit-h3-ca', '发达 · 发明', 23),
  ('lesson-h3-ca-24', 'unit-h3-ca', '反应 · 反正', 24),
  ('lesson-h3-ca-25', 'unit-h3-ca', '房屋 · 房租', 25),
  ('lesson-h3-ca-26', 'unit-h3-ca', '丰富 · 风险', 26),
  ('lesson-h3-ca-27', 'unit-h3-ca', '福 · 父母', 27),
  ('lesson-h3-ca-28', 'unit-h3-ca', '复杂 · 富', 28),
  ('lesson-h3-ca-29', 'unit-h3-ca', '赶快 · 敢', 29),
  ('lesson-h3-ca-30', 'unit-h3-ca', '高速 · 高速公路', 30),
  ('lesson-h3-ca-31', 'unit-h3-ca', '个性 · 各', 31),
  ('lesson-h3-ca-32', 'unit-h3-ca', '工厂 · 工程师', 32),
  ('lesson-h3-ca-33', 'unit-h3-ca', '公布 · 公民', 33),
  ('lesson-h3-ca-34', 'unit-h3-ca', '共同 · 共有', 34),
  ('lesson-h3-ca-35', 'unit-h3-ca', '关系 · 关注', 35),
  ('lesson-h3-ca-36', 'unit-h3-ca', '管 · 管理', 36),
  ('lesson-h3-ca-37', 'unit-h3-ca', '规范 · 国内', 37),
  ('lesson-h3-ca-38', 'unit-h3-ca', '哈哈 · 害怕', 38),
  ('lesson-h3-ca-39', 'unit-h3-ca', '合作 · 和平', 39),
  ('lesson-h3-ca-40', 'unit-h3-ca', '化 · 划船', 40),
  ('lesson-h3-ca-41', 'unit-h3-ca', '环境 · 会员', 41),
  ('lesson-h3-ca-42', 'unit-h3-ca', '积极性 · 基本', 42),
  ('lesson-h3-ca-43', 'unit-h3-ca', '集体 · 计算', 43),
  ('lesson-h3-ca-44', 'unit-h3-ca', '家具 · 家属', 44),
  ('lesson-h3-ca-45', 'unit-h3-ca', '架 · 坚决', 45),
  ('lesson-h3-ca-46', 'unit-h3-ca', '建成 · 建立', 46),
  ('lesson-h3-ca-47', 'unit-h3-ca', '交往 · 交易', 47),
  ('lesson-h3-ca-48', 'unit-h3-ca', '结束 · 解决', 48),
  ('lesson-h3-ca-49', 'unit-h3-ca', '仅仅 · 尽量', 49),
  ('lesson-h3-ca-50', 'unit-h3-ca', '进一步 · 京剧', 50),
  ('lesson-h3-ca-51', 'unit-h3-ca', '警察 · 静', 51),
  ('lesson-h3-ca-52', 'unit-h3-ca', '就业 · 具有', 52),
  ('lesson-h3-ca-53', 'unit-h3-ca', '咖啡 · 开发', 53),
  ('lesson-h3-ca-54', 'unit-h3-ca', '看起来 · 看上去', 54),
  ('lesson-h3-ca-55', 'unit-h3-ca', '克服 · 客观', 55),
  ('lesson-h3-ca-56', 'unit-h3-ca', '裤子 · 快速', 56),
  ('lesson-h3-ca-57', 'unit-h3-ca', '老板 · 老太太', 57),
  ('lesson-h3-ca-58', 'unit-h3-ca', '类 · 类似', 58),
  ('lesson-h3-ca-59', 'unit-h3-ca', '力量 · 立刻', 59),
  ('lesson-h3-ca-60', 'unit-h3-ca', '联合国 · 联系', 60),
  ('lesson-h3-ca-61', 'unit-h3-ca', '另外 · 另一方面', 61),
  ('lesson-h3-ca-62', 'unit-h3-ca', '旅馆 · 落后', 62),
  ('lesson-h3-ca-63', 'unit-h3-ca', '毛病 · 没用', 63),
  ('lesson-h3-ca-64', 'unit-h3-ca', '美食 · 美元', 64),
  ('lesson-h3-ca-65', 'unit-h3-ca', '明确 · 明显', 65),
  ('lesson-h3-ca-66', 'unit-h3-ca', '目标 · 目前', 66),
  ('lesson-h3-ca-67', 'unit-h3-ca', '能力 · 年代', 67),
  ('lesson-h3-ca-68', 'unit-h3-ca', '农民 · 女子', 68),
  ('lesson-h3-ca-69', 'unit-h3-ca', '判断 · 胖', 69),
  ('lesson-h3-ca-70', 'unit-h3-ca', '啤酒 · 票价', 70),
  ('lesson-h3-ca-71', 'unit-h3-ca', '普遍 · 普及', 71),
  ('lesson-h3-ca-72', 'unit-h3-ca', '奇怪 · 气候', 72),
  ('lesson-h3-ca-73', 'unit-h3-ca', '强 · 强大', 73),
  ('lesson-h3-ca-74', 'unit-h3-ca', '亲 · 亲切', 74),
  ('lesson-h3-ca-75', 'unit-h3-ca', '球迷 · 区', 75),
  ('lesson-h3-ca-76', 'unit-h3-ca', '缺 · 缺点', 76),
  ('lesson-h3-ca-77', 'unit-h3-ca', '裙子 · 群', 77),
  ('lesson-h3-ca-78', 'unit-h3-ca', '人民 · 人民币', 78),
  ('lesson-h3-ca-79', 'unit-h3-ca', '任 · 任何', 79),
  ('lesson-h3-ca-80', 'unit-h3-ca', '沙发 · 沙子', 80),
  ('lesson-h3-ca-81', 'unit-h3-ca', '上来 · 上面', 81),
  ('lesson-h3-ca-82', 'unit-h3-ca', '设立 · 社会', 82),
  ('lesson-h3-ca-83', 'unit-h3-ca', '生动 · 生命', 83),
  ('lesson-h3-ca-84', 'unit-h3-ca', '胜利 · 石头', 84),
  ('lesson-h3-ca-85', 'unit-h3-ca', '实力 · 实行', 85),
  ('lesson-h3-ca-86', 'unit-h3-ca', '世界 · 世界杯', 86),
  ('lesson-h3-ca-87', 'unit-h3-ca', '事实上 · 事业', 87),
  ('lesson-h3-ca-88', 'unit-h3-ca', '适用 · 收费', 88),
  ('lesson-h3-ca-89', 'unit-h3-ca', '首先 · 受', 89),
  ('lesson-h3-ca-90', 'unit-h3-ca', '属 · 属于', 90),
  ('lesson-h3-ca-91', 'unit-h3-ca', '死 · 速度', 91),
  ('lesson-h3-ca-92', 'unit-h3-ca', '谈 · 谈话', 92),
  ('lesson-h3-ca-93', 'unit-h3-ca', '提前 · 提问', 93),
  ('lesson-h3-ca-94', 'unit-h3-ca', '跳 · 跳高', 94),
  ('lesson-h3-ca-95', 'unit-h3-ca', '听力 · 听众', 95),
  ('lesson-h3-ca-96', 'unit-h3-ca', '头脑 · 突然', 96),
  ('lesson-h3-ca-97', 'unit-h3-ca', '团体 · 推进', 97),
  ('lesson-h3-ca-98', 'unit-h3-ca', '外交 · 外面', 98),
  ('lesson-h3-ca-99', 'unit-h3-ca', '往往 · 危害', 99),
  ('lesson-h3-ca-100', 'unit-h3-ca', '温暖 · 文件', 100),
  ('lesson-h3-ca-101', 'unit-h3-ca', '屋子 · 武器', 101),
  ('lesson-h3-ca-102', 'unit-h3-ca', '下面 · 下去', 102),
  ('lesson-h3-ca-103', 'unit-h3-ca', '现代 · 现代化', 103),
  ('lesson-h3-ca-104', 'unit-h3-ca', '相当 · 相互', 104),
  ('lesson-h3-ca-105', 'unit-h3-ca', '效果 · 写作', 105),
  ('lesson-h3-ca-106', 'unit-h3-ca', '形式 · 形象', 106),
  ('lesson-h3-ca-107', 'unit-h3-ca', '性格 · 修', 107),
  ('lesson-h3-ca-108', 'unit-h3-ca', '选手 · 学费', 108),
  ('lesson-h3-ca-109', 'unit-h3-ca', '烟 · 演', 109),
  ('lesson-h3-ca-110', 'unit-h3-ca', '阳光 · 要是', 110),
  ('lesson-h3-ca-111', 'unit-h3-ca', '银 · 银牌', 111),
  ('lesson-h3-ca-112', 'unit-h3-ca', '赢 · 影视', 112),
  ('lesson-h3-ca-113', 'unit-h3-ca', '邮件 · 邮票', 113),
  ('lesson-h3-ca-114', 'unit-h3-ca', '有的是 · 有效', 114),
  ('lesson-h3-ca-115', 'unit-h3-ca', '员工 · 愿望', 115),
  ('lesson-h3-ca-116', 'unit-h3-ca', '造成 · 责任', 116),
  ('lesson-h3-ca-117', 'unit-h3-ca', '长城 · 长处', 117),
  ('lesson-h3-ca-118', 'unit-h3-ca', '争 · 争取', 118),
  ('lesson-h3-ca-119', 'unit-h3-ca', '整天 · 整整', 119),
  ('lesson-h3-ca-120', 'unit-h3-ca', '支 · 支持', 120),
  ('lesson-h3-ca-121', 'unit-h3-ca', '值 · 值得', 121),
  ('lesson-h3-ca-122', 'unit-h3-ca', '指导 · 至今', 122),
  ('lesson-h3-ca-123', 'unit-h3-ca', '制造 · 制作', 123),
  ('lesson-h3-ca-124', 'unit-h3-ca', '种子 · 重大', 124),
  ('lesson-h3-ca-125', 'unit-h3-ca', '主任 · 主张', 125),
  ('lesson-h3-ca-126', 'unit-h3-ca', '专家 · 专门', 126),
  ('lesson-h3-ca-127', 'unit-h3-ca', '资金 · 子女', 127),
  ('lesson-h3-ca-128', 'unit-h3-ca', '总结 · 总是', 128),
  ('lesson-h3-ca-129', 'unit-h3-ca', '作者', 129),
  ('lesson-h3-ca-review', 'unit-h3-ca', 'Neighborhood & Services Review', 130),
  ('lesson-h3-cb-1', 'unit-h3-cb', '办理 · 本来', 1),
  ('lesson-h3-cb-2', 'unit-h3-cb', '持续 · 处理', 2),
  ('lesson-h3-cb-3', 'unit-h3-cb', '发出 · 发动', 3),
  ('lesson-h3-cb-4', 'unit-h3-cb', '继续 · 加强', 4),
  ('lesson-h3-cb-5', 'unit-h3-cb', '经验 · 理发', 5),
  ('lesson-h3-cb-6', 'unit-h3-cb', '日常 · 升', 6),
  ('lesson-h3-cb-7', 'unit-h3-cb', '体验 · 停止', 7),
  ('lesson-h3-cb-8', 'unit-h3-cb', '眼前 · 一切', 8),
  ('lesson-h3-cb-9', 'unit-h3-cb', '自主 · 做客', 9),
  ('lesson-h3-cb-review', 'unit-h3-cb', 'Experience & Past Events Review', 10),
  ('lesson-h3-cc-1', 'unit-h3-cc', '安排 · 初一', 1),
  ('lesson-h3-cc-2', 'unit-h3-cc', '后年 · 会议', 2),
  ('lesson-h3-cc-3', 'unit-h3-cc', '设计 · 时代', 3),
  ('lesson-h3-cc-4', 'unit-h3-cc', '整理 · 制定', 4),
  ('lesson-h3-cc-review', 'unit-h3-cc', 'Plans & Arrangements Review', 5),
  ('lesson-h3-cd-1', 'unit-h3-cd', '保存 · 保护', 1),
  ('lesson-h3-cd-2', 'unit-h3-cd', '大约 · 带动', 2),
  ('lesson-h3-cd-3', 'unit-h3-cd', '概念 · 合理', 3),
  ('lesson-h3-cd-4', 'unit-h3-cd', '加工 · 建设', 4),
  ('lesson-h3-cd-5', 'unit-h3-cd', '进步 · 进展', 5),
  ('lesson-h3-cd-6', 'unit-h3-cd', '空调 · 理由', 6),
  ('lesson-h3-cd-7', 'unit-h3-cd', '内容 · 批准', 7),
  ('lesson-h3-cd-8', 'unit-h3-cd', '食品 · 收看', 8),
  ('lesson-h3-cd-9', 'unit-h3-cd', '系 · 相比', 9),
  ('lesson-h3-cd-10', 'unit-h3-cd', '有利 · 早已', 10),
  ('lesson-h3-cd-11', 'unit-h3-cd', '状况 · 状态', 11),
  ('lesson-h3-cd-review', 'unit-h3-cd', 'Preferences & Reasons Review', 12),
  ('lesson-h3-ce-1', 'unit-h3-ce', 'HSK 3 Review 1', 1),
  ('lesson-h3-ce-2', 'unit-h3-ce', 'HSK 3 Review 2', 2),
  ('lesson-h3-ce-3', 'unit-h3-ce', 'HSK 3 Review 3', 3),
  ('lesson-h3-ce-4', 'unit-h3-ce', 'HSK 3 Review 4', 4),
  ('lesson-h3-ce-5', 'unit-h3-ce', 'HSK 3 Review 5', 5),
  ('lesson-h3-ce-6', 'unit-h3-ce', 'HSK 3 Review 6', 6),
  ('lesson-h3-ce-7', 'unit-h3-ce', 'HSK 3 Review 7', 7),
  ('lesson-h3-ce-8', 'unit-h3-ce', 'HSK 3 Review 8', 8),
  ('lesson-h3-ce-9', 'unit-h3-ce', 'HSK 3 Graduation Exam', 9);
insert into vocab_items (id, course_id, hanzi, pinyin, english, part_of_speech, difficulty, image_url, emoji) values
  ('v-h3-ai-xin', 'course-mandarin-1', '爱心', 'ài xīn', 'compassion', 'word', 3, null, null),
  ('v-h3-an-zhuang', 'course-mandarin-1', '安装', 'ān zhuāng', 'to install', 'word', 3, null, null),
  ('v-h3-an', 'course-mandarin-1', '按', 'àn', 'to press', 'word', 3, null, null),
  ('v-h3-an-zhao', 'course-mandarin-1', '按照', 'àn zhào', 'according to', 'word', 3, null, null),
  ('v-h3-ba', 'course-mandarin-1', '把', 'bǎ', 'to hold; to grasp', 'word', 3, null, null),
  ('v-h3-ba-wo', 'course-mandarin-1', '把握', 'bǎ wò', 'to grasp (also fig.)', 'word', 3, null, null),
  ('v-h3-bai-cai', 'course-mandarin-1', '白菜', 'bái cài', 'Chinese cabbage', 'word', 3, null, null),
  ('v-h3-ban-ji', 'course-mandarin-1', '班级', 'bān jí', 'class (group of students)', 'word', 3, null, null),
  ('v-h3-ban', 'course-mandarin-1', '搬', 'bān', 'to move (i.e. relocate oneself)', 'word', 3, null, null),
  ('v-h3-ban-jia', 'course-mandarin-1', '搬家', 'bān jiā', 'to move house; to relocate', 'word', 3, null, null),
  ('v-h3-ban-2', 'course-mandarin-1', '板', 'bǎn', 'board', 'word', 3, null, null),
  ('v-h3-bao', 'course-mandarin-1', '保', 'Bǎo', 'Bulgaria', 'word', 3, null, null),
  ('v-h3-bao-chi', 'course-mandarin-1', '保持', 'bǎo chí', 'to keep', 'word', 3, null, null),
  ('v-h3-bao-liu', 'course-mandarin-1', '保留', 'bǎo liú', 'to keep', 'word', 3, null, null),
  ('v-h3-bao-xian', 'course-mandarin-1', '保险', 'bǎo xiǎn', 'insurance', 'word', 3, null, null),
  ('v-h3-bao-zheng', 'course-mandarin-1', '保证', 'bǎo zhèng', 'guarantee', 'word', 3, null, null),
  ('v-h3-bao-2', 'course-mandarin-1', '报', 'bào', 'to announce', 'word', 3, null, null),
  ('v-h3-bao-gao', 'course-mandarin-1', '报告', 'bào gào', 'to inform', 'word', 3, null, null),
  ('v-h3-bei-hou', 'course-mandarin-1', '背后', 'bèi hòu', 'behind', 'word', 3, null, null),
  ('v-h3-bei', 'course-mandarin-1', '被', 'bèi', 'quilt', 'word', 3, null, null),
  ('v-h3-bei-zi', 'course-mandarin-1', '被子', 'bèi zi', 'quilt', 'word', 3, null, null),
  ('v-h3-ben-ling', 'course-mandarin-1', '本领', 'běn lǐng', 'skill', 'word', 3, null, null),
  ('v-h3-ben-shi', 'course-mandarin-1', '本事', 'běn shì', 'source material', 'word', 3, null, null),
  ('v-h3-bi-sai', 'course-mandarin-1', '比赛', 'bǐ sài', 'competition (sports etc)', 'verb', 3, null, null),
  ('v-h3-bi-ran', 'course-mandarin-1', '必然', 'bì rán', 'inevitable', 'word', 3, null, null),
  ('v-h3-bi-yao', 'course-mandarin-1', '必要', 'bì yào', 'necessary', 'word', 3, null, null),
  ('v-h3-biao-ti', 'course-mandarin-1', '标题', 'biāo tí', 'title', 'word', 3, null, null),
  ('v-h3-biao-zhun', 'course-mandarin-1', '标准', 'biāo zhǔn', 'standard; norm; criterion', 'word', 3, null, null),
  ('v-h3-biao-da', 'course-mandarin-1', '表达', 'biǎo dá', 'to express; to convey', 'word', 3, null, null),
  ('v-h3-biao-ge', 'course-mandarin-1', '表格', 'biǎo gé', 'form', 'word', 3, null, null),
  ('v-h3-biao-mian', 'course-mandarin-1', '表面', 'biǎo miàn', 'surface', 'word', 3, null, null),
  ('v-h3-biao-ming', 'course-mandarin-1', '表明', 'biǎo míng', 'to make clear', 'word', 3, null, null),
  ('v-h3-biao-xian', 'course-mandarin-1', '表现', 'biǎo xiàn', 'to show', 'word', 3, null, null),
  ('v-h3-biao-yan', 'course-mandarin-1', '表演', 'biǎo yǎn', 'play', 'verb', 3, null, null),
  ('v-h3-bing', 'course-mandarin-1', '并', 'bìng', 'and', 'word', 3, null, null),
  ('v-h3-bing-qie', 'course-mandarin-1', '并且', 'bìng qiě', 'and', 'word', 3, null, null),
  ('v-h3-bo-chu', 'course-mandarin-1', '播出', 'bō chū', 'to broadcast', 'word', 3, null, null),
  ('v-h3-bo-fang', 'course-mandarin-1', '播放', 'bō fàng', 'to broadcast; to transmit (by radio or TV)', 'word', 3, null, null),
  ('v-h3-bu', 'course-mandarin-1', '补', 'bǔ', 'to repair', 'word', 3, null, null),
  ('v-h3-bu-chong', 'course-mandarin-1', '补充', 'bǔ chōng', 'to replenish', 'word', 3, null, null),
  ('v-h3-bu-an', 'course-mandarin-1', '不安', 'bù ān', 'unpeaceful', 'word', 3, null, null),
  ('v-h3-bu-bi', 'course-mandarin-1', '不必', 'bù bì', 'need not', 'word', 3, null, null),
  ('v-h3-bu-duan', 'course-mandarin-1', '不断', 'bù duàn', 'unceasing', 'word', 3, null, null),
  ('v-h3-bu-guang', 'course-mandarin-1', '不光', 'bù guāng', 'not the only one', 'word', 3, null, null),
  ('v-h3-bu-2', 'course-mandarin-1', '布', 'bù', 'variant of 布', 'word', 3, null, null),
  ('v-h3-bu-3', 'course-mandarin-1', '步', 'Bù', 'surname Bu', 'word', 3, null, null),
  ('v-h3-bu-4', 'course-mandarin-1', '部', 'bù', 'ministry', 'word', 3, null, null),
  ('v-h3-cai-neng', 'course-mandarin-1', '才能', 'cái néng', 'talent', 'word', 3, null, null),
  ('v-h3-cai-qu', 'course-mandarin-1', '采取', 'cǎi qǔ', 'to adopt or carry out (measures, policies, course of action)', 'word', 3, null, null),
  ('v-h3-cai-yong', 'course-mandarin-1', '采用', 'cǎi yòng', 'to adopt', 'word', 3, null, null),
  ('v-h3-cai-se', 'course-mandarin-1', '彩色', 'cǎi sè', 'color', 'word', 3, null, null),
  ('v-h3-ceng-jing', 'course-mandarin-1', '曾经', 'céng jīng', 'once', 'word', 3, null, null),
  ('v-h3-chan-sheng', 'course-mandarin-1', '产生', 'chǎn shēng', 'to arise; to come into being; to come about', 'word', 3, null, null),
  ('v-h3-han', 'course-mandarin-1', '厂', 'hǎn', '"cliff" radical in Chinese characters (Kangxi radical 27), occurring in 原, 历, 压 etc', 'word', 3, null, null),
  ('v-h3-chang-he', 'course-mandarin-1', '场合', 'chǎng hé', 'situation', 'word', 3, null, null),
  ('v-h3-chang-suo', 'course-mandarin-1', '场所', 'chǎng suǒ', 'location', 'word', 3, null, null),
  ('v-h3-chao-ji', 'course-mandarin-1', '超级', 'chāo jí', 'super-', 'word', 3, null, null),
  ('v-h3-chao', 'course-mandarin-1', '朝', 'Cháo', 'abbr. for 朝鲜 Korea', 'word', 3, null, null),
  ('v-h3-chao-2', 'course-mandarin-1', '吵', 'chǎo', 'to quarrel', 'word', 3, null, null),
  ('v-h3-chao-jia', 'course-mandarin-1', '吵架', 'chǎo jià', 'to quarrel', 'word', 3, null, null),
  ('v-h3-chen-shan', 'course-mandarin-1', '衬衫', 'chèn shān', 'shirt', 'word', 3, null, null),
  ('v-h3-chen-yi', 'course-mandarin-1', '衬衣', 'chèn yī', 'shirt', 'word', 3, null, null),
  ('v-h3-cheng-wei', 'course-mandarin-1', '称为', 'chēng wéi', 'to be called; to be known as; to call it "..."', 'word', 3, null, null),
  ('v-h3-cheng-gong', 'course-mandarin-1', '成功', 'Chéng gōng', 'Chenggong or Chengkung town in Taitung County 台东县, southeast Taiwan', 'word', 3, null, null),
  ('v-h3-cheng-guo', 'course-mandarin-1', '成果', 'chéng guǒ', 'result', 'word', 3, null, null),
  ('v-h3-cheng-jiu', 'course-mandarin-1', '成就', 'chéng jiù', 'accomplishment', 'word', 3, null, null),
  ('v-h3-cheng-li', 'course-mandarin-1', '成立', 'chéng lì', 'to establish', 'word', 3, null, null),
  ('v-h3-cheng-shu', 'course-mandarin-1', '成熟', 'chéng shú', 'mature; ripe', 'word', 3, null, null),
  ('v-h3-cheng-yuan', 'course-mandarin-1', '成员', 'chéng yuán', 'member', 'word', 3, null, null),
  ('v-h3-cheng-zhang', 'course-mandarin-1', '成长', 'chéng zhǎng', 'to mature', 'word', 3, null, null),
  ('v-h3-cheng', 'course-mandarin-1', '城', 'chéng', 'city walls', 'word', 3, null, null),
  ('v-h3-cheng-shi', 'course-mandarin-1', '城市', 'chéng shì', 'city; town', 'word', 3, null, null),
  ('v-h3-cheng-du', 'course-mandarin-1', '程度', 'chéng dù', 'degree; level; extent', 'word', 3, null, null),
  ('v-h3-chong-man', 'course-mandarin-1', '充满', 'chōng mǎn', 'full of', 'word', 3, null, null),
  ('v-h3-chu', 'course-mandarin-1', '初', 'chū', 'at first', 'word', 3, null, null),
  ('v-h3-chu-bu', 'course-mandarin-1', '初步', 'chū bù', 'initial', 'word', 3, null, null),
  ('v-h3-chu-ji', 'course-mandarin-1', '初级', 'chū jí', 'junior', 'word', 3, null, null),
  ('v-h3-chu-zhong', 'course-mandarin-1', '初中', 'chū zhōng', 'junior high school (abbr. for 初级中学)', 'word', 3, null, null),
  ('v-h3-chu-le', 'course-mandarin-1', '除了', 'chú le', 'besides', 'word', 3, null, null),
  ('v-h3-chuan', 'course-mandarin-1', '传', 'chuán', 'to pass on', 'word', 3, null, null),
  ('v-h3-chuan-lai', 'course-mandarin-1', '传来', 'chuán lái', '(of a sound) to come through', 'word', 3, null, null),
  ('v-h3-chuang-xin', 'course-mandarin-1', '创新', 'chuàng xīn', 'to bring forth new ideas; to blaze new trails', 'word', 3, null, null),
  ('v-h3-chuang-ye', 'course-mandarin-1', '创业', 'chuàng yè', 'to begin an undertaking', 'word', 3, null, null),
  ('v-h3-chuang-zao', 'course-mandarin-1', '创造', 'chuàng zào', 'to create', 'word', 3, null, null),
  ('v-h3-chuang-zuo', 'course-mandarin-1', '创作', 'chuàng zuò', 'to create', 'word', 3, null, null),
  ('v-h3-cong-lai', 'course-mandarin-1', '从来', 'cóng lái', 'always', 'word', 3, null, null),
  ('v-h3-cong-qian', 'course-mandarin-1', '从前', 'cóng qián', 'previously', 'word', 3, null, null),
  ('v-h3-cong-shi', 'course-mandarin-1', '从事', 'cóng shì', 'to go for', 'word', 3, null, null),
  ('v-h3-cun', 'course-mandarin-1', '村', 'cūn', 'village', 'word', 3, null, null),
  ('v-h3-cun-2', 'course-mandarin-1', '存', 'cún', 'to exist', 'word', 3, null, null),
  ('v-h3-cun-zai', 'course-mandarin-1', '存在', 'cún zài', 'to exist', 'word', 3, null, null),
  ('v-h3-cuo-wu', 'course-mandarin-1', '错误', 'cuò wù', 'mistaken; false; wrong', 'word', 3, null, null),
  ('v-h3-da-po', 'course-mandarin-1', '打破', 'dǎ pò', 'to break; to smash', 'word', 3, null, null),
  ('v-h3-da-ting', 'course-mandarin-1', '打听', 'dǎ ting', 'to ask about', 'word', 3, null, null),
  ('v-h3-da-fu', 'course-mandarin-1', '大夫', 'dà fū', 'senior official (in imperial China)', 'word', 3, null, null),
  ('v-h3-da-gai', 'course-mandarin-1', '大概', 'dà gài', 'roughly', 'word', 3, null, null),
  ('v-h3-da-shi-guan', 'course-mandarin-1', '大使馆', 'dà shǐ guǎn', 'embassy', 'word', 3, null, null),
  ('v-h3-dai', 'course-mandarin-1', '代', 'dài', 'to substitute', 'word', 3, null, null),
  ('v-h3-dai-biao', 'course-mandarin-1', '代表', 'dài biǎo', 'representative', 'word', 3, null, null),
  ('v-h3-dai-biao-tuan', 'course-mandarin-1', '代表团', 'dài biǎo tuán', 'delegation', 'word', 3, null, null),
  ('v-h3-dai-ling', 'course-mandarin-1', '带领', 'dài lǐng', 'to guide', 'word', 3, null, null),
  ('v-h3-dan-yuan', 'course-mandarin-1', '单元', 'dān yuán', 'unit (forming an entity)', 'word', 3, null, null),
  ('v-h3-dang-chu', 'course-mandarin-1', '当初', 'dāng chū', 'at that time', 'word', 3, null, null),
  ('v-h3-dang-di', 'course-mandarin-1', '当地', 'dāng dì', 'local', 'word', 3, null, null),
  ('v-h3-dang-ran', 'course-mandarin-1', '当然', 'dāng rán', 'only natural', 'word', 3, null, null),
  ('v-h3-dang-zhong', 'course-mandarin-1', '当中', 'dāng zhōng', 'among', 'word', 3, null, null),
  ('v-h3-dao', 'course-mandarin-1', '刀', 'Dāo', 'surname Dao', 'word', 3, null, null),
  ('v-h3-dao-yan', 'course-mandarin-1', '导演', 'dǎo yǎn', 'to direct', 'noun', 3, null, null),
  ('v-h3-dao-da', 'course-mandarin-1', '到达', 'dào dá', 'to reach; to arrive', 'word', 3, null, null),
  ('v-h3-de-fen', 'course-mandarin-1', '得分', 'dé fēn', 'to score', 'word', 3, null, null),
  ('v-h3-di-qu', 'course-mandarin-1', '地区', 'dì qū', 'local', 'word', 3, null, null),
  ('v-h3-deng-dai', 'course-mandarin-1', '等待', 'děng dài', 'to wait; to wait for', 'word', 3, null, null),
  ('v-h3-di-xia', 'course-mandarin-1', '底下', 'dǐ xia', 'the location below sth', 'word', 3, null, null),
  ('v-h3-dian-shi-ju', 'course-mandarin-1', '电视剧', 'diàn shì jù', 'TV series', 'word', 3, null, null),
  ('v-h3-dian-shi-tai', 'course-mandarin-1', '电视台', 'diàn shì tái', 'television station', 'word', 3, null, null),
  ('v-h3-dian-tai', 'course-mandarin-1', '电台', 'diàn tái', 'transmitter-receiver', 'word', 3, null, null),
  ('v-h3-dian-zi-you-jian', 'course-mandarin-1', '电子邮件', 'diàn zǐ yóu jiàn', 'email', 'noun', 3, null, null),
  ('v-h3-diao', 'course-mandarin-1', '调', 'diào', 'to transfer', 'word', 3, null, null),
  ('v-h3-diao-cha', 'course-mandarin-1', '调查', 'diào chá', 'investigation', 'word', 3, null, null),
  ('v-h3-ding-qi', 'course-mandarin-1', '定期', 'dìng qī', 'at set dates', 'word', 3, null, null),
  ('v-h3-dong-bu', 'course-mandarin-1', '东部', 'dōng bù', 'the east', 'word', 3, null, null),
  ('v-h3-dong-li', 'course-mandarin-1', '动力', 'dòng lì', 'motive power', 'word', 3, null, null),
  ('v-h3-dong-ren', 'course-mandarin-1', '动人', 'dòng rén', 'touching', 'word', 3, null, null),
  ('v-h3-du-zhe', 'course-mandarin-1', '读者', 'dú zhě', 'reader', 'word', 3, null, null),
  ('v-h3-duan-chu', 'course-mandarin-1', '短处', 'duǎn chù', 'shortcoming', 'word', 3, null, null),
  ('v-h3-duan-ku', 'course-mandarin-1', '短裤', 'duǎn kù', 'short pants', 'word', 3, null, null),
  ('v-h3-duan-qi', 'course-mandarin-1', '短期', 'duǎn qī', 'short term', 'word', 3, null, null),
  ('v-h3-duan', 'course-mandarin-1', '断', 'duàn', 'to break', 'word', 3, null, null),
  ('v-h3-dui-dai', 'course-mandarin-1', '对待', 'duì dài', 'to treat', 'word', 3, null, null),
  ('v-h3-dui-shou', 'course-mandarin-1', '对手', 'duì shǒu', 'opponent', 'word', 3, null, null),
  ('v-h3-dui-xiang', 'course-mandarin-1', '对象', 'duì xiàng', 'target; object', 'word', 3, null, null),
  ('v-h3-fa-biao', 'course-mandarin-1', '发表', 'fā biǎo', 'to issue', 'word', 3, null, null),
  ('v-h3-fa-da', 'course-mandarin-1', '发达', 'fā dá', 'well-developed; flourishing', 'word', 3, null, null),
  ('v-h3-fa-ming', 'course-mandarin-1', '发明', 'fā míng', 'to invent', 'word', 3, null, null),
  ('v-h3-fa-song', 'course-mandarin-1', '发送', 'fā sòng', 'to transmit', 'word', 3, null, null),
  ('v-h3-fa-yan', 'course-mandarin-1', '发言', 'fā yán', 'to make a speech', 'word', 3, null, null),
  ('v-h3-fa-zhan', 'course-mandarin-1', '发展', 'fā zhǎn', 'development', 'word', 3, null, null),
  ('v-h3-fan-fu', 'course-mandarin-1', '反复', 'fǎn fù', 'variant of 反复', 'word', 3, null, null),
  ('v-h3-fan-ying', 'course-mandarin-1', '反应', 'fǎn yìng', 'to react', 'verb', 3, null, null),
  ('v-h3-fan-zheng', 'course-mandarin-1', '反正', 'fǎn zhèng', 'anyway', 'word', 3, null, null),
  ('v-h3-fan-wei', 'course-mandarin-1', '范围', 'fàn wéi', 'range', 'word', 3, null, null),
  ('v-h3-fang-shi', 'course-mandarin-1', '方式', 'fāng shì', 'way; manner; style; mode; pattern', 'word', 3, null, null),
  ('v-h3-fang-zhi', 'course-mandarin-1', '防止', 'fáng zhǐ', 'to prevent', 'word', 3, null, null),
  ('v-h3-fang-dong', 'course-mandarin-1', '房东', 'fáng dōng', 'landlord', 'word', 3, null, null),
  ('v-h3-fang-wu', 'course-mandarin-1', '房屋', 'fáng wū', 'house', 'word', 3, null, null),
  ('v-h3-fang-zu', 'course-mandarin-1', '房租', 'fáng zū', 'rent for a room or house', 'word', 3, null, null),
  ('v-h3-fang-dao', 'course-mandarin-1', '放到', 'fàng dào', 'Put in', 'word', 3, null, null),
  ('v-h3-fei', 'course-mandarin-1', '费', 'Fèi', 'surname Fei', 'word', 3, null, null),
  ('v-h3-fei-yong', 'course-mandarin-1', '费用', 'fèi yòng', 'cost', 'word', 3, null, null),
  ('v-h3-fen-zu', 'course-mandarin-1', '分组', 'fēn zǔ', 'to divide into groups', 'word', 3, null, null),
  ('v-h3-feng-fu', 'course-mandarin-1', '丰富', 'fēng fù', 'to enrich', 'word', 3, null, null),
  ('v-h3-feng-xian', 'course-mandarin-1', '风险', 'fēng xiǎn', 'risk; hazard', 'word', 3, null, null),
  ('v-h3-fou-ding', 'course-mandarin-1', '否定', 'fǒu dìng', 'to negate', 'word', 3, null, null),
  ('v-h3-fou-ren', 'course-mandarin-1', '否认', 'fǒu rèn', 'to declare to be untrue', 'word', 3, null, null),
  ('v-h3-fu-zhuang', 'course-mandarin-1', '服装', 'fú zhuāng', 'dress', 'word', 3, null, null),
  ('v-h3-fu', 'course-mandarin-1', '福', 'Fú', 'surname Fu', 'word', 3, null, null),
  ('v-h3-fu-mu', 'course-mandarin-1', '父母', 'fù mǔ', 'father and mother; parents', 'word', 3, null, null),
  ('v-h3-fu-qin', 'course-mandarin-1', '父亲', 'fù qīn', 'father', 'word', 3, null, null),
  ('v-h3-fu-2', 'course-mandarin-1', '付', 'Fù', 'surname Fu', 'word', 3, null, null),
  ('v-h3-fu-ze', 'course-mandarin-1', '负责', 'fù zé', 'to be in charge of', 'word', 3, null, null),
  ('v-h3-fu-yin', 'course-mandarin-1', '复印', 'fù yìn', 'to photocopy', 'word', 3, null, null),
  ('v-h3-fu-za', 'course-mandarin-1', '复杂', 'fù zá', 'complicated; complex', 'word', 3, null, null),
  ('v-h3-fu-3', 'course-mandarin-1', '富', 'Fù', 'surname Fu', 'word', 3, null, null),
  ('v-h3-gai-zao', 'course-mandarin-1', '改造', 'gǎi zào', 'to transform', 'word', 3, null, null),
  ('v-h3-gan', 'course-mandarin-1', '赶', 'gǎn', 'to overtake; to catch up with', 'word', 3, null, null),
  ('v-h3-gan-dao', 'course-mandarin-1', '赶到', 'gǎn dào', 'to hurry (to some place)', 'word', 3, null, null),
  ('v-h3-gan-jin', 'course-mandarin-1', '赶紧', 'gǎn jǐn', 'hurriedly', 'word', 3, null, null),
  ('v-h3-gan-kuai', 'course-mandarin-1', '赶快', 'gǎn kuài', 'quickly; at once', 'word', 3, null, null),
  ('v-h3-gan-2', 'course-mandarin-1', '敢', 'gǎn', 'to dare', 'word', 3, null, null),
  ('v-h3-gan-mao', 'course-mandarin-1', '感冒', 'gǎn mào', 'to catch cold', 'word', 3, null, null),
  ('v-h3-gan-qing', 'course-mandarin-1', '感情', 'gǎn qíng', 'emotion', 'word', 3, null, null),
  ('v-h3-gan-shou', 'course-mandarin-1', '感受', 'gǎn shòu', 'to sense', 'word', 3, null, null),
  ('v-h3-gan-ma', 'course-mandarin-1', '干吗', 'gàn má', 'see 干嘛', 'word', 3, null, null),
  ('v-h3-gao-su', 'course-mandarin-1', '高速', 'gāo sù', 'high speed', 'word', 3, null, null),
  ('v-h3-gao-su-gong-lu', 'course-mandarin-1', '高速公路', 'gāo sù gōng lù', 'expressway; highway; freeway', 'word', 3, null, null),
  ('v-h3-ge-mi', 'course-mandarin-1', '歌迷', 'gē mí', 'fan of a singer', 'word', 3, null, null),
  ('v-h3-ge-sheng', 'course-mandarin-1', '歌声', 'gē shēng', 'singing voice', 'word', 3, null, null),
  ('v-h3-ge-shou', 'course-mandarin-1', '歌手', 'gē shǒu', 'singer', 'word', 3, null, null),
  ('v-h3-ge-ren', 'course-mandarin-1', '个人', 'gè rén', 'individual', 'word', 3, null, null),
  ('v-h3-ge-xing', 'course-mandarin-1', '个性', 'gè xìng', 'individuality', 'word', 3, null, null),
  ('v-h3-ge', 'course-mandarin-1', '各', 'gè', 'each', 'word', 3, null, null),
  ('v-h3-ge-zhong', 'course-mandarin-1', '各种', 'gè zhǒng', 'every kind of; all kinds of; various', 'word', 3, null, null),
  ('v-h3-ge-zi', 'course-mandarin-1', '各自', 'gè zì', 'each', 'word', 3, null, null),
  ('v-h3-gen-ben', 'course-mandarin-1', '根本', 'gēn běn', 'fundamental', 'word', 3, null, null),
  ('v-h3-geng-jia', 'course-mandarin-1', '更加', 'gèng jiā', 'more (than sth else)', 'word', 3, null, null),
  ('v-h3-gong-chang', 'course-mandarin-1', '工厂', 'gōng chǎng', 'factory', 'word', 3, null, null),
  ('v-h3-gong-cheng-shi', 'course-mandarin-1', '工程师', 'gōng chéng shī', 'engineer', 'word', 3, null, null),
  ('v-h3-gong-fu', 'course-mandarin-1', '工夫', 'gōng fū', '(old) laborer', 'word', 3, null, null),
  ('v-h3-gong-ju', 'course-mandarin-1', '工具', 'gōng jù', 'tool', 'word', 3, null, null),
  ('v-h3-gong-ye', 'course-mandarin-1', '工业', 'gōng yè', 'industry', 'word', 3, null, null),
  ('v-h3-gong-zi', 'course-mandarin-1', '工资', 'gōng zī', 'wages; pay', 'word', 3, null, null),
  ('v-h3-gong-bu', 'course-mandarin-1', '公布', 'gōng bù', 'to announce', 'word', 3, null, null),
  ('v-h3-gong-min', 'course-mandarin-1', '公民', 'gōng mín', 'citizen', 'word', 3, null, null),
  ('v-h3-gong-wu-yuan', 'course-mandarin-1', '公务员', 'gōng wù yuán', 'functionary', 'word', 3, null, null),
  ('v-h3-gong-fu-2', 'course-mandarin-1', '功夫', 'gōng fu', 'skill', 'word', 3, null, null),
  ('v-h3-gong-ke', 'course-mandarin-1', '功课', 'gōng kè', 'homework', 'word', 3, null, null),
  ('v-h3-gong-neng', 'course-mandarin-1', '功能', 'gōng néng', 'function; capability', 'word', 3, null, null),
  ('v-h3-gong-tong', 'course-mandarin-1', '共同', 'gòng tóng', 'common', 'word', 3, null, null),
  ('v-h3-gong-you', 'course-mandarin-1', '共有', 'gòng yǒu', 'to have altogether', 'word', 3, null, null),
  ('v-h3-gu-niang', 'course-mandarin-1', '姑娘', 'gū niang', 'girl', 'word', 3, null, null),
  ('v-h3-gu', 'course-mandarin-1', '古', 'Gǔ', 'surname Gu', 'word', 3, null, null),
  ('v-h3-gu-dai', 'course-mandarin-1', '古代', 'gǔ dài', 'ancient times', 'word', 3, null, null),
  ('v-h3-gu-xiang', 'course-mandarin-1', '故乡', 'gù xiāng', 'home', 'word', 3, null, null),
  ('v-h3-guan-xi', 'course-mandarin-1', '关系', 'guān xi', 'relation', 'word', 3, null, null),
  ('v-h3-guan-zhu', 'course-mandarin-1', '关注', 'guān zhù', 'to pay attention to', 'word', 3, null, null),
  ('v-h3-guan-cha', 'course-mandarin-1', '观察', 'guān chá', 'to observe; to watch; to survey', 'word', 3, null, null),
  ('v-h3-guan-kan', 'course-mandarin-1', '观看', 'guān kàn', 'to watch; to view', 'word', 3, null, null),
  ('v-h3-guan-nian', 'course-mandarin-1', '观念', 'guān niàn', 'notion', 'word', 3, null, null),
  ('v-h3-guan-zhong', 'course-mandarin-1', '观众', 'guān zhòng', 'spectators', 'word', 3, null, null),
  ('v-h3-guan', 'course-mandarin-1', '管', 'guǎn', 'variant of 管', 'word', 3, null, null),
  ('v-h3-guan-li', 'course-mandarin-1', '管理', 'guǎn lǐ', 'to supervise', 'verb', 3, null, null),
  ('v-h3-guang', 'course-mandarin-1', '光', 'guāng', 'light; ray', 'word', 3, null, null),
  ('v-h3-guang-ming', 'course-mandarin-1', '光明', 'guāng míng', 'light', 'word', 3, null, null),
  ('v-h3-guang-bo', 'course-mandarin-1', '广播', 'guǎng bō', 'broadcast', 'verb', 3, null, null),
  ('v-h3-guang-da', 'course-mandarin-1', '广大', 'guǎng dà', '(of an area) vast or extensive', 'word', 3, null, null),
  ('v-h3-gui-fan', 'course-mandarin-1', '规范', 'guī fàn', 'norm', 'word', 3, null, null),
  ('v-h3-guo-nei', 'course-mandarin-1', '国内', 'guó nèi', 'domestic', 'word', 3, null, null),
  ('v-h3-guo-qing', 'course-mandarin-1', '国庆', 'Guó qìng', 'National Day', 'word', 3, null, null),
  ('v-h3-guo-ran', 'course-mandarin-1', '果然', 'guǒ rán', 'really', 'word', 3, null, null),
  ('v-h3-guo-zhi', 'course-mandarin-1', '果汁', 'guǒ zhī', 'fruit juice', 'word', 3, null, null),
  ('v-h3-guo-cheng', 'course-mandarin-1', '过程', 'guò chéng', 'course of events', 'word', 3, null, null),
  ('v-h3-ha-ha', 'course-mandarin-1', '哈哈', 'hā hā', '(onom.) laughing out loud', 'word', 3, null, null),
  ('v-h3-hai-pa', 'course-mandarin-1', '害怕', 'hài pà', 'to be afraid', 'word', 3, null, null),
  ('v-h3-hao-hao', 'course-mandarin-1', '好好', 'hǎo hǎo', 'well', 'word', 3, null, null),
  ('v-h3-hao-qi', 'course-mandarin-1', '好奇', 'hào qí', 'inquisitive', 'word', 3, null, null),
  ('v-h3-ge-2', 'course-mandarin-1', '合', 'gě', '100 ml', 'word', 3, null, null),
  ('v-h3-he-fa', 'course-mandarin-1', '合法', 'hé fǎ', 'lawful', 'word', 3, null, null),
  ('v-h3-he-zuo', 'course-mandarin-1', '合作', 'hé zuò', 'to cooperate', 'verb', 3, null, null),
  ('v-h3-he-ping', 'course-mandarin-1', '和平', 'Hé píng', 'Heping District of Shenyang city 沈阳市, Liaoning', 'word', 3, null, null),
  ('v-h3-hu-lian-wang', 'course-mandarin-1', '互联网', 'Hù lián wǎng', 'Internet', 'word', 3, null, null),
  ('v-h3-hu-xiang', 'course-mandarin-1', '互相', 'hù xiāng', 'each other', 'word', 3, null, null),
  ('v-h3-hua-ren', 'course-mandarin-1', '华人', 'Huá rén', 'ethnic Chinese person or people', 'word', 3, null, null),
  ('v-h3-hua', 'course-mandarin-1', '化', 'huā', 'variant of 花', 'word', 3, null, null),
  ('v-h3-hua-chuan', 'course-mandarin-1', '划船', 'huá chuán', 'to row a boat', 'word', 3, null, null),
  ('v-h3-hua-ju', 'course-mandarin-1', '话剧', 'huà jù', 'stage play', 'word', 3, null, null),
  ('v-h3-huan-le', 'course-mandarin-1', '欢乐', 'huān lè', 'gaiety', 'word', 3, null, null),
  ('v-h3-huan', 'course-mandarin-1', '环', 'Huán', 'surname Huan', 'word', 3, null, null),
  ('v-h3-huan-bao', 'course-mandarin-1', '环保', 'huán bǎo', 'environmental protection', 'word', 3, null, null),
  ('v-h3-huan-jing', 'course-mandarin-1', '环境', 'huán jìng', 'environment', 'word', 3, null, null),
  ('v-h3-hui-yuan', 'course-mandarin-1', '会员', 'huì yuán', 'member', 'word', 3, null, null),
  ('v-h3-huo', 'course-mandarin-1', '活', 'huó', 'to live', 'word', 3, null, null),
  ('v-h3-huo-2', 'course-mandarin-1', '火', 'Huǒ', 'surname Huo', 'word', 3, null, null),
  ('v-h3-ji-qi', 'course-mandarin-1', '机器', 'jī qì', 'machine', 'word', 3, null, null),
  ('v-h3-ji-ji', 'course-mandarin-1', '积极', 'jī jí', 'active', 'word', 3, null, null),
  ('v-h3-ji-ji-xing', 'course-mandarin-1', '积极性', 'jī jí xìng', 'zeal', 'word', 3, null, null),
  ('v-h3-ji-ben', 'course-mandarin-1', '基本', 'jī běn', 'basic', 'word', 3, null, null),
  ('v-h3-ji-ben-shang', 'course-mandarin-1', '基本上', 'jī běn shang', 'basically', 'word', 3, null, null),
  ('v-h3-ji-chu', 'course-mandarin-1', '基础', 'jī chǔ', 'base; foundation; basis', 'word', 3, null, null),
  ('v-h3-ji-shi', 'course-mandarin-1', '及时', 'jí shí', 'timely; at the right time', 'word', 3, null, null),
  ('v-h3-ji-le', 'course-mandarin-1', '极了', 'jí le', 'extremely', 'word', 3, null, null),
  ('v-h3-ji-ti', 'course-mandarin-1', '集体', 'jí tǐ', 'collective (decision)', 'word', 3, null, null),
  ('v-h3-ji-suan', 'course-mandarin-1', '计算', 'jì suàn', 'to count', 'word', 3, null, null),
  ('v-h3-ji-lu', 'course-mandarin-1', '记录', 'jì lù', 'to record', 'word', 3, null, null),
  ('v-h3-ji-nian', 'course-mandarin-1', '纪念', 'jì niàn', 'to commemorate; to honor the memory of', 'word', 3, null, null),
  ('v-h3-ji-shu', 'course-mandarin-1', '技术', 'jì shù', 'technology; technique; skill', 'word', 3, null, null),
  ('v-h3-jia-kuai', 'course-mandarin-1', '加快', 'jiā kuài', 'to accelerate', 'word', 3, null, null),
  ('v-h3-jia-ju', 'course-mandarin-1', '家具', 'jiā jù', 'furniture', 'word', 3, null, null),
  ('v-h3-jia-shu', 'course-mandarin-1', '家属', 'jiā shǔ', 'family member', 'word', 3, null, null),
  ('v-h3-jia-xiang', 'course-mandarin-1', '家乡', 'jiā xiāng', 'hometown', 'word', 3, null, null),
  ('v-h3-jia-ge', 'course-mandarin-1', '价格', 'jià gé', 'price', 'word', 3, null, null),
  ('v-h3-jia-qian', 'course-mandarin-1', '价钱', 'jià qian', 'price', 'word', 3, null, null),
  ('v-h3-jia-zhi', 'course-mandarin-1', '价值', 'jià zhí', 'value', 'word', 3, null, null),
  ('v-h3-jia', 'course-mandarin-1', '架', 'jià', 'to support', 'word', 3, null, null),
  ('v-h3-jian-jue', 'course-mandarin-1', '坚决', 'jiān jué', 'firm; resolute; determined', 'word', 3, null, null),
  ('v-h3-jian-qiang', 'course-mandarin-1', '坚强', 'jiān qiáng', 'staunch', 'word', 3, null, null),
  ('v-h3-jian-dan', 'course-mandarin-1', '简单', 'jiǎn dān', 'simple', 'word', 3, null, null),
  ('v-h3-jian-zhi', 'course-mandarin-1', '简直', 'jiǎn zhí', 'simply; really', 'word', 3, null, null),
  ('v-h3-jian', 'course-mandarin-1', '建', 'jiàn', 'to establish', 'word', 3, null, null),
  ('v-h3-jian-cheng', 'course-mandarin-1', '建成', 'jiàn chéng', 'to establish', 'word', 3, null, null),
  ('v-h3-jian-li', 'course-mandarin-1', '建立', 'jiàn lì', 'to establish', 'word', 3, null, null),
  ('v-h3-jiang-jin', 'course-mandarin-1', '将近', 'jiāng jìn', 'almost', 'word', 3, null, null),
  ('v-h3-jiang-lai', 'course-mandarin-1', '将来', 'jiāng lái', 'in the future', 'word', 3, null, null),
  ('v-h3-jiao-fei', 'course-mandarin-1', '交费', 'jiāo fèi', 'to pay a fee', 'word', 3, null, null),
  ('v-h3-jiao-jing', 'course-mandarin-1', '交警', 'jiāo jǐng', 'traffic police (abbr. for 察)', 'word', 3, null, null),
  ('v-h3-jiao-wang', 'course-mandarin-1', '交往', 'jiāo wǎng', 'to associate (with)', 'verb', 3, null, null),
  ('v-h3-jiao-yi', 'course-mandarin-1', '交易', 'jiāo yì', 'to deal; to trade; to transact', 'word', 3, null, null),
  ('v-h3-jiao-lian', 'course-mandarin-1', '教练', 'jiào liàn', 'instructor', 'word', 3, null, null),
  ('v-h3-jie-he', 'course-mandarin-1', '结合', 'jié hé', 'to combine', 'word', 3, null, null),
  ('v-h3-jie-hun', 'course-mandarin-1', '结婚', 'jié hūn', 'to marry', 'word', 3, null, null),
  ('v-h3-jie-shi', 'course-mandarin-1', '结实', 'jiē shí', 'to bear fruit', 'word', 3, null, null),
  ('v-h3-jie-shu', 'course-mandarin-1', '结束', 'jié shù', 'termination', 'word', 3, null, null),
  ('v-h3-jie-jue', 'course-mandarin-1', '解决', 'jiě jué', 'to solve; to resolve; to settle (a problem)', 'word', 3, null, null),
  ('v-h3-jie-kai', 'course-mandarin-1', '解开', 'jiě kāi', 'to untie', 'word', 3, null, null),
  ('v-h3-jin', 'course-mandarin-1', '金', 'Jīn', 'surname Jin', 'word', 3, null, null),
  ('v-h3-jin-pai', 'course-mandarin-1', '金牌', 'jīn pái', 'gold medal', 'word', 3, null, null),
  ('v-h3-jin-2', 'course-mandarin-1', '仅', 'jǐn', 'barely', 'word', 3, null, null),
  ('v-h3-jin-jin', 'course-mandarin-1', '仅仅', 'jǐn jǐn', 'barely', 'word', 3, null, null),
  ('v-h3-jin-liang', 'course-mandarin-1', '尽量', 'jǐn liàng', 'as much as possible', 'word', 3, null, null),
  ('v-h3-jin-3', 'course-mandarin-1', '紧', 'jǐn', 'tight', 'word', 3, null, null),
  ('v-h3-jin-ji', 'course-mandarin-1', '紧急', 'jǐn jí', 'urgent', 'word', 3, null, null),
  ('v-h3-jin-zhang', 'course-mandarin-1', '紧张', 'jǐn zhāng', 'nervous', 'word', 3, null, null),
  ('v-h3-jin-qi', 'course-mandarin-1', '近期', 'jìn qī', 'near in time', 'word', 3, null, null),
  ('v-h3-jin-yi-bu', 'course-mandarin-1', '进一步', 'jìn yī bù', 'to go a step further', 'word', 3, null, null),
  ('v-h3-jing-ju', 'course-mandarin-1', '京剧', 'Jīng jù', 'Beijing opera', 'word', 3, null, null),
  ('v-h3-jing-ying', 'course-mandarin-1', '经营', 'jīng yíng', 'to engage in (business etc); to run; to operate', 'word', 3, null, null),
  ('v-h3-jing-cai', 'course-mandarin-1', '精彩', 'jīng cǎi', 'wonderful', 'word', 3, null, null),
  ('v-h3-jing-shen', 'course-mandarin-1', '精神', 'jīng shén', 'spirit', 'word', 3, null, null),
  ('v-h3-jing-se', 'course-mandarin-1', '景色', 'jǐng sè', 'scenery', 'word', 3, null, null),
  ('v-h3-jing-cha', 'course-mandarin-1', '警察', 'jǐng chá', 'police; police officer', 'word', 3, null, null),
  ('v-h3-jing', 'course-mandarin-1', '静', 'jìng', 'still', 'word', 3, null, null),
  ('v-h3-jiu', 'course-mandarin-1', '久', 'jiǔ', '(long) time', 'word', 3, null, null),
  ('v-h3-jiu-2', 'course-mandarin-1', '救', 'jiù', 'variant of 救', 'word', 3, null, null),
  ('v-h3-jiu-shi', 'course-mandarin-1', '就是', 'jiù shì', 'exactly; precisely', 'word', 3, null, null),
  ('v-h3-jiu-ye', 'course-mandarin-1', '就业', 'jiù yè', 'to get a job', 'word', 3, null, null),
  ('v-h3-ju-you', 'course-mandarin-1', '具有', 'jù yǒu', 'to have; to possess', 'word', 3, null, null),
  ('v-h3-ju-chang', 'course-mandarin-1', '剧场', 'jù chǎng', 'theater', 'word', 3, null, null),
  ('v-h3-jue-sai', 'course-mandarin-1', '决赛', 'jué sài', 'finals (of a competition)', 'verb', 3, null, null),
  ('v-h3-jue-xin', 'course-mandarin-1', '决心', 'jué xīn', 'determination', 'word', 3, null, null),
  ('v-h3-jue-dui', 'course-mandarin-1', '绝对', 'jué duì', 'absolute', 'word', 3, null, null),
  ('v-h3-kai-fa', 'course-mandarin-1', '开发', 'kāi fā', 'to exploit (a resource)', 'word', 3, null, null),
  ('v-h3-kai-fang', 'course-mandarin-1', '开放', 'kāi fàng', 'to bloom', 'word', 3, null, null),
  ('v-h3-kai-shi', 'course-mandarin-1', '开始', 'kāi shǐ', 'to begin', 'word', 3, null, null),
  ('v-h3-kai-ye', 'course-mandarin-1', '开业', 'kāi yè', 'to open a business', 'word', 3, null, null),
  ('v-h3-kai-zhan', 'course-mandarin-1', '开展', 'kāi zhǎn', 'to launch', 'word', 3, null, null),
  ('v-h3-kan-qi-lai', 'course-mandarin-1', '看起来', 'kàn qǐ lai', 'seemingly', 'word', 3, null, null),
  ('v-h3-kan-shang-qu', 'course-mandarin-1', '看上去', 'kàn shang qu', 'it would appear', 'word', 3, null, null),
  ('v-h3-kao-yan', 'course-mandarin-1', '考验', 'kǎo yàn', 'to test', 'verb', 3, null, null),
  ('v-h3-ke-ji', 'course-mandarin-1', '科技', 'kē jì', 'science and technology', 'word', 3, null, null),
  ('v-h3-ke-kao', 'course-mandarin-1', '可靠', 'kě kào', 'reliable', 'word', 3, null, null),
  ('v-h3-ke-le', 'course-mandarin-1', '可乐', 'kě lè', 'amusing', 'word', 3, null, null),
  ('v-h3-ke-fu', 'course-mandarin-1', '克服', 'kè fú', '(try to) overcome (hardships etc)', 'word', 3, null, null),
  ('v-h3-ke-guan', 'course-mandarin-1', '客观', 'kè guān', 'objective', 'word', 3, null, null),
  ('v-h3-ke-cheng', 'course-mandarin-1', '课程', 'kè chéng', 'course', 'word', 3, null, null),
  ('v-h3-kong', 'course-mandarin-1', '空', 'kōng', 'empty', 'word', 3, null, null),
  ('v-h3-kong-r', 'course-mandarin-1', '空儿', 'kòng r', 'spare time', 'word', 3, null, null),
  ('v-h3-kong-pa', 'course-mandarin-1', '恐怕', 'kǒng pà', 'fear', 'word', 3, null, null),
  ('v-h3-ku-zi', 'course-mandarin-1', '裤子', 'kù zi', 'variant of 裤子, trousers', 'word', 3, null, null),
  ('v-h3-kuai-su', 'course-mandarin-1', '快速', 'kuài sù', 'fast; high-speed; rapid', 'word', 3, null, null),
  ('v-h3-kun', 'course-mandarin-1', '困', 'kùn', 'to trap', 'word', 3, null, null),
  ('v-h3-kun-nan', 'course-mandarin-1', '困难', 'kùn nan', 'difficult', 'word', 3, null, null),
  ('v-h3-lang-fei', 'course-mandarin-1', '浪费', 'làng fèi', 'to waste', 'word', 3, null, null),
  ('v-h3-lao-bai-xing', 'course-mandarin-1', '老百姓', 'lǎo bǎi xìng', 'ordinary people', 'word', 3, null, null),
  ('v-h3-lao-ban', 'course-mandarin-1', '老板', 'lǎo bǎn', 'variant of 老板', 'word', 3, null, null),
  ('v-h3-lao-tai-tai', 'course-mandarin-1', '老太太', 'lǎo tài tai', 'elderly lady (respectful)', 'word', 3, null, null),
  ('v-h3-lao-tou-r', 'course-mandarin-1', '老头儿', 'lǎo tóu r', 'see 老头子', 'word', 3, null, null),
  ('v-h3-le', 'course-mandarin-1', '乐', 'Lè', 'surname Le', 'word', 3, null, null),
  ('v-h3-yue-dui', 'course-mandarin-1', '乐队', 'yuè duì', 'band', 'word', 3, null, null),
  ('v-h3-le-guan', 'course-mandarin-1', '乐观', 'lè guān', 'optimistic', 'word', 3, null, null),
  ('v-h3-lei', 'course-mandarin-1', '类', 'lèi', 'kind', 'word', 3, null, null),
  ('v-h3-lei-si', 'course-mandarin-1', '类似', 'lèi sì', 'similar', 'word', 3, null, null),
  ('v-h3-li-hun', 'course-mandarin-1', '离婚', 'lí hūn', 'to divorce', 'word', 3, null, null),
  ('v-h3-li-lun', 'course-mandarin-1', '理论', 'lǐ lùn', 'theory', 'word', 3, null, null),
  ('v-h3-li', 'course-mandarin-1', '力', 'Lì', 'surname Li', 'word', 3, null, null),
  ('v-h3-li-liang', 'course-mandarin-1', '力量', 'lì liang', 'power', 'word', 3, null, null),
  ('v-h3-li-ke', 'course-mandarin-1', '立刻', 'lì kè', 'forthwith', 'word', 3, null, null),
  ('v-h3-li-yong', 'course-mandarin-1', '利用', 'lì yòng', 'to exploit', 'word', 3, null, null),
  ('v-h3-lian', 'course-mandarin-1', '连', 'Lián', 'surname Lian', 'word', 3, null, null),
  ('v-h3-lian-xu-ju', 'course-mandarin-1', '连续剧', 'lián xù jù', 'serialized drama', 'word', 3, null, null),
  ('v-h3-lian-he', 'course-mandarin-1', '联合', 'lián hé', 'to combine', 'word', 3, null, null),
  ('v-h3-lian-he-guo', 'course-mandarin-1', '联合国', 'Lián hé guó', 'United Nations', 'noun', 3, null, null),
  ('v-h3-lian-xi', 'course-mandarin-1', '联系', 'lián xì', 'variant of 联系', 'word', 3, null, null),
  ('v-h3-liang-shui', 'course-mandarin-1', '凉水', 'liáng shuǐ', 'cool water', 'word', 3, null, null),
  ('v-h3-ling', 'course-mandarin-1', '领', 'lǐng', 'neck', 'word', 3, null, null),
  ('v-h3-ling-dao', 'course-mandarin-1', '领导', 'lǐng dǎo', 'lead', 'word', 3, null, null),
  ('v-h3-ling-xian', 'course-mandarin-1', '领先', 'lǐng xiān', 'to lead', 'word', 3, null, null),
  ('v-h3-ling-wai', 'course-mandarin-1', '另外', 'lìng wài', 'additional', 'word', 3, null, null),
  ('v-h3-ling-yi-fang-mian', 'course-mandarin-1', '另一方面', 'lìng yī fāng miàn', 'on the other hand', 'word', 3, null, null),
  ('v-h3-long', 'course-mandarin-1', '龙', 'Lóng', 'surname Long', 'word', 3, null, null),
  ('v-h3-lu', 'course-mandarin-1', '录', 'lù', 'to carve wood', 'word', 3, null, null),
  ('v-h3-lu-yin', 'course-mandarin-1', '录音', 'lù yīn', 'to record (sound)', 'verb', 3, null, null),
  ('v-h3-lu-xian', 'course-mandarin-1', '路线', 'lù xiàn', 'itinerary', 'word', 3, null, null),
  ('v-h3-lu-guan', 'course-mandarin-1', '旅馆', 'lǚ guǎn', 'hotel', 'word', 3, null, null),
  ('v-h3-luo-hou', 'course-mandarin-1', '落后', 'luò hòu', 'to fall behind', 'word', 3, null, null),
  ('v-h3-ma-fan', 'course-mandarin-1', '麻烦', 'má fan', 'trouble; inconvenience', 'adjective', 3, null, null),
  ('v-h3-man-zu', 'course-mandarin-1', '满足', 'mǎn zú', 'to satisfy', 'word', 3, null, null),
  ('v-h3-man-man', 'course-mandarin-1', '慢慢', 'màn màn', 'slowly', 'word', 3, null, null),
  ('v-h3-mao-bing', 'course-mandarin-1', '毛病', 'máo bìng', 'fault', 'word', 3, null, null),
  ('v-h3-mei-yong', 'course-mandarin-1', '没用', 'méi yòng', 'useless', 'word', 3, null, null),
  ('v-h3-mei', 'course-mandarin-1', '美', 'Měi', '(bound form) the Americas (abbr. for 洲)', 'word', 3, null, null),
  ('v-h3-mei-hao', 'course-mandarin-1', '美好', 'měi hǎo', 'beautiful', 'word', 3, null, null),
  ('v-h3-mei-li', 'course-mandarin-1', '美丽', 'měi lì', 'beautiful', 'word', 3, null, null),
  ('v-h3-mei-shi', 'course-mandarin-1', '美食', 'měi shí', 'culinary delicacy', 'word', 3, null, null),
  ('v-h3-mei-yuan', 'course-mandarin-1', '美元', 'Měi yuán', 'American dollar', 'word', 3, null, null),
  ('v-h3-mi', 'course-mandarin-1', '迷', 'mí', 'to bewilder', 'word', 3, null, null),
  ('v-h3-mian-ji', 'course-mandarin-1', '面积', 'miàn jī', 'area (of a floor, piece of land etc)', 'word', 3, null, null),
  ('v-h3-min-jian', 'course-mandarin-1', '民间', 'mín jiān', 'among the people', 'word', 3, null, null),
  ('v-h3-min-zu', 'course-mandarin-1', '民族', 'mín zú', 'nationality; ethnic group', 'word', 3, null, null),
  ('v-h3-ming-que', 'course-mandarin-1', '明确', 'míng què', 'clear-cut; definite; explicit', 'word', 3, null, null),
  ('v-h3-ming-xian', 'course-mandarin-1', '明显', 'míng xiǎn', 'clear', 'word', 3, null, null),
  ('v-h3-ming-yun', 'course-mandarin-1', '命运', 'mìng yùn', 'fate; destiny', 'word', 3, null, null),
  ('v-h3-mou', 'course-mandarin-1', '某', 'mǒu', 'some', 'word', 3, null, null),
  ('v-h3-mu-qin', 'course-mandarin-1', '母亲', 'mǔ qīn', 'mother', 'word', 3, null, null),
  ('v-h3-mu-tou', 'course-mandarin-1', '木头', 'mù tou', 'slow-witted', 'word', 3, null, null),
  ('v-h3-mu-biao', 'course-mandarin-1', '目标', 'mù biāo', 'target', 'word', 3, null, null),
  ('v-h3-mu-qian', 'course-mandarin-1', '目前', 'mù qián', 'at the present time', 'word', 3, null, null),
  ('v-h3-nan-zi', 'course-mandarin-1', '男子', 'nán zǐ', 'a man; a male', 'word', 3, null, null),
  ('v-h3-nan-du', 'course-mandarin-1', '难度', 'nán dù', 'degree of difficulty', 'word', 3, null, null),
  ('v-h3-nei', 'course-mandarin-1', '内', 'nèi', 'inside', 'word', 3, null, null),
  ('v-h3-neng-buneng', 'course-mandarin-1', '能不能', 'néng bùnéng', 'Can you', 'noun', 3, null, null),
  ('v-h3-neng-li', 'course-mandarin-1', '能力', 'néng lì', 'capability', 'word', 3, null, null),
  ('v-h3-nian-dai', 'course-mandarin-1', '年代', 'nián dài', 'a decade of a century (e.g. the Sixties)', 'word', 3, null, null),
  ('v-h3-nian-ji', 'course-mandarin-1', '年纪', 'nián jì', 'age', 'word', 3, null, null),
  ('v-h3-nian', 'course-mandarin-1', '念', 'niàn', 'variant of 念, to read aloud', 'word', 3, null, null),
  ('v-h3-niu', 'course-mandarin-1', '牛', 'Niú', 'surname Niu', 'word', 3, null, null),
  ('v-h3-nong-cun', 'course-mandarin-1', '农村', 'nóng cūn', 'rural area', 'word', 3, null, null),
  ('v-h3-nong-min', 'course-mandarin-1', '农民', 'nóng mín', 'peasant', 'word', 3, null, null),
  ('v-h3-nu-zi', 'course-mandarin-1', '女子', 'nǚ zǐ', 'woman', 'word', 3, null, null),
  ('v-h3-nuan-huo', 'course-mandarin-1', '暖和', 'nuǎn huo', 'warm', 'word', 3, null, null),
  ('v-h3-pai', 'course-mandarin-1', '拍', 'pāi', 'to pat', 'word', 3, null, null),
  ('v-h3-pai-ming', 'course-mandarin-1', '排名', 'pái míng', 'to rank (1st, 2nd etc)', 'word', 3, null, null),
  ('v-h3-pai-2', 'course-mandarin-1', '派', 'pài', 'clique', 'word', 3, null, null),
  ('v-h3-pan-duan', 'course-mandarin-1', '判断', 'pàn duàn', 'to judge', 'word', 3, null, null),
  ('v-h3-pan', 'course-mandarin-1', '胖', 'pán', 'healthy', 'word', 3, null, null),
  ('v-h3-pao-bu', 'course-mandarin-1', '跑步', 'pǎo bù', 'to run', 'word', 3, null, null),
  ('v-h3-pi-ping', 'course-mandarin-1', '批评', 'pī píng', 'to criticize; criticism', 'word', 3, null, null),
  ('v-h3-pi', 'course-mandarin-1', '皮', 'Pí', 'surname Pi', 'word', 3, null, null),
  ('v-h3-pi-bao', 'course-mandarin-1', '皮包', 'pí bāo', 'handbag', 'word', 3, null, null),
  ('v-h3-piao-jia', 'course-mandarin-1', '票价', 'piào jià', 'ticket price; fare; admission fee', 'word', 3, null, null),
  ('v-h3-ping-jia', 'course-mandarin-1', '评价', 'píng jià', 'to evaluate', 'word', 3, null, null),
  ('v-h3-po', 'course-mandarin-1', '破', 'pò', 'broken', 'word', 3, null, null),
  ('v-h3-po-huai', 'course-mandarin-1', '破坏', 'pò huài', 'destruction', 'word', 3, null, null),
  ('v-h3-pu-bian', 'course-mandarin-1', '普遍', 'pǔ biàn', 'universal', 'word', 3, null, null),
  ('v-h3-pu-ji', 'course-mandarin-1', '普及', 'pǔ jí', 'to spread extensively', 'word', 3, null, null),
  ('v-h3-qi', 'course-mandarin-1', '期', 'qī', 'variant of 期', 'word', 3, null, null),
  ('v-h3-qi-2', 'course-mandarin-1', '齐', 'Qí', '(name of states and dynasties at several different periods)', 'word', 3, null, null),
  ('v-h3-qi-ci', 'course-mandarin-1', '其次', 'qí cì', 'next', 'word', 3, null, null),
  ('v-h3-qi-shi', 'course-mandarin-1', '其实', 'qí shí', 'actually; in fact; really', 'word', 3, null, null),
  ('v-h3-qi-guai', 'course-mandarin-1', '奇怪', 'qí guài', 'strange', 'word', 3, null, null),
  ('v-h3-qi-hou', 'course-mandarin-1', '气候', 'qì hòu', '(meteorology) climate', 'word', 3, null, null),
  ('v-h3-qian-wan', 'course-mandarin-1', '千万', 'qiān wàn', 'ten million', 'word', 3, null, null),
  ('v-h3-qian-hou', 'course-mandarin-1', '前后', 'qián hòu', 'around', 'word', 3, null, null),
  ('v-h3-qian-jin', 'course-mandarin-1', '前进', 'qián jìn', 'to go forward', 'word', 3, null, null),
  ('v-h3-qiang', 'course-mandarin-1', '强', 'Qiáng', 'surname Qiang', 'word', 3, null, null),
  ('v-h3-qiang-da', 'course-mandarin-1', '强大', 'qiáng dà', 'large', 'word', 3, null, null),
  ('v-h3-qiang-diao', 'course-mandarin-1', '强调', 'qiáng diào', 'to emphasize (a statement)', 'word', 3, null, null),
  ('v-h3-qiang-lie', 'course-mandarin-1', '强烈', 'qiáng liè', 'strong; intense', 'word', 3, null, null),
  ('v-h3-qiao', 'course-mandarin-1', '桥', 'qiáo', 'bridge', 'word', 3, null, null),
  ('v-h3-qiao-2', 'course-mandarin-1', '巧', 'qiǎo', 'opportunely', 'word', 3, null, null),
  ('v-h3-qin', 'course-mandarin-1', '亲', 'qīn', 'parent', 'word', 3, null, null),
  ('v-h3-qin-qie', 'course-mandarin-1', '亲切', 'qīn qiè', 'amiable', 'word', 3, null, null),
  ('v-h3-qin-zi', 'course-mandarin-1', '亲自', 'qīn zì', 'personally', 'word', 3, null, null),
  ('v-h3-qing-gan', 'course-mandarin-1', '情感', 'qíng gǎn', 'feeling', 'word', 3, null, null),
  ('v-h3-qing-kuang', 'course-mandarin-1', '情况', 'qíng kuàng', 'circumstances; state of affairs; situation', 'word', 3, null, null),
  ('v-h3-qing-jiao', 'course-mandarin-1', '请教', 'qǐng jiào', 'to ask for guidance', 'word', 3, null, null),
  ('v-h3-qiu-mi', 'course-mandarin-1', '球迷', 'qiú mí', 'fan (ball sports)', 'word', 3, null, null),
  ('v-h3-ou', 'course-mandarin-1', '区', 'Oū', 'surname Ou', 'word', 3, null, null),
  ('v-h3-qu-bie', 'course-mandarin-1', '区别', 'qū bié', 'difference', 'word', 3, null, null),
  ('v-h3-qu-shi', 'course-mandarin-1', '去世', 'qù shì', 'to pass away', 'word', 3, null, null),
  ('v-h3-quan-mian', 'course-mandarin-1', '全面', 'quán miàn', 'all-around', 'word', 3, null, null),
  ('v-h3-quan-qiu', 'course-mandarin-1', '全球', 'quán qiú', 'entire', 'word', 3, null, null),
  ('v-h3-que', 'course-mandarin-1', '缺', 'quē', 'deficiency', 'word', 3, null, null),
  ('v-h3-que-dian', 'course-mandarin-1', '缺点', 'quē diǎn', 'weak point', 'word', 3, null, null),
  ('v-h3-que-shao', 'course-mandarin-1', '缺少', 'quē shǎo', 'lack', 'word', 3, null, null),
  ('v-h3-que-bao', 'course-mandarin-1', '确保', 'què bǎo', 'to ensure; to guarantee', 'word', 3, null, null),
  ('v-h3-que-ding', 'course-mandarin-1', '确定', 'què dìng', 'definite', 'word', 3, null, null),
  ('v-h3-que-shi', 'course-mandarin-1', '确实', 'què shí', 'indeed', 'word', 3, null, null),
  ('v-h3-qun-zi', 'course-mandarin-1', '裙子', 'qún zi', 'skirt', 'word', 3, null, null),
  ('v-h3-qun', 'course-mandarin-1', '群', 'qún', 'variant of 群', 'word', 3, null, null),
  ('v-h3-re-ai', 'course-mandarin-1', '热爱', 'rè ài', 'to love ardently', 'word', 3, null, null),
  ('v-h3-re-lie', 'course-mandarin-1', '热烈', 'rè liè', 'enthusiastic', 'word', 3, null, null),
  ('v-h3-ren-cai', 'course-mandarin-1', '人才', 'rén cái', 'talent', 'word', 3, null, null),
  ('v-h3-ren-lei', 'course-mandarin-1', '人类', 'rén lèi', 'humanity', 'word', 3, null, null),
  ('v-h3-ren-min', 'course-mandarin-1', '人民', 'rén mín', 'the people', 'word', 3, null, null),
  ('v-h3-ren-min-bi', 'course-mandarin-1', '人民币', 'rén mín bì', 'Renminbi (RMB)', 'word', 3, null, null),
  ('v-h3-ren-qun', 'course-mandarin-1', '人群', 'rén qún', 'crowd', 'word', 3, null, null),
  ('v-h3-ren-yuan', 'course-mandarin-1', '人员', 'rén yuán', 'staff', 'word', 3, null, null),
  ('v-h3-ren-chu', 'course-mandarin-1', '认出', 'rèn chū', 'recognition', 'word', 3, null, null),
  ('v-h3-ren-de', 'course-mandarin-1', '认得', 'rèn de', 'to recognize', 'word', 3, null, null),
  ('v-h3-ren', 'course-mandarin-1', '任', 'Rén', 'surname Ren', 'word', 3, null, null),
  ('v-h3-ren-he', 'course-mandarin-1', '任何', 'rèn hé', 'any', 'word', 3, null, null),
  ('v-h3-reng', 'course-mandarin-1', '仍', 'réng', 'still; yet', 'word', 3, null, null),
  ('v-h3-rong-yi', 'course-mandarin-1', '容易', 'róng yì', 'easy; straightforward', 'word', 3, null, null),
  ('v-h3-ru-he', 'course-mandarin-1', '如何', 'rú hé', 'how', 'word', 3, null, null),
  ('v-h3-san-bu', 'course-mandarin-1', '散步', 'sàn bù', 'to take a walk; to go for a walk', 'word', 3, null, null),
  ('v-h3-sha-fa', 'course-mandarin-1', '沙发', 'shā fā', 'sofa (loanword)', 'word', 3, null, null),
  ('v-h3-sha-zi', 'course-mandarin-1', '沙子', 'shā zi', 'sand', 'word', 3, null, null),
  ('v-h3-shang', 'course-mandarin-1', '伤', 'shāng', 'to injure', 'word', 3, null, null),
  ('v-h3-shang-xin', 'course-mandarin-1', '伤心', 'shāng xīn', 'to grieve', 'word', 3, null, null),
  ('v-h3-shang-pin', 'course-mandarin-1', '商品', 'shāng pǐn', 'commodity', 'word', 3, null, null),
  ('v-h3-shang-ye', 'course-mandarin-1', '商业', 'shāng yè', 'business', 'word', 3, null, null),
  ('v-h3-shang-lai', 'course-mandarin-1', '上来', 'shàng lái', 'to come up', 'word', 3, null, null),
  ('v-h3-shang-mian', 'course-mandarin-1', '上面', 'shàng miàn', 'on top of', 'word', 3, null, null),
  ('v-h3-shang-qu', 'course-mandarin-1', '上去', 'shàng qù', 'to go up', 'word', 3, null, null),
  ('v-h3-shang-sheng', 'course-mandarin-1', '上升', 'shàng shēng', 'to rise', 'word', 3, null, null),
  ('v-h3-shang-yi', 'course-mandarin-1', '上衣', 'shàng yī', 'jacket', 'word', 3, null, null),
  ('v-h3-she-bei', 'course-mandarin-1', '设备', 'shè bèi', 'equipment; facilities; installations', 'word', 3, null, null),
  ('v-h3-she-li', 'course-mandarin-1', '设立', 'shè lì', 'to set up; to establish', 'word', 3, null, null),
  ('v-h3-she-hui', 'course-mandarin-1', '社会', 'shè huì', 'society', 'word', 3, null, null),
  ('v-h3-shen-fen-zheng', 'course-mandarin-1', '身份证', 'shēn fèn zhèng', 'identity card', 'word', 3, null, null),
  ('v-h3-shen', 'course-mandarin-1', '深', 'shēn', 'old variant of 深', 'word', 3, null, null),
  ('v-h3-shen-ru', 'course-mandarin-1', '深入', 'shēn rù', 'to penetrate deeply', 'word', 3, null, null),
  ('v-h3-sheng-cun', 'course-mandarin-1', '生存', 'shēng cún', 'to exist', 'word', 3, null, null),
  ('v-h3-sheng-dong', 'course-mandarin-1', '生动', 'shēng dòng', 'vivid', 'word', 3, null, null),
  ('v-h3-sheng-ming', 'course-mandarin-1', '生命', 'shēng mìng', 'life (as the characteristic of living beings)', 'word', 3, null, null),
  ('v-h3-sheng-yi', 'course-mandarin-1', '生意', 'shēng yì', 'life force', 'word', 3, null, null),
  ('v-h3-sheng-zhang', 'course-mandarin-1', '生长', 'shēng zhǎng', 'to grow', 'word', 3, null, null),
  ('v-h3-sheng-ming-2', 'course-mandarin-1', '声明', 'shēng míng', 'to state', 'word', 3, null, null),
  ('v-h3-sheng', 'course-mandarin-1', '胜', 'shèng', 'victory', 'word', 3, null, null),
  ('v-h3-sheng-li', 'course-mandarin-1', '胜利', 'shèng lì', 'victory', 'word', 3, null, null),
  ('v-h3-shi-tou', 'course-mandarin-1', '石头', 'shí tou', 'stone', 'word', 3, null, null),
  ('v-h3-shi-you', 'course-mandarin-1', '石油', 'shí yóu', 'oil', 'word', 3, null, null),
  ('v-h3-shi', 'course-mandarin-1', '时', 'shí', 'old variant of 时', 'word', 3, null, null),
  ('v-h3-shi-ke', 'course-mandarin-1', '时刻', 'shí kè', 'time', 'word', 3, null, null),
  ('v-h3-shi-ji-shang', 'course-mandarin-1', '实际上', 'shí jì shàng', 'in fact', 'word', 3, null, null),
  ('v-h3-shi-li', 'course-mandarin-1', '实力', 'shí lì', 'strength', 'word', 3, null, null),
  ('v-h3-shi-xing', 'course-mandarin-1', '实行', 'shí xíng', 'to implement', 'word', 3, null, null),
  ('v-h3-shi-yan', 'course-mandarin-1', '实验', 'shí yàn', 'experiment', 'verb', 3, null, null),
  ('v-h3-shi-yan-shi', 'course-mandarin-1', '实验室', 'shí yàn shì', 'laboratory', 'word', 3, null, null),
  ('v-h3-shi-2', 'course-mandarin-1', '使', 'shǐ', 'to make', 'word', 3, null, null),
  ('v-h3-shi-ji', 'course-mandarin-1', '世纪', 'shì jì', 'century', 'word', 3, null, null),
  ('v-h3-shi-jie', 'course-mandarin-1', '世界', 'shì jiè', 'world', 'word', 3, null, null),
  ('v-h3-shi-jie-bei', 'course-mandarin-1', '世界杯', 'Shì jiè bēi', 'World Cup', 'word', 3, null, null),
  ('v-h3-shi-chang', 'course-mandarin-1', '市场', 'shì chǎng', 'marketplace', 'word', 3, null, null),
  ('v-h3-shi-gu', 'course-mandarin-1', '事故', 'shì gù', 'accident', 'word', 3, null, null),
  ('v-h3-shi-jian', 'course-mandarin-1', '事件', 'shì jiàn', 'event', 'word', 3, null, null),
  ('v-h3-shi-shi', 'course-mandarin-1', '事实', 'shì shí', 'fact', 'word', 3, null, null),
  ('v-h3-shi-shi-shang', 'course-mandarin-1', '事实上', 'shì shí shàng', 'in fact', 'word', 3, null, null),
  ('v-h3-shi-ye', 'course-mandarin-1', '事业', 'shì yè', 'undertaking', 'word', 3, null, null),
  ('v-h3-shi-ti', 'course-mandarin-1', '试题', 'shì tí', 'exam question', 'word', 3, null, null),
  ('v-h3-shi-yan-2', 'course-mandarin-1', '试验', 'shì yàn', 'experiment', 'verb', 3, null, null),
  ('v-h3-shi-3', 'course-mandarin-1', '室', 'Shì', 'surname Shi', 'word', 3, null, null),
  ('v-h3-shi-he', 'course-mandarin-1', '适合', 'shì hé', 'to fit; to suit', 'word', 3, null, null),
  ('v-h3-shi-yong', 'course-mandarin-1', '适用', 'shì yòng', 'to be applicable', 'word', 3, null, null),
  ('v-h3-shou-fei', 'course-mandarin-1', '收费', 'shōu fèi', 'to charge a fee', 'verb', 3, null, null),
  ('v-h3-shou-ting', 'course-mandarin-1', '收听', 'shōu tīng', 'to listen to (a radio broadcast)', 'word', 3, null, null),
  ('v-h3-shou-yin-ji', 'course-mandarin-1', '收音机', 'shōu yīn jī', 'radio', 'word', 3, null, null),
  ('v-h3-shou-zhi', 'course-mandarin-1', '手指', 'shǒu zhǐ', 'finger', 'word', 3, null, null),
  ('v-h3-shou-du', 'course-mandarin-1', '首都', 'shǒu dū', 'capital (city)', 'word', 3, null, null),
  ('v-h3-shou-xian', 'course-mandarin-1', '首先', 'shǒu xiān', 'first (of all)', 'word', 3, null, null),
  ('v-h3-shou', 'course-mandarin-1', '受', 'shòu', 'to receive', 'word', 3, null, null),
  ('v-h3-shou-shang', 'course-mandarin-1', '受伤', 'shòu shāng', 'to sustain injuries', 'word', 3, null, null),
  ('v-h3-shu-jia', 'course-mandarin-1', '书架', 'shū jià', 'bookshelf', 'word', 3, null, null),
  ('v-h3-shu-ru', 'course-mandarin-1', '输入', 'shū rù', 'to import', 'word', 3, null, null),
  ('v-h3-shu-ren', 'course-mandarin-1', '熟人', 'shú rén', 'acquaintance', 'word', 3, null, null),
  ('v-h3-shu', 'course-mandarin-1', '属', 'shǔ', 'category', 'word', 3, null, null),
  ('v-h3-shu-yu', 'course-mandarin-1', '属于', 'shǔ yú', 'to be classified as', 'word', 3, null, null),
  ('v-h3-shu-2', 'course-mandarin-1', '束', 'Shù', 'surname Shu', 'word', 3, null, null),
  ('v-h3-shu-liang', 'course-mandarin-1', '数量', 'shù liàng', 'amount', 'word', 3, null, null),
  ('v-h3-shuang', 'course-mandarin-1', '双', 'Shuāng', 'surname Shuang', 'word', 3, null, null),
  ('v-h3-si-xiang', 'course-mandarin-1', '思想', 'sī xiǎng', 'thought', 'word', 3, null, null),
  ('v-h3-si', 'course-mandarin-1', '死', 'sǐ', 'to die', 'word', 3, null, null),
  ('v-h3-su-du', 'course-mandarin-1', '速度', 'sù dù', 'speed', 'word', 3, null, null),
  ('v-h3-sui', 'course-mandarin-1', '随', 'Suí', 'surname Sui', 'word', 3, null, null),
  ('v-h3-suo', 'course-mandarin-1', '所', 'suǒ', 'actually', 'word', 3, null, null),
  ('v-h3-suo-chang', 'course-mandarin-1', '所长', 'suǒ cháng', 'what one is good at', 'word', 3, null, null),
  ('v-h3-tai', 'course-mandarin-1', '台', 'Tái', 'Taiwan (abbr.)', 'word', 3, null, null),
  ('v-h3-tan', 'course-mandarin-1', '谈', 'Tán', 'surname Tan', 'word', 3, null, null),
  ('v-h3-tan-hua', 'course-mandarin-1', '谈话', 'tán huà', 'to talk (with sb)', 'verb', 3, null, null),
  ('v-h3-tan-pan', 'course-mandarin-1', '谈判', 'tán pàn', 'to negotiate', 'verb', 3, null, null),
  ('v-h3-tang', 'course-mandarin-1', '糖', 'táng', 'sugar', 'word', 3, null, null),
  ('v-h3-te-se', 'course-mandarin-1', '特色', 'tè sè', 'characteristic', 'word', 3, null, null),
  ('v-h3-ti-qian', 'course-mandarin-1', '提前', 'tí qián', 'to shift to an earlier date', 'word', 3, null, null),
  ('v-h3-ti-wen', 'course-mandarin-1', '提问', 'tí wèn', 'to question; to quiz; to grill', 'verb', 3, null, null),
  ('v-h3-ti-mu', 'course-mandarin-1', '题目', 'tí mù', 'subject', 'word', 3, null, null),
  ('v-h3-ti-xian', 'course-mandarin-1', '体现', 'tǐ xiàn', 'to embody', 'word', 3, null, null),
  ('v-h3-tian-kong', 'course-mandarin-1', '天空', 'tiān kōng', 'sky', 'word', 3, null, null),
  ('v-h3-tian', 'course-mandarin-1', '甜', 'tián', 'sweet', 'word', 3, null, null),
  ('v-h3-tiao', 'course-mandarin-1', '跳', 'tiào', 'to jump', 'word', 3, null, null),
  ('v-h3-tiao-gao', 'course-mandarin-1', '跳高', 'tiào gāo', 'high jump (athletics)', 'word', 3, null, null),
  ('v-h3-tiao-wu', 'course-mandarin-1', '跳舞', 'tiào wǔ', 'to dance', 'word', 3, null, null),
  ('v-h3-tiao-yuan', 'course-mandarin-1', '跳远', 'tiào yuǎn', 'long jump (athletics)', 'verb', 3, null, null),
  ('v-h3-tie', 'course-mandarin-1', '铁', 'Tiě', 'surname Tie', 'word', 3, null, null),
  ('v-h3-tie-lu', 'course-mandarin-1', '铁路', 'tiě lù', 'railroad', 'word', 3, null, null),
  ('v-h3-ting-li', 'course-mandarin-1', '听力', 'tīng lì', 'hearing', 'word', 3, null, null),
  ('v-h3-ting-zhong', 'course-mandarin-1', '听众', 'tīng zhòng', 'audience', 'word', 3, null, null),
  ('v-h3-tong-chang', 'course-mandarin-1', '通常', 'tōng cháng', 'regular', 'word', 3, null, null),
  ('v-h3-tong-xin', 'course-mandarin-1', '通信', 'tōng xìn', 'to correspond (by letter etc)', 'verb', 3, null, null),
  ('v-h3-tong', 'course-mandarin-1', '痛', 'tòng', 'ache', 'word', 3, null, null),
  ('v-h3-tong-ku', 'course-mandarin-1', '痛苦', 'tòng kǔ', 'pain', 'adjective', 3, null, null),
  ('v-h3-tou-nao', 'course-mandarin-1', '头脑', 'tóu nǎo', 'brains', 'word', 3, null, null),
  ('v-h3-tu-ran', 'course-mandarin-1', '突然', 'tū rán', 'sudden; abrupt; unexpected', 'word', 3, null, null),
  ('v-h3-tu', 'course-mandarin-1', '图', 'tú', 'diagram', 'word', 3, null, null),
  ('v-h3-tu-2', 'course-mandarin-1', '土', 'Tǔ', 'Tu (ethnic group)', 'word', 3, null, null),
  ('v-h3-tuan', 'course-mandarin-1', '团', 'tuán', 'round', 'word', 3, null, null),
  ('v-h3-tuan-jie', 'course-mandarin-1', '团结', 'tuán jié', 'to unite', 'word', 3, null, null),
  ('v-h3-tuan-ti', 'course-mandarin-1', '团体', 'tuán tǐ', 'group', 'word', 3, null, null),
  ('v-h3-tui-jin', 'course-mandarin-1', '推进', 'tuī jìn', 'to impel', 'word', 3, null, null),
  ('v-h3-tui-kai', 'course-mandarin-1', '推开', 'tuī kāi', 'to push open (a gate etc)', 'word', 3, null, null),
  ('v-h3-tui', 'course-mandarin-1', '退', 'tuì', 'to retreat; to withdraw', 'word', 3, null, null),
  ('v-h3-tui-chu', 'course-mandarin-1', '退出', 'tuì chū', 'to withdraw', 'word', 3, null, null),
  ('v-h3-tui-xiu', 'course-mandarin-1', '退休', 'tuì xiū', 'to retire (from the workforce); to go into retirement', 'word', 3, null, null),
  ('v-h3-wai-jiao', 'course-mandarin-1', '外交', 'wài jiāo', 'diplomacy', 'word', 3, null, null),
  ('v-h3-wai-wen', 'course-mandarin-1', '外文', 'wài wén', 'foreign language (written)', 'word', 3, null, null),
  ('v-h3-wan-mei', 'course-mandarin-1', '完美', 'wán měi', 'perfect', 'word', 3, null, null),
  ('v-h3-wan-shan', 'course-mandarin-1', '完善', 'wán shàn', '(of systems, facilities etc) comprehensive', 'word', 3, null, null),
  ('v-h3-wan-ju', 'course-mandarin-1', '玩具', 'wán jù', 'plaything', 'word', 3, null, null),
  ('v-h3-wang-wang', 'course-mandarin-1', '往往', 'wǎng wǎng', 'usually', 'word', 3, null, null),
  ('v-h3-wei-hai', 'course-mandarin-1', '危害', 'wēi hài', 'to jeopardize', 'word', 3, null, null),
  ('v-h3-wei', 'course-mandarin-1', '围', 'Wéi', 'surname Wei', 'word', 3, null, null),
  ('v-h3-wei-sheng', 'course-mandarin-1', '卫生', 'wèi shēng', 'health', 'adjective', 3, null, null),
  ('v-h3-wei-sheng-jian', 'course-mandarin-1', '卫生间', 'wèi shēng jiān', 'bathroom', 'word', 3, null, null),
  ('v-h3-wei-le', 'course-mandarin-1', '为了', 'wèi le', 'for; for the purpose of; in order to', 'word', 3, null, null),
  ('v-h3-wen-nuan', 'course-mandarin-1', '温暖', 'wēn nuǎn', 'warm', 'adjective', 3, null, null),
  ('v-h3-wen-jian', 'course-mandarin-1', '文件', 'wén jiàn', 'document', 'word', 3, null, null),
  ('v-h3-wen-ming', 'course-mandarin-1', '文明', 'wén míng', 'civilized', 'word', 3, null, null),
  ('v-h3-wen-xue', 'course-mandarin-1', '文学', 'wén xué', 'literature', 'word', 3, null, null),
  ('v-h3-wen-zi', 'course-mandarin-1', '文字', 'wén zì', 'character', 'word', 3, null, null),
  ('v-h3-wo-shou', 'course-mandarin-1', '握手', 'wò shǒu', 'to shake hands', 'word', 3, null, null),
  ('v-h3-wu-zi', 'course-mandarin-1', '屋子', 'wū zi', 'house', 'word', 3, null, null),
  ('v-h3-wu-qi', 'course-mandarin-1', '武器', 'wǔ qì', 'weapon', 'word', 3, null, null),
  ('v-h3-wu-shu', 'course-mandarin-1', '武术', 'wǔ shù', 'military skill or technique (in former times)', 'word', 3, null, null),
  ('v-h3-wu-tai', 'course-mandarin-1', '舞台', 'wǔ tái', '(lit. and fig.) stage; arena', 'word', 3, null, null),
  ('v-h3-xi-wang', 'course-mandarin-1', '希望', 'xī wàng', 'to hope', 'word', 3, null, null),
  ('v-h3-xia-lai', 'course-mandarin-1', '下来', 'xià lai', 'to come down', 'word', 3, null, null),
  ('v-h3-xia-mian', 'course-mandarin-1', '下面', 'xià miàn', 'below', 'word', 3, null, null),
  ('v-h3-xia-qu', 'course-mandarin-1', '下去', 'xià qù', 'to go down', 'word', 3, null, null),
  ('v-h3-xian-de', 'course-mandarin-1', '显得', 'xiǎn de', 'to seem', 'word', 3, null, null),
  ('v-h3-xian-ran', 'course-mandarin-1', '显然', 'xiǎn rán', 'clearly; evidently; obviously', 'word', 3, null, null),
  ('v-h3-xian-shi', 'course-mandarin-1', '显示', 'xiǎn shì', 'to show', 'word', 3, null, null),
  ('v-h3-xian-chang', 'course-mandarin-1', '现场', 'xiàn chǎng', 'the scene (of a crime, accident etc)', 'word', 3, null, null),
  ('v-h3-xian-dai', 'course-mandarin-1', '现代', 'Xiàn dài', 'Hyundai, South Korean company', 'word', 3, null, null),
  ('v-h3-xian-dai-hua', 'course-mandarin-1', '现代化', 'xiàn dài huà', 'modernization', 'verb', 3, null, null),
  ('v-h3-xian-jin', 'course-mandarin-1', '现金', 'xiàn jīn', 'cash', 'word', 3, null, null),
  ('v-h3-xian-shi-2', 'course-mandarin-1', '现实', 'xiàn shí', 'reality', 'word', 3, null, null),
  ('v-h3-xian-xiang', 'course-mandarin-1', '现象', 'xiàn xiàng', 'phenomenon', 'word', 3, null, null),
  ('v-h3-xian', 'course-mandarin-1', '线', 'xiàn', 'variant of 线', 'word', 3, null, null),
  ('v-h3-xiang-dang', 'course-mandarin-1', '相当', 'xiāng dāng', 'equivalent to', 'word', 3, null, null),
  ('v-h3-xiang-hu', 'course-mandarin-1', '相互', 'xiāng hù', 'each other', 'word', 3, null, null),
  ('v-h3-xiang-si', 'course-mandarin-1', '相似', 'xiāng sì', 'similar; alike', 'word', 3, null, null),
  ('v-h3-xiang', 'course-mandarin-1', '香', 'xiāng', 'fragrant', 'word', 3, null, null),
  ('v-h3-xiao-shi', 'course-mandarin-1', '消失', 'xiāo shī', 'to disappear; to fade away', 'word', 3, null, null),
  ('v-h3-xiao-guo', 'course-mandarin-1', '效果', 'xiào guǒ', 'result', 'word', 3, null, null),
  ('v-h3-xie-zuo', 'course-mandarin-1', '写作', 'xiě zuò', 'to write', 'word', 3, null, null),
  ('v-h3-xin-feng', 'course-mandarin-1', '信封', 'xìn fēng', 'envelope', 'word', 3, null, null),
  ('v-h3-xin-ren', 'course-mandarin-1', '信任', 'xìn rèn', 'to trust', 'word', 3, null, null),
  ('v-h3-xing-li', 'course-mandarin-1', '行李', 'xíng li', 'luggage', 'word', 3, null, null),
  ('v-h3-xing-cheng', 'course-mandarin-1', '形成', 'xíng chéng', 'to form', 'word', 3, null, null),
  ('v-h3-xing-shi', 'course-mandarin-1', '形式', 'xíng shì', 'outer appearance', 'word', 3, null, null),
  ('v-h3-xing-xiang', 'course-mandarin-1', '形象', 'xíng xiàng', 'image', 'word', 3, null, null),
  ('v-h3-xing-zhuang', 'course-mandarin-1', '形状', 'xíng zhuàng', 'form; shape', 'word', 3, null, null),
  ('v-h3-xing-fu', 'course-mandarin-1', '幸福', 'xìng fú', 'happiness', 'word', 3, null, null),
  ('v-h3-xing-yun', 'course-mandarin-1', '幸运', 'xìng yùn', 'fortunate', 'word', 3, null, null),
  ('v-h3-xing', 'course-mandarin-1', '性', 'xìng', 'nature', 'word', 3, null, null),
  ('v-h3-xing-ge', 'course-mandarin-1', '性格', 'xìng gé', 'nature', 'word', 3, null, null),
  ('v-h3-xiu', 'course-mandarin-1', '修', 'Xiū', 'surname Xiu', 'word', 3, null, null),
  ('v-h3-xu-qiu', 'course-mandarin-1', '需求', 'xū qiú', 'requirement', 'word', 3, null, null),
  ('v-h3-xu-yao', 'course-mandarin-1', '需要', 'xū yào', 'to need; to want; to demand; to require', 'word', 3, null, null),
  ('v-h3-xuan-bu', 'course-mandarin-1', '宣布', 'xuān bù', 'to declare', 'word', 3, null, null),
  ('v-h3-xuan-chuan', 'course-mandarin-1', '宣传', 'xuān chuán', 'to disseminate', 'verb', 3, null, null),
  ('v-h3-xuan-shou', 'course-mandarin-1', '选手', 'xuǎn shǒu', 'athlete', 'word', 3, null, null),
  ('v-h3-xue-fei', 'course-mandarin-1', '学费', 'xué fèi', 'tuition fee', 'word', 3, null, null),
  ('v-h3-xue', 'course-mandarin-1', '血', 'xuè', 'blood', 'word', 3, null, null),
  ('v-h3-xun-lian', 'course-mandarin-1', '训练', 'xùn liàn', 'to train', 'verb', 3, null, null),
  ('v-h3-ya', 'course-mandarin-1', '压', 'yā', 'to press', 'word', 3, null, null),
  ('v-h3-ya-li', 'course-mandarin-1', '压力', 'yā lì', 'pressure', 'word', 3, null, null),
  ('v-h3-yan', 'course-mandarin-1', '烟', 'yān', 'cigarette or pipe tobacco', 'word', 3, null, null),
  ('v-h3-yan-2', 'course-mandarin-1', '演', 'yǎn', 'to develop', 'word', 3, null, null),
  ('v-h3-yan-chang', 'course-mandarin-1', '演唱', 'yǎn chàng', 'sung performance', 'word', 3, null, null),
  ('v-h3-yan-chu', 'course-mandarin-1', '演出', 'yǎn chū', 'to act (in a play)', 'word', 3, null, null),
  ('v-h3-yan-yuan', 'course-mandarin-1', '演员', 'yǎn yuán', 'actor or actress', 'word', 3, null, null),
  ('v-h3-yang', 'course-mandarin-1', '羊', 'Yáng', 'surname Yang', 'word', 3, null, null),
  ('v-h3-yang-guang', 'course-mandarin-1', '阳光', 'yáng guāng', 'sunshine', 'word', 3, null, null),
  ('v-h3-yao-shi', 'course-mandarin-1', '要是', 'yào shi', '(coll.) if', 'word', 3, null, null),
  ('v-h3-yi-fang-mian', 'course-mandarin-1', '一方面', 'yī fāng miàn', 'on the one hand', 'word', 3, null, null),
  ('v-h3-yi-jia', 'course-mandarin-1', '衣架', 'yī jià', 'clothes hanger', 'word', 3, null, null),
  ('v-h3-yi-wai', 'course-mandarin-1', '意外', 'yì wài', 'unexpected', 'word', 3, null, null),
  ('v-h3-yi-yi', 'course-mandarin-1', '意义', 'yì yì', 'sense', 'word', 3, null, null),
  ('v-h3-yin', 'course-mandarin-1', '银', 'yín', 'silver', 'word', 3, null, null),
  ('v-h3-yin-pai', 'course-mandarin-1', '银牌', 'yín pái', 'silver medal', 'word', 3, null, null),
  ('v-h3-ying-dang', 'course-mandarin-1', '应当', 'yīng dāng', 'should; ought to', 'word', 3, null, null),
  ('v-h3-ying-yong', 'course-mandarin-1', '应用', 'yìng yòng', 'to put to use', 'verb', 3, null, null),
  ('v-h3-ying-jie', 'course-mandarin-1', '迎接', 'yíng jiē', 'to welcome; to greet', 'word', 3, null, null),
  ('v-h3-ying-yang', 'course-mandarin-1', '营养', 'yíng yǎng', 'nutrition', 'word', 3, null, null),
  ('v-h3-ying', 'course-mandarin-1', '赢', 'yíng', 'to beat', 'word', 3, null, null),
  ('v-h3-ying-shi', 'course-mandarin-1', '影视', 'yǐng shì', 'movies and television', 'word', 3, null, null),
  ('v-h3-you-dian', 'course-mandarin-1', '优点', 'yōu diǎn', 'merit', 'word', 3, null, null),
  ('v-h3-you-shi', 'course-mandarin-1', '优势', 'yōu shì', 'superiority', 'word', 3, null, null),
  ('v-h3-you', 'course-mandarin-1', '由', 'yóu', 'to follow', 'word', 3, null, null),
  ('v-h3-you-yu', 'course-mandarin-1', '由于', 'yóu yú', 'due to', 'word', 3, null, null),
  ('v-h3-you-jian', 'course-mandarin-1', '邮件', 'yóu jiàn', 'mail', 'word', 3, null, null),
  ('v-h3-you-piao', 'course-mandarin-1', '邮票', 'yóu piào', '(postage) stamp', 'word', 3, null, null),
  ('v-h3-you-xiang', 'course-mandarin-1', '邮箱', 'yóu xiāng', 'mailbox', 'word', 3, null, null),
  ('v-h3-you-2', 'course-mandarin-1', '游', 'Yóu', 'surname You', 'word', 3, null, null),
  ('v-h3-you-xi', 'course-mandarin-1', '游戏', 'yóu xì', 'game', 'word', 3, null, null),
  ('v-h3-you-yong', 'course-mandarin-1', '游泳', 'yóu yǒng', 'swimming', 'word', 3, null, null),
  ('v-h3-you-de-shi', 'course-mandarin-1', '有的是', 'yǒu de shì', 'have plenty of', 'word', 3, null, null),
  ('v-h3-you-xiao', 'course-mandarin-1', '有效', 'yǒu xiào', 'effective', 'word', 3, null, null),
  ('v-h3-yu-bao', 'course-mandarin-1', '预报', 'yù bào', 'forecast', 'verb', 3, null, null),
  ('v-h3-yu-fang', 'course-mandarin-1', '预防', 'yù fáng', 'to prevent', 'word', 3, null, null),
  ('v-h3-yu-ji', 'course-mandarin-1', '预计', 'yù jì', 'to forecast', 'word', 3, null, null),
  ('v-h3-yuan', 'course-mandarin-1', '员', 'yuán', 'person', 'word', 3, null, null),
  ('v-h3-yuan-gong', 'course-mandarin-1', '员工', 'yuán gōng', 'staff', 'word', 3, null, null),
  ('v-h3-yuan-wang', 'course-mandarin-1', '愿望', 'yuàn wàng', 'desire', 'word', 3, null, null),
  ('v-h3-yao', 'course-mandarin-1', '约', 'yāo', 'to weigh in a balance or on a scale', 'word', 3, null, null),
  ('v-h3-yun-shu', 'course-mandarin-1', '运输', 'yùn shū', 'to transport', 'verb', 3, null, null),
  ('v-h3-za-zhi', 'course-mandarin-1', '杂志', 'zá zhì', 'magazine', 'word', 3, null, null),
  ('v-h3-zao', 'course-mandarin-1', '造', 'zào', 'to make', 'word', 3, null, null),
  ('v-h3-zao-cheng', 'course-mandarin-1', '造成', 'zào chéng', 'to bring about', 'word', 3, null, null),
  ('v-h3-ze-ren', 'course-mandarin-1', '责任', 'zé rèn', 'responsibility', 'word', 3, null, null),
  ('v-h3-zeng-jia', 'course-mandarin-1', '增加', 'zēng jiā', 'to raise', 'word', 3, null, null),
  ('v-h3-zeng-zhang', 'course-mandarin-1', '增长', 'zēng zhǎng', 'to grow', 'word', 3, null, null),
  ('v-h3-zhan-kai', 'course-mandarin-1', '展开', 'zhǎn kāi', 'to unfold; to spread out; to open up', 'word', 3, null, null),
  ('v-h3-zhang', 'course-mandarin-1', '张', 'Zhāng', 'surname Zhang', 'word', 3, null, null),
  ('v-h3-chang-cheng', 'course-mandarin-1', '长城', 'Cháng chéng', 'the Great Wall', 'noun', 3, null, null),
  ('v-h3-chang-chu', 'course-mandarin-1', '长处', 'cháng chù', 'good aspects', 'word', 3, null, null),
  ('v-h3-chang-qi', 'course-mandarin-1', '长期', 'cháng qī', 'long term', 'word', 3, null, null),
  ('v-h3-zhao', 'course-mandarin-1', '照', 'zhào', 'variant of 照', 'word', 3, null, null),
  ('v-h3-zhe', 'course-mandarin-1', '者', 'zhě', '(after a verb or adjective) one who (is) ...', 'word', 3, null, null),
  ('v-h3-zhen-shi', 'course-mandarin-1', '真实', 'zhēn shí', 'true; real', 'word', 3, null, null),
  ('v-h3-zheng', 'course-mandarin-1', '争', 'zhēng', 'to strive for', 'word', 3, null, null),
  ('v-h3-zheng-qu', 'course-mandarin-1', '争取', 'zhēng qǔ', 'to fight for', 'word', 3, null, null),
  ('v-h3-zheng-2', 'course-mandarin-1', '整', 'zhěng', 'exactly', 'word', 3, null, null),
  ('v-h3-zheng-ge', 'course-mandarin-1', '整个', 'zhěng gè', 'whole', 'word', 3, null, null),
  ('v-h3-zheng-qi', 'course-mandarin-1', '整齐', 'zhěng qí', 'orderly', 'word', 3, null, null),
  ('v-h3-zheng-ti', 'course-mandarin-1', '整体', 'zhěng tǐ', 'whole entity', 'word', 3, null, null),
  ('v-h3-zheng-tian', 'course-mandarin-1', '整天', 'zhěng tiān', 'all day long', 'word', 3, null, null),
  ('v-h3-zheng-zheng', 'course-mandarin-1', '整整', 'zhěng zhěng', 'whole', 'word', 3, null, null),
  ('v-h3-zheng-shi', 'course-mandarin-1', '正式', 'zhèng shì', 'formal; official', 'word', 3, null, null),
  ('v-h3-zheng-3', 'course-mandarin-1', '证', 'zhèng', 'to admonish', 'word', 3, null, null),
  ('v-h3-zheng-jian', 'course-mandarin-1', '证件', 'zhèng jiàn', 'certificate; papers; credentials; document; ID', 'word', 3, null, null),
  ('v-h3-zheng-ju', 'course-mandarin-1', '证据', 'zhèng jù', 'evidence', 'word', 3, null, null),
  ('v-h3-zhi', 'course-mandarin-1', '支', 'Zhī', 'surname Zhi', 'word', 3, null, null),
  ('v-h3-zhi-chi', 'course-mandarin-1', '支持', 'zhī chí', 'to be in favor of', 'word', 3, null, null),
  ('v-h3-zhi-fu', 'course-mandarin-1', '支付', 'zhī fù', 'to pay (money)', 'word', 3, null, null),
  ('v-h3-zhi-2', 'course-mandarin-1', '直', 'Zhí', 'surname Zhi', 'word', 3, null, null),
  ('v-h3-zhi-bo', 'course-mandarin-1', '直播', 'zhí bō', '(TV, radio) to broadcast live', 'word', 3, null, null),
  ('v-h3-zhi-dao', 'course-mandarin-1', '直到', 'zhí dào', 'until', 'word', 3, null, null),
  ('v-h3-zhi-3', 'course-mandarin-1', '值', 'zhí', 'value', 'word', 3, null, null),
  ('v-h3-zhi-de', 'course-mandarin-1', '值得', 'zhí de', 'to be worth', 'word', 3, null, null),
  ('v-h3-zhi-gong', 'course-mandarin-1', '职工', 'zhí gōng', 'workers; staff', 'word', 3, null, null),
  ('v-h3-zhi-you', 'course-mandarin-1', '只有', 'zhǐ yǒu', 'only have ...', 'word', 3, null, null),
  ('v-h3-zhi-4', 'course-mandarin-1', '指', 'zhǐ', 'finger', 'word', 3, null, null),
  ('v-h3-zhi-chu', 'course-mandarin-1', '指出', 'zhǐ chū', 'to indicate', 'word', 3, null, null),
  ('v-h3-zhi-dao-2', 'course-mandarin-1', '指导', 'zhǐ dǎo', 'to guide', 'word', 3, null, null),
  ('v-h3-zhi-jin', 'course-mandarin-1', '至今', 'zhì jīn', 'so far', 'word', 3, null, null),
  ('v-h3-zhi-shao', 'course-mandarin-1', '至少', 'zhì shǎo', 'at least', 'word', 3, null, null),
  ('v-h3-zhi-yuan', 'course-mandarin-1', '志愿', 'zhì yuàn', 'aspiration', 'word', 3, null, null),
  ('v-h3-zhi-yuan-zhe', 'course-mandarin-1', '志愿者', 'zhì yuàn zhě', 'volunteer', 'word', 3, null, null),
  ('v-h3-zhi-du', 'course-mandarin-1', '制度', 'zhì dù', 'system (e.g. political, adminstrative etc)', 'word', 3, null, null),
  ('v-h3-zhi-zao', 'course-mandarin-1', '制造', 'zhì zào', 'to manufacture; to make', 'word', 3, null, null),
  ('v-h3-zhi-zuo', 'course-mandarin-1', '制作', 'zhì zuò', 'to make; to manufacture', 'word', 3, null, null),
  ('v-h3-zhong-hua-min-zu', 'course-mandarin-1', '中华民族', 'Zhōng huá mín zú', 'the Chinese nation', 'noun', 3, null, null),
  ('v-h3-zhong-yu', 'course-mandarin-1', '终于', 'zhōng yú', 'at last', 'word', 3, null, null),
  ('v-h3-zhong', 'course-mandarin-1', '钟', 'Zhōng', 'surname Zhong', 'word', 3, null, null),
  ('v-h3-zhong-2', 'course-mandarin-1', '种', 'zhǒng', 'seed', 'word', 3, null, null),
  ('v-h3-zhong-zi', 'course-mandarin-1', '种子', 'zhǒng zi', 'seed', 'word', 3, null, null),
  ('v-h3-zhong-da', 'course-mandarin-1', '重大', 'zhòng dà', 'great', 'word', 3, null, null),
  ('v-h3-zhou-wei', 'course-mandarin-1', '周围', 'zhōu wéi', 'environs; surroundings; periphery', 'word', 3, null, null),
  ('v-h3-zhu', 'course-mandarin-1', '猪', 'zhū', 'hog', 'word', 3, null, null),
  ('v-h3-zhu-chi', 'course-mandarin-1', '主持', 'zhǔ chí', 'to take charge of', 'word', 3, null, null),
  ('v-h3-zhu-dong', 'course-mandarin-1', '主动', 'zhǔ dòng', 'to take the initiative', 'word', 3, null, null),
  ('v-h3-zhu-ren', 'course-mandarin-1', '主任', 'zhǔ rèn', 'director', 'word', 3, null, null),
  ('v-h3-zhu-zhang', 'course-mandarin-1', '主张', 'zhǔ zhāng', 'to advocate', 'word', 3, null, null),
  ('v-h3-zhu-yi', 'course-mandarin-1', '注意', 'zhù yì', 'to take note of; to pay attention to', 'word', 3, null, null),
  ('v-h3-zhu-2', 'course-mandarin-1', '祝', 'Zhù', 'surname Zhu', 'word', 3, null, null),
  ('v-h3-zhua', 'course-mandarin-1', '抓', 'zhuā', 'to grab', 'word', 3, null, null),
  ('v-h3-zhua-zhu', 'course-mandarin-1', '抓住', 'zhuā zhù', 'to grab hold of; to capture', 'word', 3, null, null),
  ('v-h3-zhuan-jia', 'course-mandarin-1', '专家', 'zhuān jiā', 'expert; specialist', 'word', 3, null, null),
  ('v-h3-zhuan-men', 'course-mandarin-1', '专门', 'zhuān mén', 'specialist', 'word', 3, null, null),
  ('v-h3-zhuan-ye', 'course-mandarin-1', '专业', 'zhuān yè', 'specialty', 'word', 3, null, null),
  ('v-h3-zhuai', 'course-mandarin-1', '转', 'zhuǎi', 'see 转文', 'word', 3, null, null),
  ('v-h3-dui', 'course-mandarin-1', '追', 'duī', 'to sculpt', 'word', 3, null, null),
  ('v-h3-zi-ge', 'course-mandarin-1', '资格', 'zī gé', 'qualifications', 'word', 3, null, null),
  ('v-h3-zi-jin', 'course-mandarin-1', '资金', 'zī jīn', 'funds; capital', 'word', 3, null, null),
  ('v-h3-zi-nu', 'course-mandarin-1', '子女', 'zǐ nǚ', 'children; sons and daughters', 'word', 3, null, null),
  ('v-h3-zi-dong', 'course-mandarin-1', '自动', 'zì dòng', 'automatic', 'word', 3, null, null),
  ('v-h3-zi-ran', 'course-mandarin-1', '自然', 'zì rán', 'nature', 'word', 3, null, null),
  ('v-h3-zi-shen', 'course-mandarin-1', '自身', 'zì shēn', 'itself', 'word', 3, null, null),
  ('v-h3-zong', 'course-mandarin-1', '总', 'zǒng', 'general; overall', 'word', 3, null, null),
  ('v-h3-zong-jie', 'course-mandarin-1', '总结', 'zǒng jié', 'to sum up', 'word', 3, null, null),
  ('v-h3-zong-shi', 'course-mandarin-1', '总是', 'zǒng shì', 'always', 'word', 3, null, null),
  ('v-h3-zu-gou', 'course-mandarin-1', '足够', 'zú gòu', 'enough', 'word', 3, null, null),
  ('v-h3-zu-qiu', 'course-mandarin-1', '足球', 'zú qiú', 'soccer ball', 'word', 3, null, null),
  ('v-h3-zu-he', 'course-mandarin-1', '组合', 'zǔ hé', 'to assemble', 'word', 3, null, null),
  ('v-h3-zuo-you', 'course-mandarin-1', '左右', 'zuǒ yòu', 'left and right', 'word', 3, null, null),
  ('v-h3-zuo-zhe', 'course-mandarin-1', '作者', 'zuò zhě', 'author; writer', 'word', 3, null, null),
  ('v-h3-ban-li', 'course-mandarin-1', '办理', 'bàn lǐ', 'to handle; to transact; to conduct', 'word', 3, null, null),
  ('v-h3-ben-lai', 'course-mandarin-1', '本来', 'běn lái', 'original', 'word', 3, null, null),
  ('v-h3-bian-hua', 'course-mandarin-1', '变化', 'biàn huà', '(intransitive) to change; to vary', 'verb', 3, null, null),
  ('v-h3-bian-wei', 'course-mandarin-1', '变为', 'biàn wéi', 'to change into', 'word', 3, null, null),
  ('v-h3-bu-jin', 'course-mandarin-1', '不仅', 'bù jǐn', 'not just; not limited to', 'word', 3, null, null),
  ('v-h3-bu-lun', 'course-mandarin-1', '不论', 'bù lùn', 'whatever', 'word', 3, null, null),
  ('v-h3-chi-xu', 'course-mandarin-1', '持续', 'chí xù', 'to continue', 'word', 3, null, null),
  ('v-h3-chu-li', 'course-mandarin-1', '处理', 'chǔ lǐ', 'to handle; to deal with', 'word', 3, null, null),
  ('v-h3-chuan-shuo', 'course-mandarin-1', '传说', 'chuán shuō', 'legend; folk tale', 'word', 3, null, null),
  ('v-h3-dao-di', 'course-mandarin-1', '到底', 'dào dǐ', 'finally', 'word', 3, null, null),
  ('v-h3-tiao-zheng', 'course-mandarin-1', '调整', 'tiáo zhěng', 'to adjust', 'word', 3, null, null),
  ('v-h3-dun', 'course-mandarin-1', '顿', 'dùn', 'to stop', 'word', 3, null, null),
  ('v-h3-fa-chu', 'course-mandarin-1', '发出', 'fā chū', 'to issue (an order, decree etc); to send out; to dispatch', 'word', 3, null, null),
  ('v-h3-fa-dong', 'course-mandarin-1', '发动', 'fā dòng', 'to start', 'word', 3, null, null),
  ('v-h3-fan-dui', 'course-mandarin-1', '反对', 'fǎn duì', 'to oppose; to be against; to object to', 'word', 3, null, null),
  ('v-h3-fang-wen', 'course-mandarin-1', '访问', 'fǎng wèn', 'to visit', 'word', 3, null, null),
  ('v-h3-ge-wei', 'course-mandarin-1', '各位', 'gè wèi', 'everybody', 'word', 3, null, null),
  ('v-h3-gua', 'course-mandarin-1', '挂', 'guà', 'to hang or suspend (from a hook etc)', 'word', 3, null, null),
  ('v-h3-ji-xu', 'course-mandarin-1', '继续', 'jì xù', 'to continue', 'word', 3, null, null),
  ('v-h3-jia-qiang', 'course-mandarin-1', '加强', 'jiā qiáng', 'to reinforce; to strengthen; to enhance', 'word', 3, null, null),
  ('v-h3-jian-chi', 'course-mandarin-1', '坚持', 'jiān chí', 'to persevere with', 'word', 3, null, null),
  ('v-h3-jiao-liu', 'course-mandarin-1', '交流', 'jiāo liú', 'to exchange', 'verb', 3, null, null),
  ('v-h3-jie-dai', 'course-mandarin-1', '接待', 'jiē dài', 'to receive (a visitor)', 'word', 3, null, null),
  ('v-h3-jing-li', 'course-mandarin-1', '经历', 'jīng lì', 'experience', 'word', 3, null, null),
  ('v-h3-jing-yan', 'course-mandarin-1', '经验', 'jīng yàn', 'experience', 'word', 3, null, null),
  ('v-h3-li-fa', 'course-mandarin-1', '理发', 'lǐ fà', 'to get a haircut; to have one''s hair done', 'word', 3, null, null),
  ('v-h3-li-jie', 'course-mandarin-1', '理解', 'lǐ jiě', 'to comprehend; to understand', 'word', 3, null, null),
  ('v-h3-lu-xing-she', 'course-mandarin-1', '旅行社', 'lǚ xíng shè', 'travel agency', 'word', 3, null, null),
  ('v-h3-quan-chang', 'course-mandarin-1', '全场', 'quán chǎng', 'everyone present', 'word', 3, null, null),
  ('v-h3-reng-ran', 'course-mandarin-1', '仍然', 'réng rán', 'still; as before; yet', 'word', 3, null, null),
  ('v-h3-ri-chang', 'course-mandarin-1', '日常', 'rì cháng', 'day-to-day; daily; everyday', 'word', 3, null, null),
  ('v-h3-sheng-2', 'course-mandarin-1', '升', 'shēng', 'to ascend', 'word', 3, null, null),
  ('v-h3-shi-zhong', 'course-mandarin-1', '始终', 'shǐ zhōng', 'from beginning to end', 'word', 3, null, null),
  ('v-h3-shi-ying', 'course-mandarin-1', '适应', 'shì yìng', 'to adapt', 'word', 3, null, null),
  ('v-h3-shuang-fang', 'course-mandarin-1', '双方', 'shuāng fāng', 'bilateral', 'word', 3, null, null),
  ('v-h3-ti-hui', 'course-mandarin-1', '体会', 'tǐ huì', 'to know from experience', 'word', 3, null, null),
  ('v-h3-ti-yan', 'course-mandarin-1', '体验', 'tǐ yàn', 'to experience for oneself', 'word', 3, null, null),
  ('v-h3-ting-zhi', 'course-mandarin-1', '停止', 'tíng zhǐ', 'to stop; to halt; to cease', 'word', 3, null, null),
  ('v-h3-tui-guang', 'course-mandarin-1', '推广', 'tuī guǎng', 'to extend', 'word', 3, null, null),
  ('v-h3-wan-zheng', 'course-mandarin-1', '完整', 'wán zhěng', 'complete', 'word', 3, null, null),
  ('v-h3-xing-bie', 'course-mandarin-1', '性别', 'xìng bié', 'gender', 'word', 3, null, null),
  ('v-h3-xiu-gai', 'course-mandarin-1', '修改', 'xiū gǎi', 'to amend', 'word', 3, null, null),
  ('v-h3-yan-qian', 'course-mandarin-1', '眼前', 'yǎn qián', 'before one''s eyes', 'word', 3, null, null),
  ('v-h3-yi-qie', 'course-mandarin-1', '一切', 'yī qiè', 'everything', 'word', 3, null, null),
  ('v-h3-yi', 'course-mandarin-1', '已', 'yǐ', 'already', 'word', 3, null, null),
  ('v-h3-yin-xiang', 'course-mandarin-1', '印象', 'yìn xiàng', 'impression (sth that stays in one''s mind)', 'word', 3, null, null),
  ('v-h3-zhi-shi', 'course-mandarin-1', '只是', 'zhǐ shì', 'merely; only; just; nothing but', 'word', 3, null, null),
  ('v-h3-zhuan-bian', 'course-mandarin-1', '转变', 'zhuǎn biàn', 'to change', 'word', 3, null, null),
  ('v-h3-zi-zhu', 'course-mandarin-1', '自主', 'zì zhǔ', 'independent', 'word', 3, null, null),
  ('v-h3-zuo-ke', 'course-mandarin-1', '做客', 'zuò kè', 'to be a guest or visitor', 'word', 3, null, null),
  ('v-h3-an-pai', 'course-mandarin-1', '安排', 'ān pái', 'to arrange', 'word', 3, null, null),
  ('v-h3-chu-yi', 'course-mandarin-1', '初一', 'chū yī', 'first day of lunar month', 'word', 3, null, null),
  ('v-h3-da-dao', 'course-mandarin-1', '达到', 'dá dào', 'to reach; to achieve; to attain', 'word', 3, null, null),
  ('v-h3-fei-xing', 'course-mandarin-1', '飞行', 'fēi xíng', '(of planes etc) to fly', 'verb', 3, null, null),
  ('v-h3-gui-ding', 'course-mandarin-1', '规定', 'guī dìng', 'to stipulate; to specify; to prescribe; to fix (a price); to set (a quota)', 'word', 3, null, null),
  ('v-h3-he-ge', 'course-mandarin-1', '合格', 'hé gé', 'to meet the standard required', 'word', 3, null, null),
  ('v-h3-hou-nian', 'course-mandarin-1', '后年', 'hòu nián', 'the year after next', 'word', 3, null, null),
  ('v-h3-hui-yi', 'course-mandarin-1', '会议', 'huì yì', 'meeting', 'word', 3, null, null),
  ('v-h3-liu-xue', 'course-mandarin-1', '留学', 'liú xué', 'to study abroad', 'word', 3, null, null),
  ('v-h3-nian-chu', 'course-mandarin-1', '年初', 'nián chū', 'beginning of the year', 'word', 3, null, null),
  ('v-h3-nian-di', 'course-mandarin-1', '年底', 'nián dǐ', 'the end of the year', 'word', 3, null, null),
  ('v-h3-qu-xiao', 'course-mandarin-1', '取消', 'qǔ xiāo', 'to cancel', 'word', 3, null, null),
  ('v-h3-she-ji', 'course-mandarin-1', '设计', 'shè jì', 'to design; to plan', 'word', 3, null, null),
  ('v-h3-shi-dai', 'course-mandarin-1', '时代', 'Shí dài', 'Time, US weekly news magazine', 'word', 3, null, null),
  ('v-h3-tui-dong', 'course-mandarin-1', '推动', 'tuī dòng', 'to push (e.g. for acceptance of a plan); to promote; to give impetus to', 'word', 3, null, null),
  ('v-h3-xian-jin-2', 'course-mandarin-1', '先进', 'xiān jìn', 'advanced (technology)', 'word', 3, null, null),
  ('v-h3-xiang-guan', 'course-mandarin-1', '相关', 'xiāng guān', 'related', 'verb', 3, null, null),
  ('v-h3-yu-xi', 'course-mandarin-1', '预习', 'yù xí', 'to prepare a lesson', 'word', 3, null, null),
  ('v-h3-zheng-li', 'course-mandarin-1', '整理', 'zhěng lǐ', 'to arrange', 'word', 3, null, null),
  ('v-h3-zhi-ding', 'course-mandarin-1', '制定', 'zhì dìng', 'to draw up; to formulate', 'word', 3, null, null),
  ('v-h3-zhu-yi-2', 'course-mandarin-1', '主意', 'zhǔ yi', 'plan', 'word', 3, null, null),
  ('v-h3-bao-cun', 'course-mandarin-1', '保存', 'bǎo cún', 'to conserve', 'word', 3, null, null),
  ('v-h3-bao-hu', 'course-mandarin-1', '保护', 'bǎo hù', 'to protect', 'word', 3, null, null),
  ('v-h3-bi-jiao', 'course-mandarin-1', '比较', 'bǐ jiào', 'to compare', 'word', 3, null, null),
  ('v-h3-bi-li', 'course-mandarin-1', '比例', 'bǐ lì', 'proportion', 'word', 3, null, null),
  ('v-h3-bu-de-bu', 'course-mandarin-1', '不得不', 'bù dé bù', 'have no choice or option but to', 'word', 3, null, null),
  ('v-h3-chuan-bo', 'course-mandarin-1', '传播', 'chuán bō', 'to disseminate; to propagate; to spread', 'word', 3, null, null),
  ('v-h3-da-yue', 'course-mandarin-1', '大约', 'dà yuē', 'approximately', 'word', 3, null, null),
  ('v-h3-dai-dong', 'course-mandarin-1', '带动', 'dài dòng', 'to spur; to provide impetus; to drive', 'word', 3, null, null),
  ('v-h3-ding', 'course-mandarin-1', '订', 'dìng', 'to agree', 'word', 3, null, null),
  ('v-h3-fang', 'course-mandarin-1', '防', 'fáng', 'to protect', 'word', 3, null, null),
  ('v-h3-fen-pei', 'course-mandarin-1', '分配', 'fēn pèi', 'to distribute', 'word', 3, null, null),
  ('v-h3-gai-jin', 'course-mandarin-1', '改进', 'gǎi jìn', 'to improve; to make better', 'word', 3, null, null),
  ('v-h3-gai-nian', 'course-mandarin-1', '概念', 'gài niàn', 'concept', 'word', 3, null, null),
  ('v-h3-he-li', 'course-mandarin-1', '合理', 'hé lǐ', 'rational; reasonable; sensible; fair', 'word', 3, null, null),
  ('v-h3-hou-guo', 'course-mandarin-1', '后果', 'hòu guǒ', 'consequences', 'word', 3, null, null),
  ('v-h3-hua-ti', 'course-mandarin-1', '话题', 'huà tí', 'subject (of a talk or conversation)', 'word', 3, null, null),
  ('v-h3-ji-zhong', 'course-mandarin-1', '集中', 'jí zhōng', 'to concentrate', 'word', 3, null, null),
  ('v-h3-ji-lu-2', 'course-mandarin-1', '纪录', 'jì lù', 'variant of 记录 (but in Taiwan, not for the verb sense "to record")', 'word', 3, null, null),
  ('v-h3-jia-gong', 'course-mandarin-1', '加工', 'jiā gōng', 'to process', 'word', 3, null, null),
  ('v-h3-jian-she', 'course-mandarin-1', '建设', 'jiàn shè', 'to build; to construct; to establish; to develop; to institute', 'verb', 3, null, null),
  ('v-h3-jian-yi', 'course-mandarin-1', '建议', 'jiàn yì', 'to propose; to suggest; to recommend', 'word', 3, null, null),
  ('v-h3-jiao', 'course-mandarin-1', '较', 'jiào', 'to compare', 'word', 3, null, null),
  ('v-h3-jie-jin', 'course-mandarin-1', '接近', 'jiē jìn', 'to approach', 'word', 3, null, null),
  ('v-h3-jie-yue', 'course-mandarin-1', '节约', 'jié yuē', 'to economize', 'word', 3, null, null),
  ('v-h3-jin-bu', 'course-mandarin-1', '进步', 'jìn bù', 'progress; improvement', 'verb', 3, null, null),
  ('v-h3-jin-zhan', 'course-mandarin-1', '进展', 'jìn zhǎn', 'to make headway; to make progress', 'verb', 3, null, null),
  ('v-h3-jing-ji', 'course-mandarin-1', '经济', 'jīng jì', 'economy', 'word', 3, null, null),
  ('v-h3-ju-ban', 'course-mandarin-1', '举办', 'jǔ bàn', 'to conduct', 'word', 3, null, null),
  ('v-h3-ju-ti', 'course-mandarin-1', '具体', 'jù tǐ', 'concrete', 'word', 3, null, null),
  ('v-h3-jue-ding', 'course-mandarin-1', '决定', 'jué dìng', 'to decide (to do something)', 'word', 3, null, null),
  ('v-h3-kong-tiao', 'course-mandarin-1', '空调', 'kōng tiáo', 'air conditioning', 'word', 3, null, null),
  ('v-h3-li-you', 'course-mandarin-1', '理由', 'lǐ yóu', 'reason', 'word', 3, null, null),
  ('v-h3-lian-mang', 'course-mandarin-1', '连忙', 'lián máng', 'promptly', 'word', 3, null, null),
  ('v-h3-lian-xu', 'course-mandarin-1', '连续', 'lián xù', 'continuous', 'word', 3, null, null),
  ('v-h3-luan', 'course-mandarin-1', '乱', 'luàn', 'in confusion or disorder', 'word', 3, null, null),
  ('v-h3-mian-dui', 'course-mandarin-1', '面对', 'miàn duì', 'to face; to confront', 'word', 3, null, null),
  ('v-h3-nei-rong', 'course-mandarin-1', '内容', 'nèi róng', 'content', 'word', 3, null, null),
  ('v-h3-pi-zhun', 'course-mandarin-1', '批准', 'pī zhǔn', 'to approve; to ratify', 'word', 3, null, null),
  ('v-h3-qian-wang', 'course-mandarin-1', '前往', 'qián wǎng', 'to leave for; to proceed towards; to go to', 'word', 3, null, null),
  ('v-h3-ren-ke', 'course-mandarin-1', '认可', 'rèn kě', 'to approve', 'word', 3, null, null),
  ('v-h3-shen-ke', 'course-mandarin-1', '深刻', 'shēn kè', 'profound', 'word', 3, null, null),
  ('v-h3-sheng-chan', 'course-mandarin-1', '生产', 'shēng chǎn', 'to produce; to manufacture', 'verb', 3, null, null),
  ('v-h3-shi-pin', 'course-mandarin-1', '食品', 'shí pǐn', 'foodstuff; food; provisions', 'word', 3, null, null),
  ('v-h3-shou-kan', 'course-mandarin-1', '收看', 'shōu kàn', 'to watch (a TV program)', 'word', 3, null, null),
  ('v-h3-shou-xu', 'course-mandarin-1', '手续', 'shǒu xù', 'procedure', 'word', 3, null, null),
  ('v-h3-tong-yi', 'course-mandarin-1', '同意', 'tóng yì', 'to agree', 'word', 3, null, null),
  ('v-h3-tu-chu', 'course-mandarin-1', '突出', 'tū chū', 'prominent', 'word', 3, null, null),
  ('v-h3-wei-da', 'course-mandarin-1', '伟大', 'wěi dà', 'huge; great; grand; worthy of the greatest admiration; important (contribution etc)', 'word', 3, null, null),
  ('v-h3-xi', 'course-mandarin-1', '系', 'xì', 'to connect', 'word', 3, null, null),
  ('v-h3-xiang-bi', 'course-mandarin-1', '相比', 'xiāng bǐ', 'to compare', 'word', 3, null, null),
  ('v-h3-xiao-fei', 'course-mandarin-1', '消费', 'xiāo fèi', 'to consume', 'verb', 3, null, null),
  ('v-h3-yan-chang-hui', 'course-mandarin-1', '演唱会', 'yǎn chàng huì', 'vocal recital or concert', 'word', 3, null, null),
  ('v-h3-yi-lai', 'course-mandarin-1', '以来', 'yǐ lái', 'since (a previous event)', 'word', 3, null, null),
  ('v-h3-yin-ci', 'course-mandarin-1', '因此', 'yīn cǐ', 'thus; consequently; as a result', 'word', 3, null, null),
  ('v-h3-you-li', 'course-mandarin-1', '有利', 'yǒu lì', 'advantageous; favorable', 'word', 3, null, null),
  ('v-h3-zao-yi', 'course-mandarin-1', '早已', 'zǎo yǐ', 'for a long time; long since', 'word', 3, null, null),
  ('v-h3-zheng-ming', 'course-mandarin-1', '证明', 'zhèng míng', 'proof', 'word', 3, null, null),
  ('v-h3-zhi-ye', 'course-mandarin-1', '职业', 'zhí yè', 'occupation; profession; vocation', 'word', 3, null, null),
  ('v-h3-zhi-hao', 'course-mandarin-1', '只好', 'zhǐ hǎo', 'to have no other option but to ...; to have to; to be forced to', 'word', 3, null, null),
  ('v-h3-zhuan-ti', 'course-mandarin-1', '专题', 'zhuān tí', 'specific topic (addressed by a book, lecture, TV program etc)', 'word', 3, null, null),
  ('v-h3-zhuang-kuang', 'course-mandarin-1', '状况', 'zhuàng kuàng', 'condition; state; situation', 'word', 3, null, null),
  ('v-h3-zhuang-tai', 'course-mandarin-1', '状态', 'zhuàng tài', 'condition; state; state of affairs', 'word', 3, null, null),
  ('v-h3-zi-cong', 'course-mandarin-1', '自从', 'zì cóng', 'since (a time)', 'word', 3, null, null),
  ('v-h3-zi-jue', 'course-mandarin-1', '自觉', 'zì jué', 'conscious', 'word', 3, null, null),
  ('v-h3-bao-an', 'course-mandarin-1', '保安', 'bǎo ān', 'to ensure public security', 'word', 3, null, null),
  ('v-h3-bao-dao', 'course-mandarin-1', '报到', 'bào dào', 'to report for duty', 'word', 3, null, null),
  ('v-h3-bao-dao-2', 'course-mandarin-1', '报道', 'bào dào', 'to report (news)', 'word', 3, null, null),
  ('v-h3-bei-bu', 'course-mandarin-1', '北部', 'běi bù', 'northern part', 'word', 3, null, null),
  ('v-h3-bu-men', 'course-mandarin-1', '部门', 'bù mén', 'department', 'word', 3, null, null),
  ('v-h3-bu-zhang', 'course-mandarin-1', '部长', 'bù zhǎng', 'head of a (government etc) department', 'word', 3, null, null),
  ('v-h3-dui-yuan', 'course-mandarin-1', '队员', 'duì yuán', 'team member', 'word', 3, null, null),
  ('v-h3-dui-fang', 'course-mandarin-1', '对方', 'duì fāng', 'the other person; the other side; the other party', 'word', 3, null, null),
  ('v-h3-fa-sheng', 'course-mandarin-1', '发生', 'fā shēng', 'to happen; to occur; to take place; to break out', 'word', 3, null, null),
  ('v-h3-fen-bie', 'course-mandarin-1', '分别', 'fēn bié', 'to part; to leave each other', 'word', 3, null, null),
  ('v-h3-gao-bie', 'course-mandarin-1', '告别', 'gào bié', 'to leave; to part from', 'word', 3, null, null),
  ('v-h3-ge-di', 'course-mandarin-1', '各地', 'gè dì', 'in all parts of (a country)', 'word', 3, null, null),
  ('v-h3-gong-gong', 'course-mandarin-1', '公共', 'gōng gòng', 'public; common; communal', 'word', 3, null, null),
  ('v-h3-gong-kai', 'course-mandarin-1', '公开', 'gōng kāi', 'open; overt; public', 'word', 3, null, null),
  ('v-h3-hai-guan', 'course-mandarin-1', '海关', 'hǎi guān', 'customs (i.e. border crossing inspection)', 'word', 3, null, null),
  ('v-h3-hong-cha', 'course-mandarin-1', '红茶', 'hóng chá', 'black tea', 'word', 3, null, null),
  ('v-h3-hong-jiu', 'course-mandarin-1', '红酒', 'hóng jiǔ', 'red wine', 'noun', 3, null, null),
  ('v-h3-ji-zhe', 'course-mandarin-1', '记者', 'jì zhě', 'reporter; journalist', 'word', 3, null, null),
  ('v-h3-jiao-cai', 'course-mandarin-1', '教材', 'jiào cái', 'teaching material', 'word', 3, null, null),
  ('v-h3-ju-shuo', 'course-mandarin-1', '据说', 'jù shuō', 'it is said that; reportedly', 'word', 3, null, null),
  ('v-h3-lu-cha', 'course-mandarin-1', '绿茶', 'lǜ chá', 'green tea', 'word', 3, null, null),
  ('v-h3-mei-ti', 'course-mandarin-1', '媒体', 'méi tǐ', 'media, esp. news media', 'word', 3, null, null),
  ('v-h3-mei-shu', 'course-mandarin-1', '美术', 'měi shù', 'art', 'word', 3, null, null),
  ('v-h3-nai-cha', 'course-mandarin-1', '奶茶', 'nǎi chá', 'milk tea', 'word', 3, null, null),
  ('v-h3-nan-bu', 'course-mandarin-1', '南部', 'nán bù', 'southern part', 'word', 3, null, null),
  ('v-h3-nan-dao', 'course-mandarin-1', '难道', 'nán dào', 'don''t tell me ...', 'word', 3, null, null),
  ('v-h3-nei-xin', 'course-mandarin-1', '内心', 'nèi xīn', 'heart; innermost being', 'word', 3, null, null),
  ('v-h3-nong-ye', 'course-mandarin-1', '农业', 'nóng yè', 'agriculture', 'word', 3, null, null),
  ('v-h3-pai-zi', 'course-mandarin-1', '牌子', 'pái zi', 'sign', 'word', 3, null, null),
  ('v-h3-pei', 'course-mandarin-1', '配', 'pèi', 'to join', 'word', 3, null, null),
  ('v-h3-pei-he', 'course-mandarin-1', '配合', 'pèi hé', 'matching', 'word', 3, null, null),
  ('v-h3-qin-ren', 'course-mandarin-1', '亲人', 'qīn rén', 'one''s close relatives', 'word', 3, null, null),
  ('v-h3-qing-zhu', 'course-mandarin-1', '庆祝', 'qìng zhù', 'to celebrate', 'word', 3, null, null),
  ('v-h3-ren-gong', 'course-mandarin-1', '人工', 'rén gōng', 'artificial', 'word', 3, null, null),
  ('v-h3-ren-sheng', 'course-mandarin-1', '人生', 'rén shēng', 'life (one''s time on earth)', 'word', 3, null, null),
  ('v-h3-ren-wu', 'course-mandarin-1', '任务', 'rèn wu', 'mission; assignment; task; duty; role', 'word', 3, null, null),
  ('v-h3-shi-qu', 'course-mandarin-1', '失去', 'shī qù', 'to lose', 'word', 3, null, null),
  ('v-h3-shu-3', 'course-mandarin-1', '输', 'shū', 'to lose; to be beaten', 'word', 3, null, null),
  ('v-h3-tu-hua', 'course-mandarin-1', '图画', 'tú huà', 'drawing', 'word', 3, null, null),
  ('v-h3-wei-xian', 'course-mandarin-1', '危险', 'wēi xiǎn', 'danger', 'word', 3, null, null),
  ('v-h3-wen-hua', 'course-mandarin-1', '文化', 'wén huà', 'culture', 'word', 3, null, null),
  ('v-h3-wen-zhang', 'course-mandarin-1', '文章', 'wén zhāng', 'article', 'word', 3, null, null),
  ('v-h3-xi-bu', 'course-mandarin-1', '西部', 'xī bù', 'western part', 'word', 3, null, null),
  ('v-h3-xiao-xi', 'course-mandarin-1', '消息', 'xiāo xi', 'news', 'word', 3, null, null),
  ('v-h3-xin', 'course-mandarin-1', '心', 'xīn', 'heart', 'word', 3, null, null),
  ('v-h3-yi-shu', 'course-mandarin-1', '艺术', 'yì shù', 'art', 'word', 3, null, null),
  ('v-h3-zhong-bu', 'course-mandarin-1', '中部', 'zhōng bù', 'middle part', 'word', 3, null, null),
  ('v-h3-zhun', 'course-mandarin-1', '准', 'zhǔn', 'to allow', 'word', 3, null, null),
  ('v-h3-zuo-pin', 'course-mandarin-1', '作品', 'zuò pǐn', 'work (of art)', 'word', 3, null, null);
insert into lesson_vocab (lesson_id, vocab_item_id) values
  ('lesson-h3-ca-1', 'v-h3-ai-xin'),
  ('lesson-h3-ca-1', 'v-h3-an-zhuang'),
  ('lesson-h3-ca-1', 'v-h3-an'),
  ('lesson-h3-ca-1', 'v-h3-an-zhao'),
  ('lesson-h3-ca-1', 'v-h3-ba'),
  ('lesson-h3-ca-1', 'v-h3-ba-wo'),
  ('lesson-h3-ca-2', 'v-h3-bai-cai'),
  ('lesson-h3-ca-2', 'v-h3-ban-ji'),
  ('lesson-h3-ca-2', 'v-h3-ban'),
  ('lesson-h3-ca-2', 'v-h3-ban-jia'),
  ('lesson-h3-ca-2', 'v-h3-ban-2'),
  ('lesson-h3-ca-2', 'v-h3-bao'),
  ('lesson-h3-ca-3', 'v-h3-bao-chi'),
  ('lesson-h3-ca-3', 'v-h3-bao-liu'),
  ('lesson-h3-ca-3', 'v-h3-bao-xian'),
  ('lesson-h3-ca-3', 'v-h3-bao-zheng'),
  ('lesson-h3-ca-3', 'v-h3-bao-2'),
  ('lesson-h3-ca-3', 'v-h3-bao-gao'),
  ('lesson-h3-ca-4', 'v-h3-bei-hou'),
  ('lesson-h3-ca-4', 'v-h3-bei'),
  ('lesson-h3-ca-4', 'v-h3-bei-zi'),
  ('lesson-h3-ca-4', 'v-h3-ben-ling'),
  ('lesson-h3-ca-4', 'v-h3-ben-shi'),
  ('lesson-h3-ca-4', 'v-h3-bi-sai'),
  ('lesson-h3-ca-5', 'v-h3-bi-ran'),
  ('lesson-h3-ca-5', 'v-h3-bi-yao'),
  ('lesson-h3-ca-5', 'v-h3-biao-ti'),
  ('lesson-h3-ca-5', 'v-h3-biao-zhun'),
  ('lesson-h3-ca-5', 'v-h3-biao-da'),
  ('lesson-h3-ca-5', 'v-h3-biao-ge'),
  ('lesson-h3-ca-6', 'v-h3-biao-mian'),
  ('lesson-h3-ca-6', 'v-h3-biao-ming'),
  ('lesson-h3-ca-6', 'v-h3-biao-xian'),
  ('lesson-h3-ca-6', 'v-h3-biao-yan'),
  ('lesson-h3-ca-6', 'v-h3-bing'),
  ('lesson-h3-ca-6', 'v-h3-bing-qie'),
  ('lesson-h3-ca-7', 'v-h3-bo-chu'),
  ('lesson-h3-ca-7', 'v-h3-bo-fang'),
  ('lesson-h3-ca-7', 'v-h3-bu'),
  ('lesson-h3-ca-7', 'v-h3-bu-chong'),
  ('lesson-h3-ca-7', 'v-h3-bu-an'),
  ('lesson-h3-ca-7', 'v-h3-bu-bi'),
  ('lesson-h3-ca-8', 'v-h3-bu-duan'),
  ('lesson-h3-ca-8', 'v-h3-bu-guang'),
  ('lesson-h3-ca-8', 'v-h3-bu-2'),
  ('lesson-h3-ca-8', 'v-h3-bu-3'),
  ('lesson-h3-ca-8', 'v-h3-bu-4'),
  ('lesson-h3-ca-8', 'v-h3-cai-neng'),
  ('lesson-h3-ca-9', 'v-h3-cai-qu'),
  ('lesson-h3-ca-9', 'v-h3-cai-yong'),
  ('lesson-h3-ca-9', 'v-h3-cai-se'),
  ('lesson-h3-ca-9', 'v-h3-ceng-jing'),
  ('lesson-h3-ca-9', 'v-h3-chan-sheng'),
  ('lesson-h3-ca-9', 'v-h3-han'),
  ('lesson-h3-ca-10', 'v-h3-chang-he'),
  ('lesson-h3-ca-10', 'v-h3-chang-suo'),
  ('lesson-h3-ca-10', 'v-h3-chao-ji'),
  ('lesson-h3-ca-10', 'v-h3-chao'),
  ('lesson-h3-ca-10', 'v-h3-chao-2'),
  ('lesson-h3-ca-10', 'v-h3-chao-jia'),
  ('lesson-h3-ca-11', 'v-h3-chen-shan'),
  ('lesson-h3-ca-11', 'v-h3-chen-yi'),
  ('lesson-h3-ca-11', 'v-h3-cheng-wei'),
  ('lesson-h3-ca-11', 'v-h3-cheng-gong'),
  ('lesson-h3-ca-11', 'v-h3-cheng-guo'),
  ('lesson-h3-ca-11', 'v-h3-cheng-jiu'),
  ('lesson-h3-ca-12', 'v-h3-cheng-li'),
  ('lesson-h3-ca-12', 'v-h3-cheng-shu'),
  ('lesson-h3-ca-12', 'v-h3-cheng-yuan'),
  ('lesson-h3-ca-12', 'v-h3-cheng-zhang'),
  ('lesson-h3-ca-12', 'v-h3-cheng'),
  ('lesson-h3-ca-12', 'v-h3-cheng-shi'),
  ('lesson-h3-ca-13', 'v-h3-cheng-du'),
  ('lesson-h3-ca-13', 'v-h3-chong-man'),
  ('lesson-h3-ca-13', 'v-h3-chu'),
  ('lesson-h3-ca-13', 'v-h3-chu-bu'),
  ('lesson-h3-ca-13', 'v-h3-chu-ji'),
  ('lesson-h3-ca-13', 'v-h3-chu-zhong'),
  ('lesson-h3-ca-14', 'v-h3-chu-le'),
  ('lesson-h3-ca-14', 'v-h3-chuan'),
  ('lesson-h3-ca-14', 'v-h3-chuan-lai'),
  ('lesson-h3-ca-14', 'v-h3-chuang-xin'),
  ('lesson-h3-ca-14', 'v-h3-chuang-ye'),
  ('lesson-h3-ca-14', 'v-h3-chuang-zao'),
  ('lesson-h3-ca-15', 'v-h3-chuang-zuo'),
  ('lesson-h3-ca-15', 'v-h3-cong-lai'),
  ('lesson-h3-ca-15', 'v-h3-cong-qian'),
  ('lesson-h3-ca-15', 'v-h3-cong-shi'),
  ('lesson-h3-ca-15', 'v-h3-cun'),
  ('lesson-h3-ca-15', 'v-h3-cun-2'),
  ('lesson-h3-ca-16', 'v-h3-cun-zai'),
  ('lesson-h3-ca-16', 'v-h3-cuo-wu'),
  ('lesson-h3-ca-16', 'v-h3-da-po'),
  ('lesson-h3-ca-16', 'v-h3-da-ting'),
  ('lesson-h3-ca-16', 'v-h3-da-fu'),
  ('lesson-h3-ca-16', 'v-h3-da-gai'),
  ('lesson-h3-ca-17', 'v-h3-da-shi-guan'),
  ('lesson-h3-ca-17', 'v-h3-dai'),
  ('lesson-h3-ca-17', 'v-h3-dai-biao'),
  ('lesson-h3-ca-17', 'v-h3-dai-biao-tuan'),
  ('lesson-h3-ca-17', 'v-h3-dai-ling'),
  ('lesson-h3-ca-17', 'v-h3-dan-yuan'),
  ('lesson-h3-ca-18', 'v-h3-dang-chu'),
  ('lesson-h3-ca-18', 'v-h3-dang-di'),
  ('lesson-h3-ca-18', 'v-h3-dang-ran'),
  ('lesson-h3-ca-18', 'v-h3-dang-zhong'),
  ('lesson-h3-ca-18', 'v-h3-dao'),
  ('lesson-h3-ca-18', 'v-h3-dao-yan'),
  ('lesson-h3-ca-19', 'v-h3-dao-da'),
  ('lesson-h3-ca-19', 'v-h3-de-fen'),
  ('lesson-h3-ca-19', 'v-h3-di-qu'),
  ('lesson-h3-ca-19', 'v-h3-deng-dai'),
  ('lesson-h3-ca-19', 'v-h3-di-xia'),
  ('lesson-h3-ca-19', 'v-h3-dian-shi-ju'),
  ('lesson-h3-ca-20', 'v-h3-dian-shi-tai'),
  ('lesson-h3-ca-20', 'v-h3-dian-tai'),
  ('lesson-h3-ca-20', 'v-h3-dian-zi-you-jian'),
  ('lesson-h3-ca-20', 'v-h3-diao'),
  ('lesson-h3-ca-20', 'v-h3-diao-cha'),
  ('lesson-h3-ca-20', 'v-h3-ding-qi'),
  ('lesson-h3-ca-21', 'v-h3-dong-bu'),
  ('lesson-h3-ca-21', 'v-h3-dong-li'),
  ('lesson-h3-ca-21', 'v-h3-dong-ren'),
  ('lesson-h3-ca-21', 'v-h3-du-zhe'),
  ('lesson-h3-ca-21', 'v-h3-duan-chu'),
  ('lesson-h3-ca-21', 'v-h3-duan-ku'),
  ('lesson-h3-ca-22', 'v-h3-duan-qi'),
  ('lesson-h3-ca-22', 'v-h3-duan'),
  ('lesson-h3-ca-22', 'v-h3-dui-dai'),
  ('lesson-h3-ca-22', 'v-h3-dui-shou'),
  ('lesson-h3-ca-22', 'v-h3-dui-xiang'),
  ('lesson-h3-ca-22', 'v-h3-fa-biao'),
  ('lesson-h3-ca-23', 'v-h3-fa-da'),
  ('lesson-h3-ca-23', 'v-h3-fa-ming'),
  ('lesson-h3-ca-23', 'v-h3-fa-song'),
  ('lesson-h3-ca-23', 'v-h3-fa-yan'),
  ('lesson-h3-ca-23', 'v-h3-fa-zhan'),
  ('lesson-h3-ca-23', 'v-h3-fan-fu'),
  ('lesson-h3-ca-24', 'v-h3-fan-ying'),
  ('lesson-h3-ca-24', 'v-h3-fan-zheng'),
  ('lesson-h3-ca-24', 'v-h3-fan-wei'),
  ('lesson-h3-ca-24', 'v-h3-fang-shi'),
  ('lesson-h3-ca-24', 'v-h3-fang-zhi'),
  ('lesson-h3-ca-24', 'v-h3-fang-dong'),
  ('lesson-h3-ca-25', 'v-h3-fang-wu'),
  ('lesson-h3-ca-25', 'v-h3-fang-zu'),
  ('lesson-h3-ca-25', 'v-h3-fang-dao'),
  ('lesson-h3-ca-25', 'v-h3-fei'),
  ('lesson-h3-ca-25', 'v-h3-fei-yong'),
  ('lesson-h3-ca-25', 'v-h3-fen-zu'),
  ('lesson-h3-ca-26', 'v-h3-feng-fu'),
  ('lesson-h3-ca-26', 'v-h3-feng-xian'),
  ('lesson-h3-ca-26', 'v-h3-fou-ding'),
  ('lesson-h3-ca-26', 'v-h3-fou-ren'),
  ('lesson-h3-ca-26', 'v-fuwuyuan'),
  ('lesson-h3-ca-26', 'v-h3-fu-zhuang'),
  ('lesson-h3-ca-27', 'v-h3-fu'),
  ('lesson-h3-ca-27', 'v-h3-fu-mu'),
  ('lesson-h3-ca-27', 'v-h3-fu-qin'),
  ('lesson-h3-ca-27', 'v-h3-fu-2'),
  ('lesson-h3-ca-27', 'v-h3-fu-ze'),
  ('lesson-h3-ca-27', 'v-h3-fu-yin'),
  ('lesson-h3-ca-28', 'v-h3-fu-za'),
  ('lesson-h3-ca-28', 'v-h3-fu-3'),
  ('lesson-h3-ca-28', 'v-h3-gai-zao'),
  ('lesson-h3-ca-28', 'v-h3-gan'),
  ('lesson-h3-ca-28', 'v-h3-gan-dao'),
  ('lesson-h3-ca-28', 'v-h3-gan-jin'),
  ('lesson-h3-ca-29', 'v-h3-gan-kuai'),
  ('lesson-h3-ca-29', 'v-h3-gan-2'),
  ('lesson-h3-ca-29', 'v-h3-gan-mao'),
  ('lesson-h3-ca-29', 'v-h3-gan-qing'),
  ('lesson-h3-ca-29', 'v-h3-gan-shou'),
  ('lesson-h3-ca-29', 'v-h3-gan-ma'),
  ('lesson-h3-ca-30', 'v-h3-gao-su'),
  ('lesson-h3-ca-30', 'v-h3-gao-su-gong-lu'),
  ('lesson-h3-ca-30', 'v-h3-ge-mi'),
  ('lesson-h3-ca-30', 'v-h3-ge-sheng'),
  ('lesson-h3-ca-30', 'v-h3-ge-shou'),
  ('lesson-h3-ca-30', 'v-h3-ge-ren'),
  ('lesson-h3-ca-31', 'v-h3-ge-xing'),
  ('lesson-h3-ca-31', 'v-h3-ge'),
  ('lesson-h3-ca-31', 'v-h3-ge-zhong'),
  ('lesson-h3-ca-31', 'v-h3-ge-zi'),
  ('lesson-h3-ca-31', 'v-h3-gen-ben'),
  ('lesson-h3-ca-31', 'v-h3-geng-jia'),
  ('lesson-h3-ca-32', 'v-h3-gong-chang'),
  ('lesson-h3-ca-32', 'v-h3-gong-cheng-shi'),
  ('lesson-h3-ca-32', 'v-h3-gong-fu'),
  ('lesson-h3-ca-32', 'v-h3-gong-ju'),
  ('lesson-h3-ca-32', 'v-h3-gong-ye'),
  ('lesson-h3-ca-32', 'v-h3-gong-zi'),
  ('lesson-h3-ca-33', 'v-h3-gong-bu'),
  ('lesson-h3-ca-33', 'v-h3-gong-min'),
  ('lesson-h3-ca-33', 'v-h3-gong-wu-yuan'),
  ('lesson-h3-ca-33', 'v-h3-gong-fu-2'),
  ('lesson-h3-ca-33', 'v-h3-gong-ke'),
  ('lesson-h3-ca-33', 'v-h3-gong-neng'),
  ('lesson-h3-ca-34', 'v-h3-gong-tong'),
  ('lesson-h3-ca-34', 'v-h3-gong-you'),
  ('lesson-h3-ca-34', 'v-h3-gu-niang'),
  ('lesson-h3-ca-34', 'v-h3-gu'),
  ('lesson-h3-ca-34', 'v-h3-gu-dai'),
  ('lesson-h3-ca-34', 'v-h3-gu-xiang'),
  ('lesson-h3-ca-35', 'v-h3-guan-xi'),
  ('lesson-h3-ca-35', 'v-h3-guan-zhu'),
  ('lesson-h3-ca-35', 'v-h3-guan-cha'),
  ('lesson-h3-ca-35', 'v-h3-guan-kan'),
  ('lesson-h3-ca-35', 'v-h3-guan-nian'),
  ('lesson-h3-ca-35', 'v-h3-guan-zhong'),
  ('lesson-h3-ca-36', 'v-h3-guan'),
  ('lesson-h3-ca-36', 'v-h3-guan-li'),
  ('lesson-h3-ca-36', 'v-h3-guang'),
  ('lesson-h3-ca-36', 'v-h3-guang-ming'),
  ('lesson-h3-ca-36', 'v-h3-guang-bo'),
  ('lesson-h3-ca-36', 'v-h3-guang-da'),
  ('lesson-h3-ca-37', 'v-h3-gui-fan'),
  ('lesson-h3-ca-37', 'v-h3-guo-nei'),
  ('lesson-h3-ca-37', 'v-h3-guo-qing'),
  ('lesson-h3-ca-37', 'v-h3-guo-ran'),
  ('lesson-h3-ca-37', 'v-h3-guo-zhi'),
  ('lesson-h3-ca-37', 'v-h3-guo-cheng'),
  ('lesson-h3-ca-38', 'v-h3-ha-ha'),
  ('lesson-h3-ca-38', 'v-h3-hai-pa'),
  ('lesson-h3-ca-38', 'v-h3-hao-hao'),
  ('lesson-h3-ca-38', 'v-h3-hao-qi'),
  ('lesson-h3-ca-38', 'v-h3-ge-2'),
  ('lesson-h3-ca-38', 'v-h3-he-fa'),
  ('lesson-h3-ca-39', 'v-h3-he-zuo'),
  ('lesson-h3-ca-39', 'v-h3-he-ping'),
  ('lesson-h3-ca-39', 'v-houmian'),
  ('lesson-h3-ca-39', 'v-h3-hu-lian-wang'),
  ('lesson-h3-ca-39', 'v-h3-hu-xiang'),
  ('lesson-h3-ca-39', 'v-h3-hua-ren'),
  ('lesson-h3-ca-40', 'v-h3-hua'),
  ('lesson-h3-ca-40', 'v-h3-hua-chuan'),
  ('lesson-h3-ca-40', 'v-h3-hua-ju'),
  ('lesson-h3-ca-40', 'v-h3-huan-le'),
  ('lesson-h3-ca-40', 'v-h3-huan'),
  ('lesson-h3-ca-40', 'v-h3-huan-bao'),
  ('lesson-h3-ca-41', 'v-h3-huan-jing'),
  ('lesson-h3-ca-41', 'v-h3-hui-yuan'),
  ('lesson-h3-ca-41', 'v-h3-huo'),
  ('lesson-h3-ca-41', 'v-h3-huo-2'),
  ('lesson-h3-ca-41', 'v-h3-ji-qi'),
  ('lesson-h3-ca-41', 'v-h3-ji-ji'),
  ('lesson-h3-ca-42', 'v-h3-ji-ji-xing'),
  ('lesson-h3-ca-42', 'v-h3-ji-ben'),
  ('lesson-h3-ca-42', 'v-h3-ji-ben-shang'),
  ('lesson-h3-ca-42', 'v-h3-ji-chu'),
  ('lesson-h3-ca-42', 'v-h3-ji-shi'),
  ('lesson-h3-ca-42', 'v-h3-ji-le'),
  ('lesson-h3-ca-43', 'v-h3-ji-ti'),
  ('lesson-h3-ca-43', 'v-h3-ji-suan'),
  ('lesson-h3-ca-43', 'v-h3-ji-lu'),
  ('lesson-h3-ca-43', 'v-h3-ji-nian'),
  ('lesson-h3-ca-43', 'v-h3-ji-shu'),
  ('lesson-h3-ca-43', 'v-h3-jia-kuai'),
  ('lesson-h3-ca-44', 'v-h3-jia-ju'),
  ('lesson-h3-ca-44', 'v-h3-jia-shu'),
  ('lesson-h3-ca-44', 'v-h3-jia-xiang'),
  ('lesson-h3-ca-44', 'v-h3-jia-ge'),
  ('lesson-h3-ca-44', 'v-h3-jia-qian'),
  ('lesson-h3-ca-44', 'v-h3-jia-zhi'),
  ('lesson-h3-ca-45', 'v-h3-jia'),
  ('lesson-h3-ca-45', 'v-h3-jian-jue'),
  ('lesson-h3-ca-45', 'v-h3-jian-qiang'),
  ('lesson-h3-ca-45', 'v-h3-jian-dan'),
  ('lesson-h3-ca-45', 'v-h3-jian-zhi'),
  ('lesson-h3-ca-45', 'v-h3-jian'),
  ('lesson-h3-ca-46', 'v-h3-jian-cheng'),
  ('lesson-h3-ca-46', 'v-h3-jian-li'),
  ('lesson-h3-ca-46', 'v-h3-jiang-jin'),
  ('lesson-h3-ca-46', 'v-h3-jiang-lai'),
  ('lesson-h3-ca-46', 'v-h3-jiao-fei'),
  ('lesson-h3-ca-46', 'v-h3-jiao-jing'),
  ('lesson-h3-ca-47', 'v-h3-jiao-wang'),
  ('lesson-h3-ca-47', 'v-h3-jiao-yi'),
  ('lesson-h3-ca-47', 'v-h3-jiao-lian'),
  ('lesson-h3-ca-47', 'v-h3-jie-he'),
  ('lesson-h3-ca-47', 'v-h3-jie-hun'),
  ('lesson-h3-ca-47', 'v-h3-jie-shi'),
  ('lesson-h3-ca-48', 'v-h3-jie-shu'),
  ('lesson-h3-ca-48', 'v-h3-jie-jue'),
  ('lesson-h3-ca-48', 'v-h3-jie-kai'),
  ('lesson-h3-ca-48', 'v-h3-jin'),
  ('lesson-h3-ca-48', 'v-h3-jin-pai'),
  ('lesson-h3-ca-48', 'v-h3-jin-2'),
  ('lesson-h3-ca-49', 'v-h3-jin-jin'),
  ('lesson-h3-ca-49', 'v-h3-jin-liang'),
  ('lesson-h3-ca-49', 'v-h3-jin-3'),
  ('lesson-h3-ca-49', 'v-h3-jin-ji'),
  ('lesson-h3-ca-49', 'v-h3-jin-zhang'),
  ('lesson-h3-ca-49', 'v-h3-jin-qi'),
  ('lesson-h3-ca-50', 'v-h3-jin-yi-bu'),
  ('lesson-h3-ca-50', 'v-h3-jing-ju'),
  ('lesson-h3-ca-50', 'v-h3-jing-ying'),
  ('lesson-h3-ca-50', 'v-h3-jing-cai'),
  ('lesson-h3-ca-50', 'v-h3-jing-shen'),
  ('lesson-h3-ca-50', 'v-h3-jing-se'),
  ('lesson-h3-ca-51', 'v-h3-jing-cha'),
  ('lesson-h3-ca-51', 'v-h3-jing'),
  ('lesson-h3-ca-51', 'v-h3-jiu'),
  ('lesson-h3-ca-51', 'v-jiu-old'),
  ('lesson-h3-ca-51', 'v-h3-jiu-2'),
  ('lesson-h3-ca-51', 'v-h3-jiu-shi'),
  ('lesson-h3-ca-52', 'v-h3-jiu-ye'),
  ('lesson-h3-ca-52', 'v-h3-ju-you'),
  ('lesson-h3-ca-52', 'v-h3-ju-chang'),
  ('lesson-h3-ca-52', 'v-h3-jue-sai'),
  ('lesson-h3-ca-52', 'v-h3-jue-xin'),
  ('lesson-h3-ca-52', 'v-h3-jue-dui'),
  ('lesson-h3-ca-53', 'v-kafei'),
  ('lesson-h3-ca-53', 'v-h3-kai-fa'),
  ('lesson-h3-ca-53', 'v-h3-kai-fang'),
  ('lesson-h3-ca-53', 'v-h3-kai-shi'),
  ('lesson-h3-ca-53', 'v-h3-kai-ye'),
  ('lesson-h3-ca-53', 'v-h3-kai-zhan'),
  ('lesson-h3-ca-54', 'v-h3-kan-qi-lai'),
  ('lesson-h3-ca-54', 'v-h3-kan-shang-qu'),
  ('lesson-h3-ca-54', 'v-h3-kao-yan'),
  ('lesson-h3-ca-54', 'v-h3-ke-ji'),
  ('lesson-h3-ca-54', 'v-h3-ke-kao'),
  ('lesson-h3-ca-54', 'v-h3-ke-le'),
  ('lesson-h3-ca-55', 'v-h3-ke-fu'),
  ('lesson-h3-ca-55', 'v-h3-ke-guan'),
  ('lesson-h3-ca-55', 'v-h3-ke-cheng'),
  ('lesson-h3-ca-55', 'v-h3-kong'),
  ('lesson-h3-ca-55', 'v-h3-kong-r'),
  ('lesson-h3-ca-55', 'v-h3-kong-pa'),
  ('lesson-h3-ca-56', 'v-h3-ku-zi'),
  ('lesson-h3-ca-56', 'v-h3-kuai-su'),
  ('lesson-h3-ca-56', 'v-h3-kun'),
  ('lesson-h3-ca-56', 'v-h3-kun-nan'),
  ('lesson-h3-ca-56', 'v-h3-lang-fei'),
  ('lesson-h3-ca-56', 'v-h3-lao-bai-xing'),
  ('lesson-h3-ca-57', 'v-h3-lao-ban'),
  ('lesson-h3-ca-57', 'v-h3-lao-tai-tai'),
  ('lesson-h3-ca-57', 'v-h3-lao-tou-r'),
  ('lesson-h3-ca-57', 'v-h3-le'),
  ('lesson-h3-ca-57', 'v-h3-yue-dui'),
  ('lesson-h3-ca-57', 'v-h3-le-guan'),
  ('lesson-h3-ca-58', 'v-h3-lei'),
  ('lesson-h3-ca-58', 'v-h3-lei-si'),
  ('lesson-h3-ca-58', 'v-h3-li-hun'),
  ('lesson-h3-ca-58', 'v-limian'),
  ('lesson-h3-ca-58', 'v-h3-li-lun'),
  ('lesson-h3-ca-58', 'v-h3-li'),
  ('lesson-h3-ca-59', 'v-h3-li-liang'),
  ('lesson-h3-ca-59', 'v-h3-li-ke'),
  ('lesson-h3-ca-59', 'v-h3-li-yong'),
  ('lesson-h3-ca-59', 'v-h3-lian'),
  ('lesson-h3-ca-59', 'v-h3-lian-xu-ju'),
  ('lesson-h3-ca-59', 'v-h3-lian-he'),
  ('lesson-h3-ca-60', 'v-h3-lian-he-guo'),
  ('lesson-h3-ca-60', 'v-h3-lian-xi'),
  ('lesson-h3-ca-60', 'v-h3-liang-shui'),
  ('lesson-h3-ca-60', 'v-h3-ling'),
  ('lesson-h3-ca-60', 'v-h3-ling-dao'),
  ('lesson-h3-ca-60', 'v-h3-ling-xian'),
  ('lesson-h3-ca-61', 'v-h3-ling-wai'),
  ('lesson-h3-ca-61', 'v-h3-ling-yi-fang-mian'),
  ('lesson-h3-ca-61', 'v-h3-long'),
  ('lesson-h3-ca-61', 'v-h3-lu'),
  ('lesson-h3-ca-61', 'v-h3-lu-yin'),
  ('lesson-h3-ca-61', 'v-h3-lu-xian'),
  ('lesson-h3-ca-62', 'v-h3-lu-guan'),
  ('lesson-h3-ca-62', 'v-h3-luo-hou'),
  ('lesson-h3-ca-62', 'v-h3-ma-fan'),
  ('lesson-h3-ca-62', 'v-ma-horse'),
  ('lesson-h3-ca-62', 'v-h3-man-zu'),
  ('lesson-h3-ca-62', 'v-h3-man-man'),
  ('lesson-h3-ca-63', 'v-h3-mao-bing'),
  ('lesson-h3-ca-63', 'v-h3-mei-yong'),
  ('lesson-h3-ca-63', 'v-mei'),
  ('lesson-h3-ca-63', 'v-h3-mei'),
  ('lesson-h3-ca-63', 'v-h3-mei-hao'),
  ('lesson-h3-ca-63', 'v-h3-mei-li'),
  ('lesson-h3-ca-64', 'v-h3-mei-shi'),
  ('lesson-h3-ca-64', 'v-h3-mei-yuan'),
  ('lesson-h3-ca-64', 'v-h3-mi'),
  ('lesson-h3-ca-64', 'v-h3-mian-ji'),
  ('lesson-h3-ca-64', 'v-h3-min-jian'),
  ('lesson-h3-ca-64', 'v-h3-min-zu'),
  ('lesson-h3-ca-65', 'v-h3-ming-que'),
  ('lesson-h3-ca-65', 'v-h3-ming-xian'),
  ('lesson-h3-ca-65', 'v-h3-ming-yun'),
  ('lesson-h3-ca-65', 'v-h3-mou'),
  ('lesson-h3-ca-65', 'v-h3-mu-qin'),
  ('lesson-h3-ca-65', 'v-h3-mu-tou'),
  ('lesson-h3-ca-66', 'v-h3-mu-biao'),
  ('lesson-h3-ca-66', 'v-h3-mu-qian'),
  ('lesson-h3-ca-66', 'v-h3-nan-zi'),
  ('lesson-h3-ca-66', 'v-h3-nan-du'),
  ('lesson-h3-ca-66', 'v-h3-nei'),
  ('lesson-h3-ca-66', 'v-h3-neng-buneng'),
  ('lesson-h3-ca-67', 'v-h3-neng-li'),
  ('lesson-h3-ca-67', 'v-h3-nian-dai'),
  ('lesson-h3-ca-67', 'v-h3-nian-ji'),
  ('lesson-h3-ca-67', 'v-h3-nian'),
  ('lesson-h3-ca-67', 'v-h3-niu'),
  ('lesson-h3-ca-67', 'v-h3-nong-cun'),
  ('lesson-h3-ca-68', 'v-h3-nong-min'),
  ('lesson-h3-ca-68', 'v-h3-nu-zi'),
  ('lesson-h3-ca-68', 'v-h3-nuan-huo'),
  ('lesson-h3-ca-68', 'v-h3-pai'),
  ('lesson-h3-ca-68', 'v-h3-pai-ming'),
  ('lesson-h3-ca-68', 'v-h3-pai-2'),
  ('lesson-h3-ca-69', 'v-h3-pan-duan'),
  ('lesson-h3-ca-69', 'v-h3-pan'),
  ('lesson-h3-ca-69', 'v-h3-pao-bu'),
  ('lesson-h3-ca-69', 'v-h3-pi-ping'),
  ('lesson-h3-ca-69', 'v-h3-pi'),
  ('lesson-h3-ca-69', 'v-h3-pi-bao'),
  ('lesson-h3-ca-70', 'v-pijiu'),
  ('lesson-h3-ca-70', 'v-h3-piao-jia'),
  ('lesson-h3-ca-70', 'v-h3-ping-jia'),
  ('lesson-h3-ca-70', 'v-pingguo'),
  ('lesson-h3-ca-70', 'v-h3-po'),
  ('lesson-h3-ca-70', 'v-h3-po-huai'),
  ('lesson-h3-ca-71', 'v-h3-pu-bian'),
  ('lesson-h3-ca-71', 'v-h3-pu-ji'),
  ('lesson-h3-ca-71', 'v-h3-qi'),
  ('lesson-h3-ca-71', 'v-h3-qi-2'),
  ('lesson-h3-ca-71', 'v-h3-qi-ci'),
  ('lesson-h3-ca-71', 'v-h3-qi-shi'),
  ('lesson-h3-ca-72', 'v-h3-qi-guai'),
  ('lesson-h3-ca-72', 'v-h3-qi-hou'),
  ('lesson-h3-ca-72', 'v-h3-qian-wan'),
  ('lesson-h3-ca-72', 'v-h3-qian-hou'),
  ('lesson-h3-ca-72', 'v-h3-qian-jin'),
  ('lesson-h3-ca-72', 'v-qianmian'),
  ('lesson-h3-ca-73', 'v-h3-qiang'),
  ('lesson-h3-ca-73', 'v-h3-qiang-da'),
  ('lesson-h3-ca-73', 'v-h3-qiang-diao'),
  ('lesson-h3-ca-73', 'v-h3-qiang-lie'),
  ('lesson-h3-ca-73', 'v-h3-qiao'),
  ('lesson-h3-ca-73', 'v-h3-qiao-2'),
  ('lesson-h3-ca-74', 'v-h3-qin'),
  ('lesson-h3-ca-74', 'v-h3-qin-qie'),
  ('lesson-h3-ca-74', 'v-h3-qin-zi'),
  ('lesson-h3-ca-74', 'v-h3-qing-gan'),
  ('lesson-h3-ca-74', 'v-h3-qing-kuang'),
  ('lesson-h3-ca-74', 'v-h3-qing-jiao'),
  ('lesson-h3-ca-75', 'v-h3-qiu-mi'),
  ('lesson-h3-ca-75', 'v-h3-ou'),
  ('lesson-h3-ca-75', 'v-h3-qu-bie'),
  ('lesson-h3-ca-75', 'v-h3-qu-shi'),
  ('lesson-h3-ca-75', 'v-h3-quan-mian'),
  ('lesson-h3-ca-75', 'v-h3-quan-qiu'),
  ('lesson-h3-ca-76', 'v-h3-que'),
  ('lesson-h3-ca-76', 'v-h3-que-dian'),
  ('lesson-h3-ca-76', 'v-h3-que-shao'),
  ('lesson-h3-ca-76', 'v-h3-que-bao'),
  ('lesson-h3-ca-76', 'v-h3-que-ding'),
  ('lesson-h3-ca-76', 'v-h3-que-shi'),
  ('lesson-h3-ca-77', 'v-h3-qun-zi'),
  ('lesson-h3-ca-77', 'v-h3-qun'),
  ('lesson-h3-ca-77', 'v-h3-re-ai'),
  ('lesson-h3-ca-77', 'v-h3-re-lie'),
  ('lesson-h3-ca-77', 'v-h3-ren-cai'),
  ('lesson-h3-ca-77', 'v-h3-ren-lei'),
  ('lesson-h3-ca-78', 'v-h3-ren-min'),
  ('lesson-h3-ca-78', 'v-h3-ren-min-bi'),
  ('lesson-h3-ca-78', 'v-h3-ren-qun'),
  ('lesson-h3-ca-78', 'v-h3-ren-yuan'),
  ('lesson-h3-ca-78', 'v-h3-ren-chu'),
  ('lesson-h3-ca-78', 'v-h3-ren-de'),
  ('lesson-h3-ca-79', 'v-h3-ren'),
  ('lesson-h3-ca-79', 'v-h3-ren-he'),
  ('lesson-h3-ca-79', 'v-h3-reng'),
  ('lesson-h3-ca-79', 'v-h3-rong-yi'),
  ('lesson-h3-ca-79', 'v-h3-ru-he'),
  ('lesson-h3-ca-79', 'v-h3-san-bu'),
  ('lesson-h3-ca-80', 'v-h3-sha-fa'),
  ('lesson-h3-ca-80', 'v-h3-sha-zi'),
  ('lesson-h3-ca-80', 'v-h3-shang'),
  ('lesson-h3-ca-80', 'v-h3-shang-xin'),
  ('lesson-h3-ca-80', 'v-h3-shang-pin'),
  ('lesson-h3-ca-80', 'v-h3-shang-ye'),
  ('lesson-h3-ca-81', 'v-h3-shang-lai'),
  ('lesson-h3-ca-81', 'v-h3-shang-mian'),
  ('lesson-h3-ca-81', 'v-h3-shang-qu'),
  ('lesson-h3-ca-81', 'v-h3-shang-sheng'),
  ('lesson-h3-ca-81', 'v-h3-shang-yi'),
  ('lesson-h3-ca-81', 'v-h3-she-bei'),
  ('lesson-h3-ca-82', 'v-h3-she-li'),
  ('lesson-h3-ca-82', 'v-h3-she-hui'),
  ('lesson-h3-ca-82', 'v-h3-shen-fen-zheng'),
  ('lesson-h3-ca-82', 'v-h3-shen'),
  ('lesson-h3-ca-82', 'v-h3-shen-ru'),
  ('lesson-h3-ca-82', 'v-h3-sheng-cun'),
  ('lesson-h3-ca-83', 'v-h3-sheng-dong'),
  ('lesson-h3-ca-83', 'v-h3-sheng-ming'),
  ('lesson-h3-ca-83', 'v-h3-sheng-yi'),
  ('lesson-h3-ca-83', 'v-h3-sheng-zhang'),
  ('lesson-h3-ca-83', 'v-h3-sheng-ming-2'),
  ('lesson-h3-ca-83', 'v-h3-sheng'),
  ('lesson-h3-ca-84', 'v-h3-sheng-li'),
  ('lesson-h3-ca-84', 'v-h3-shi-tou'),
  ('lesson-h3-ca-84', 'v-h3-shi-you'),
  ('lesson-h3-ca-84', 'v-h3-shi'),
  ('lesson-h3-ca-84', 'v-h3-shi-ke'),
  ('lesson-h3-ca-84', 'v-h3-shi-ji-shang'),
  ('lesson-h3-ca-85', 'v-h3-shi-li'),
  ('lesson-h3-ca-85', 'v-h3-shi-xing'),
  ('lesson-h3-ca-85', 'v-h3-shi-yan'),
  ('lesson-h3-ca-85', 'v-h3-shi-yan-shi'),
  ('lesson-h3-ca-85', 'v-h3-shi-2'),
  ('lesson-h3-ca-85', 'v-h3-shi-ji'),
  ('lesson-h3-ca-86', 'v-h3-shi-jie'),
  ('lesson-h3-ca-86', 'v-h3-shi-jie-bei'),
  ('lesson-h3-ca-86', 'v-h3-shi-chang'),
  ('lesson-h3-ca-86', 'v-h3-shi-gu'),
  ('lesson-h3-ca-86', 'v-h3-shi-jian'),
  ('lesson-h3-ca-86', 'v-h3-shi-shi'),
  ('lesson-h3-ca-87', 'v-h3-shi-shi-shang'),
  ('lesson-h3-ca-87', 'v-h3-shi-ye'),
  ('lesson-h3-ca-87', 'v-h3-shi-ti'),
  ('lesson-h3-ca-87', 'v-h3-shi-yan-2'),
  ('lesson-h3-ca-87', 'v-h3-shi-3'),
  ('lesson-h3-ca-87', 'v-h3-shi-he'),
  ('lesson-h3-ca-88', 'v-h3-shi-yong'),
  ('lesson-h3-ca-88', 'v-h3-shou-fei'),
  ('lesson-h3-ca-88', 'v-h3-shou-ting'),
  ('lesson-h3-ca-88', 'v-h3-shou-yin-ji'),
  ('lesson-h3-ca-88', 'v-h3-shou-zhi'),
  ('lesson-h3-ca-88', 'v-h3-shou-du'),
  ('lesson-h3-ca-89', 'v-h3-shou-xian'),
  ('lesson-h3-ca-89', 'v-h3-shou'),
  ('lesson-h3-ca-89', 'v-h3-shou-shang'),
  ('lesson-h3-ca-89', 'v-h3-shu-jia'),
  ('lesson-h3-ca-89', 'v-h3-shu-ru'),
  ('lesson-h3-ca-89', 'v-h3-shu-ren'),
  ('lesson-h3-ca-90', 'v-h3-shu'),
  ('lesson-h3-ca-90', 'v-h3-shu-yu'),
  ('lesson-h3-ca-90', 'v-h3-shu-2'),
  ('lesson-h3-ca-90', 'v-h3-shu-liang'),
  ('lesson-h3-ca-90', 'v-h3-shuang'),
  ('lesson-h3-ca-90', 'v-h3-si-xiang'),
  ('lesson-h3-ca-91', 'v-h3-si'),
  ('lesson-h3-ca-91', 'v-h3-su-du'),
  ('lesson-h3-ca-91', 'v-h3-sui'),
  ('lesson-h3-ca-91', 'v-h3-suo'),
  ('lesson-h3-ca-91', 'v-h3-suo-chang'),
  ('lesson-h3-ca-91', 'v-h3-tai'),
  ('lesson-h3-ca-92', 'v-h3-tan'),
  ('lesson-h3-ca-92', 'v-h3-tan-hua'),
  ('lesson-h3-ca-92', 'v-h3-tan-pan'),
  ('lesson-h3-ca-92', 'v-tang'),
  ('lesson-h3-ca-92', 'v-h3-tang'),
  ('lesson-h3-ca-92', 'v-h3-te-se'),
  ('lesson-h3-ca-93', 'v-h3-ti-qian'),
  ('lesson-h3-ca-93', 'v-h3-ti-wen'),
  ('lesson-h3-ca-93', 'v-h3-ti-mu'),
  ('lesson-h3-ca-93', 'v-h3-ti-xian'),
  ('lesson-h3-ca-93', 'v-h3-tian-kong'),
  ('lesson-h3-ca-93', 'v-h3-tian'),
  ('lesson-h3-ca-94', 'v-h3-tiao'),
  ('lesson-h3-ca-94', 'v-h3-tiao-gao'),
  ('lesson-h3-ca-94', 'v-h3-tiao-wu'),
  ('lesson-h3-ca-94', 'v-h3-tiao-yuan'),
  ('lesson-h3-ca-94', 'v-h3-tie'),
  ('lesson-h3-ca-94', 'v-h3-tie-lu'),
  ('lesson-h3-ca-95', 'v-h3-ting-li'),
  ('lesson-h3-ca-95', 'v-h3-ting-zhong'),
  ('lesson-h3-ca-95', 'v-h3-tong-chang'),
  ('lesson-h3-ca-95', 'v-h3-tong-xin'),
  ('lesson-h3-ca-95', 'v-h3-tong'),
  ('lesson-h3-ca-95', 'v-h3-tong-ku'),
  ('lesson-h3-ca-96', 'v-h3-tou-nao'),
  ('lesson-h3-ca-96', 'v-h3-tu-ran'),
  ('lesson-h3-ca-96', 'v-h3-tu'),
  ('lesson-h3-ca-96', 'v-h3-tu-2'),
  ('lesson-h3-ca-96', 'v-h3-tuan'),
  ('lesson-h3-ca-96', 'v-h3-tuan-jie'),
  ('lesson-h3-ca-97', 'v-h3-tuan-ti'),
  ('lesson-h3-ca-97', 'v-h3-tui-jin'),
  ('lesson-h3-ca-97', 'v-h3-tui-kai'),
  ('lesson-h3-ca-97', 'v-h3-tui'),
  ('lesson-h3-ca-97', 'v-h3-tui-chu'),
  ('lesson-h3-ca-97', 'v-h3-tui-xiu'),
  ('lesson-h3-ca-98', 'v-h3-wai-jiao'),
  ('lesson-h3-ca-98', 'v-waimian'),
  ('lesson-h3-ca-98', 'v-h3-wai-wen'),
  ('lesson-h3-ca-98', 'v-h3-wan-mei'),
  ('lesson-h3-ca-98', 'v-h3-wan-shan'),
  ('lesson-h3-ca-98', 'v-h3-wan-ju'),
  ('lesson-h3-ca-99', 'v-h3-wang-wang'),
  ('lesson-h3-ca-99', 'v-h3-wei-hai'),
  ('lesson-h3-ca-99', 'v-h3-wei'),
  ('lesson-h3-ca-99', 'v-h3-wei-sheng'),
  ('lesson-h3-ca-99', 'v-h3-wei-sheng-jian'),
  ('lesson-h3-ca-99', 'v-h3-wei-le'),
  ('lesson-h3-ca-100', 'v-h3-wen-nuan'),
  ('lesson-h3-ca-100', 'v-h3-wen-jian'),
  ('lesson-h3-ca-100', 'v-h3-wen-ming'),
  ('lesson-h3-ca-100', 'v-h3-wen-xue'),
  ('lesson-h3-ca-100', 'v-h3-wen-zi'),
  ('lesson-h3-ca-100', 'v-h3-wo-shou'),
  ('lesson-h3-ca-101', 'v-h3-wu-zi'),
  ('lesson-h3-ca-101', 'v-h3-wu-qi'),
  ('lesson-h3-ca-101', 'v-h3-wu-shu'),
  ('lesson-h3-ca-101', 'v-h3-wu-tai'),
  ('lesson-h3-ca-101', 'v-h3-xi-wang'),
  ('lesson-h3-ca-101', 'v-h3-xia-lai'),
  ('lesson-h3-ca-102', 'v-h3-xia-mian'),
  ('lesson-h3-ca-102', 'v-h3-xia-qu'),
  ('lesson-h3-ca-102', 'v-h3-xian-de'),
  ('lesson-h3-ca-102', 'v-h3-xian-ran'),
  ('lesson-h3-ca-102', 'v-h3-xian-shi'),
  ('lesson-h3-ca-102', 'v-h3-xian-chang'),
  ('lesson-h3-ca-103', 'v-h3-xian-dai'),
  ('lesson-h3-ca-103', 'v-h3-xian-dai-hua'),
  ('lesson-h3-ca-103', 'v-h3-xian-jin'),
  ('lesson-h3-ca-103', 'v-h3-xian-shi-2'),
  ('lesson-h3-ca-103', 'v-h3-xian-xiang'),
  ('lesson-h3-ca-103', 'v-h3-xian'),
  ('lesson-h3-ca-104', 'v-h3-xiang-dang'),
  ('lesson-h3-ca-104', 'v-h3-xiang-hu'),
  ('lesson-h3-ca-104', 'v-h3-xiang-si'),
  ('lesson-h3-ca-104', 'v-h3-xiang'),
  ('lesson-h3-ca-104', 'v-xiangjiao'),
  ('lesson-h3-ca-104', 'v-h3-xiao-shi'),
  ('lesson-h3-ca-105', 'v-h3-xiao-guo'),
  ('lesson-h3-ca-105', 'v-h3-xie-zuo'),
  ('lesson-h3-ca-105', 'v-h3-xin-feng'),
  ('lesson-h3-ca-105', 'v-h3-xin-ren'),
  ('lesson-h3-ca-105', 'v-h3-xing-li'),
  ('lesson-h3-ca-105', 'v-h3-xing-cheng'),
  ('lesson-h3-ca-106', 'v-h3-xing-shi'),
  ('lesson-h3-ca-106', 'v-h3-xing-xiang'),
  ('lesson-h3-ca-106', 'v-h3-xing-zhuang'),
  ('lesson-h3-ca-106', 'v-h3-xing-fu'),
  ('lesson-h3-ca-106', 'v-h3-xing-yun'),
  ('lesson-h3-ca-106', 'v-h3-xing'),
  ('lesson-h3-ca-107', 'v-h3-xing-ge'),
  ('lesson-h3-ca-107', 'v-h3-xiu'),
  ('lesson-h3-ca-107', 'v-h3-xu-qiu'),
  ('lesson-h3-ca-107', 'v-h3-xu-yao'),
  ('lesson-h3-ca-107', 'v-h3-xuan-bu'),
  ('lesson-h3-ca-107', 'v-h3-xuan-chuan'),
  ('lesson-h3-ca-108', 'v-h3-xuan-shou'),
  ('lesson-h3-ca-108', 'v-h3-xue-fei'),
  ('lesson-h3-ca-108', 'v-h3-xue'),
  ('lesson-h3-ca-108', 'v-h3-xun-lian'),
  ('lesson-h3-ca-108', 'v-h3-ya'),
  ('lesson-h3-ca-108', 'v-h3-ya-li'),
  ('lesson-h3-ca-109', 'v-h3-yan'),
  ('lesson-h3-ca-109', 'v-h3-yan-2'),
  ('lesson-h3-ca-109', 'v-h3-yan-chang'),
  ('lesson-h3-ca-109', 'v-h3-yan-chu'),
  ('lesson-h3-ca-109', 'v-h3-yan-yuan'),
  ('lesson-h3-ca-109', 'v-h3-yang'),
  ('lesson-h3-ca-110', 'v-h3-yang-guang'),
  ('lesson-h3-ca-110', 'v-h3-yao-shi'),
  ('lesson-h3-ca-110', 'v-h3-yi-fang-mian'),
  ('lesson-h3-ca-110', 'v-h3-yi-jia'),
  ('lesson-h3-ca-110', 'v-h3-yi-wai'),
  ('lesson-h3-ca-110', 'v-h3-yi-yi'),
  ('lesson-h3-ca-111', 'v-h3-yin'),
  ('lesson-h3-ca-111', 'v-h3-yin-pai'),
  ('lesson-h3-ca-111', 'v-h3-ying-dang'),
  ('lesson-h3-ca-111', 'v-h3-ying-yong'),
  ('lesson-h3-ca-111', 'v-h3-ying-jie'),
  ('lesson-h3-ca-111', 'v-h3-ying-yang'),
  ('lesson-h3-ca-112', 'v-h3-ying'),
  ('lesson-h3-ca-112', 'v-h3-ying-shi'),
  ('lesson-h3-ca-112', 'v-h3-you-dian'),
  ('lesson-h3-ca-112', 'v-h3-you-shi'),
  ('lesson-h3-ca-112', 'v-h3-you'),
  ('lesson-h3-ca-112', 'v-h3-you-yu'),
  ('lesson-h3-ca-113', 'v-h3-you-jian'),
  ('lesson-h3-ca-113', 'v-h3-you-piao'),
  ('lesson-h3-ca-113', 'v-h3-you-xiang'),
  ('lesson-h3-ca-113', 'v-h3-you-2'),
  ('lesson-h3-ca-113', 'v-h3-you-xi'),
  ('lesson-h3-ca-113', 'v-h3-you-yong'),
  ('lesson-h3-ca-114', 'v-h3-you-de-shi'),
  ('lesson-h3-ca-114', 'v-h3-you-xiao'),
  ('lesson-h3-ca-114', 'v-h3-yu-bao'),
  ('lesson-h3-ca-114', 'v-h3-yu-fang'),
  ('lesson-h3-ca-114', 'v-h3-yu-ji'),
  ('lesson-h3-ca-114', 'v-h3-yuan'),
  ('lesson-h3-ca-115', 'v-h3-yuan-gong'),
  ('lesson-h3-ca-115', 'v-h3-yuan-wang'),
  ('lesson-h3-ca-115', 'v-h3-yao'),
  ('lesson-h3-ca-115', 'v-h3-yun-shu'),
  ('lesson-h3-ca-115', 'v-h3-za-zhi'),
  ('lesson-h3-ca-115', 'v-h3-zao'),
  ('lesson-h3-ca-116', 'v-h3-zao-cheng'),
  ('lesson-h3-ca-116', 'v-h3-ze-ren'),
  ('lesson-h3-ca-116', 'v-h3-zeng-jia'),
  ('lesson-h3-ca-116', 'v-h3-zeng-zhang'),
  ('lesson-h3-ca-116', 'v-h3-zhan-kai'),
  ('lesson-h3-ca-116', 'v-h3-zhang'),
  ('lesson-h3-ca-117', 'v-h3-chang-cheng'),
  ('lesson-h3-ca-117', 'v-h3-chang-chu'),
  ('lesson-h3-ca-117', 'v-h3-chang-qi'),
  ('lesson-h3-ca-117', 'v-h3-zhao'),
  ('lesson-h3-ca-117', 'v-h3-zhe'),
  ('lesson-h3-ca-117', 'v-h3-zhen-shi'),
  ('lesson-h3-ca-118', 'v-h3-zheng'),
  ('lesson-h3-ca-118', 'v-h3-zheng-qu'),
  ('lesson-h3-ca-118', 'v-h3-zheng-2'),
  ('lesson-h3-ca-118', 'v-h3-zheng-ge'),
  ('lesson-h3-ca-118', 'v-h3-zheng-qi'),
  ('lesson-h3-ca-118', 'v-h3-zheng-ti'),
  ('lesson-h3-ca-119', 'v-h3-zheng-tian'),
  ('lesson-h3-ca-119', 'v-h3-zheng-zheng'),
  ('lesson-h3-ca-119', 'v-h3-zheng-shi'),
  ('lesson-h3-ca-119', 'v-h3-zheng-3'),
  ('lesson-h3-ca-119', 'v-h3-zheng-jian'),
  ('lesson-h3-ca-119', 'v-h3-zheng-ju'),
  ('lesson-h3-ca-120', 'v-h3-zhi'),
  ('lesson-h3-ca-120', 'v-h3-zhi-chi'),
  ('lesson-h3-ca-120', 'v-h3-zhi-fu'),
  ('lesson-h3-ca-120', 'v-h3-zhi-2'),
  ('lesson-h3-ca-120', 'v-h3-zhi-bo'),
  ('lesson-h3-ca-120', 'v-h3-zhi-dao'),
  ('lesson-h3-ca-121', 'v-h3-zhi-3'),
  ('lesson-h3-ca-121', 'v-h3-zhi-de'),
  ('lesson-h3-ca-121', 'v-h3-zhi-gong'),
  ('lesson-h3-ca-121', 'v-h3-zhi-you'),
  ('lesson-h3-ca-121', 'v-h3-zhi-4'),
  ('lesson-h3-ca-121', 'v-h3-zhi-chu'),
  ('lesson-h3-ca-122', 'v-h3-zhi-dao-2'),
  ('lesson-h3-ca-122', 'v-h3-zhi-jin'),
  ('lesson-h3-ca-122', 'v-h3-zhi-shao'),
  ('lesson-h3-ca-122', 'v-h3-zhi-yuan'),
  ('lesson-h3-ca-122', 'v-h3-zhi-yuan-zhe'),
  ('lesson-h3-ca-122', 'v-h3-zhi-du'),
  ('lesson-h3-ca-123', 'v-h3-zhi-zao'),
  ('lesson-h3-ca-123', 'v-h3-zhi-zuo'),
  ('lesson-h3-ca-123', 'v-h3-zhong-hua-min-zu'),
  ('lesson-h3-ca-123', 'v-h3-zhong-yu'),
  ('lesson-h3-ca-123', 'v-h3-zhong'),
  ('lesson-h3-ca-123', 'v-h3-zhong-2'),
  ('lesson-h3-ca-124', 'v-h3-zhong-zi'),
  ('lesson-h3-ca-124', 'v-h3-zhong-da'),
  ('lesson-h3-ca-124', 'v-h3-zhou-wei'),
  ('lesson-h3-ca-124', 'v-h3-zhu'),
  ('lesson-h3-ca-124', 'v-h3-zhu-chi'),
  ('lesson-h3-ca-124', 'v-h3-zhu-dong'),
  ('lesson-h3-ca-125', 'v-h3-zhu-ren'),
  ('lesson-h3-ca-125', 'v-h3-zhu-zhang'),
  ('lesson-h3-ca-125', 'v-h3-zhu-yi'),
  ('lesson-h3-ca-125', 'v-h3-zhu-2'),
  ('lesson-h3-ca-125', 'v-h3-zhua'),
  ('lesson-h3-ca-125', 'v-h3-zhua-zhu'),
  ('lesson-h3-ca-126', 'v-h3-zhuan-jia'),
  ('lesson-h3-ca-126', 'v-h3-zhuan-men'),
  ('lesson-h3-ca-126', 'v-h3-zhuan-ye'),
  ('lesson-h3-ca-126', 'v-h3-zhuai'),
  ('lesson-h3-ca-126', 'v-h3-dui'),
  ('lesson-h3-ca-126', 'v-h3-zi-ge'),
  ('lesson-h3-ca-127', 'v-h3-zi-jin'),
  ('lesson-h3-ca-127', 'v-h3-zi-nu'),
  ('lesson-h3-ca-127', 'v-h3-zi-dong'),
  ('lesson-h3-ca-127', 'v-h3-zi-ran'),
  ('lesson-h3-ca-127', 'v-h3-zi-shen'),
  ('lesson-h3-ca-127', 'v-h3-zong'),
  ('lesson-h3-ca-128', 'v-h3-zong-jie'),
  ('lesson-h3-ca-128', 'v-h3-zong-shi'),
  ('lesson-h3-ca-128', 'v-h3-zu-gou'),
  ('lesson-h3-ca-128', 'v-h3-zu-qiu'),
  ('lesson-h3-ca-128', 'v-h3-zu-he'),
  ('lesson-h3-ca-128', 'v-h3-zuo-you'),
  ('lesson-h3-ca-129', 'v-h3-zuo-zhe'),
  ('lesson-h3-ca-review', 'v-h3-ai-xin'),
  ('lesson-h3-ca-review', 'v-h3-an-zhuang'),
  ('lesson-h3-ca-review', 'v-h3-an'),
  ('lesson-h3-ca-review', 'v-h3-an-zhao'),
  ('lesson-h3-ca-review', 'v-h3-ba'),
  ('lesson-h3-ca-review', 'v-h3-ba-wo'),
  ('lesson-h3-ca-review', 'v-h3-bai-cai'),
  ('lesson-h3-ca-review', 'v-h3-ban-ji'),
  ('lesson-h3-ca-review', 'v-h3-ban'),
  ('lesson-h3-ca-review', 'v-h3-ban-jia'),
  ('lesson-h3-ca-review', 'v-h3-ban-2'),
  ('lesson-h3-ca-review', 'v-h3-bao'),
  ('lesson-h3-cb-1', 'v-h3-ban-li'),
  ('lesson-h3-cb-1', 'v-h3-ben-lai'),
  ('lesson-h3-cb-1', 'v-h3-bian-hua'),
  ('lesson-h3-cb-1', 'v-h3-bian-wei'),
  ('lesson-h3-cb-1', 'v-h3-bu-jin'),
  ('lesson-h3-cb-1', 'v-h3-bu-lun'),
  ('lesson-h3-cb-2', 'v-h3-chi-xu'),
  ('lesson-h3-cb-2', 'v-h3-chu-li'),
  ('lesson-h3-cb-2', 'v-h3-chuan-shuo'),
  ('lesson-h3-cb-2', 'v-h3-dao-di'),
  ('lesson-h3-cb-2', 'v-h3-tiao-zheng'),
  ('lesson-h3-cb-2', 'v-h3-dun'),
  ('lesson-h3-cb-3', 'v-h3-fa-chu'),
  ('lesson-h3-cb-3', 'v-h3-fa-dong'),
  ('lesson-h3-cb-3', 'v-h3-fan-dui'),
  ('lesson-h3-cb-3', 'v-h3-fang-wen'),
  ('lesson-h3-cb-3', 'v-h3-ge-wei'),
  ('lesson-h3-cb-3', 'v-h3-gua'),
  ('lesson-h3-cb-4', 'v-h3-ji-xu'),
  ('lesson-h3-cb-4', 'v-h3-jia-qiang'),
  ('lesson-h3-cb-4', 'v-h3-jian-chi'),
  ('lesson-h3-cb-4', 'v-h3-jiao-liu'),
  ('lesson-h3-cb-4', 'v-h3-jie-dai'),
  ('lesson-h3-cb-4', 'v-h3-jing-li'),
  ('lesson-h3-cb-5', 'v-h3-jing-yan'),
  ('lesson-h3-cb-5', 'v-h3-li-fa'),
  ('lesson-h3-cb-5', 'v-h3-li-jie'),
  ('lesson-h3-cb-5', 'v-h3-lu-xing-she'),
  ('lesson-h3-cb-5', 'v-h3-quan-chang'),
  ('lesson-h3-cb-5', 'v-h3-reng-ran'),
  ('lesson-h3-cb-6', 'v-h3-ri-chang'),
  ('lesson-h3-cb-6', 'v-h3-sheng-2'),
  ('lesson-h3-cb-6', 'v-h3-shi-zhong'),
  ('lesson-h3-cb-6', 'v-h3-shi-ying'),
  ('lesson-h3-cb-6', 'v-h3-shuang-fang'),
  ('lesson-h3-cb-6', 'v-h3-ti-hui'),
  ('lesson-h3-cb-7', 'v-h3-ti-yan'),
  ('lesson-h3-cb-7', 'v-h3-ting-zhi'),
  ('lesson-h3-cb-7', 'v-h3-tui-guang'),
  ('lesson-h3-cb-7', 'v-h3-wan-zheng'),
  ('lesson-h3-cb-7', 'v-h3-xing-bie'),
  ('lesson-h3-cb-7', 'v-h3-xiu-gai'),
  ('lesson-h3-cb-8', 'v-h3-yan-qian'),
  ('lesson-h3-cb-8', 'v-h3-yi-qie'),
  ('lesson-h3-cb-8', 'v-h3-yi'),
  ('lesson-h3-cb-8', 'v-h3-yin-xiang'),
  ('lesson-h3-cb-8', 'v-h3-zhi-shi'),
  ('lesson-h3-cb-8', 'v-h3-zhuan-bian'),
  ('lesson-h3-cb-9', 'v-h3-zi-zhu'),
  ('lesson-h3-cb-9', 'v-h3-zuo-ke'),
  ('lesson-h3-cb-review', 'v-h3-ban-li'),
  ('lesson-h3-cb-review', 'v-h3-ben-lai'),
  ('lesson-h3-cb-review', 'v-h3-bian-hua'),
  ('lesson-h3-cb-review', 'v-h3-bian-wei'),
  ('lesson-h3-cb-review', 'v-h3-bu-jin'),
  ('lesson-h3-cb-review', 'v-h3-bu-lun'),
  ('lesson-h3-cb-review', 'v-h3-chi-xu'),
  ('lesson-h3-cb-review', 'v-h3-chu-li'),
  ('lesson-h3-cb-review', 'v-h3-chuan-shuo'),
  ('lesson-h3-cb-review', 'v-h3-dao-di'),
  ('lesson-h3-cb-review', 'v-h3-tiao-zheng'),
  ('lesson-h3-cb-review', 'v-h3-dun'),
  ('lesson-h3-cc-1', 'v-h3-an-pai'),
  ('lesson-h3-cc-1', 'v-h3-chu-yi'),
  ('lesson-h3-cc-1', 'v-h3-da-dao'),
  ('lesson-h3-cc-1', 'v-h3-fei-xing'),
  ('lesson-h3-cc-1', 'v-h3-gui-ding'),
  ('lesson-h3-cc-1', 'v-h3-he-ge'),
  ('lesson-h3-cc-2', 'v-h3-hou-nian'),
  ('lesson-h3-cc-2', 'v-h3-hui-yi'),
  ('lesson-h3-cc-2', 'v-h3-liu-xue'),
  ('lesson-h3-cc-2', 'v-h3-nian-chu'),
  ('lesson-h3-cc-2', 'v-h3-nian-di'),
  ('lesson-h3-cc-2', 'v-h3-qu-xiao'),
  ('lesson-h3-cc-3', 'v-h3-she-ji'),
  ('lesson-h3-cc-3', 'v-h3-shi-dai'),
  ('lesson-h3-cc-3', 'v-h3-tui-dong'),
  ('lesson-h3-cc-3', 'v-h3-xian-jin-2'),
  ('lesson-h3-cc-3', 'v-h3-xiang-guan'),
  ('lesson-h3-cc-3', 'v-h3-yu-xi'),
  ('lesson-h3-cc-4', 'v-h3-zheng-li'),
  ('lesson-h3-cc-4', 'v-h3-zhi-ding'),
  ('lesson-h3-cc-4', 'v-h3-zhu-yi-2'),
  ('lesson-h3-cc-review', 'v-h3-an-pai'),
  ('lesson-h3-cc-review', 'v-h3-chu-yi'),
  ('lesson-h3-cc-review', 'v-h3-da-dao'),
  ('lesson-h3-cc-review', 'v-h3-fei-xing'),
  ('lesson-h3-cc-review', 'v-h3-gui-ding'),
  ('lesson-h3-cc-review', 'v-h3-he-ge'),
  ('lesson-h3-cc-review', 'v-h3-hou-nian'),
  ('lesson-h3-cc-review', 'v-h3-hui-yi'),
  ('lesson-h3-cc-review', 'v-h3-liu-xue'),
  ('lesson-h3-cc-review', 'v-h3-nian-chu'),
  ('lesson-h3-cc-review', 'v-h3-nian-di'),
  ('lesson-h3-cc-review', 'v-h3-qu-xiao'),
  ('lesson-h3-cd-1', 'v-h3-bao-cun'),
  ('lesson-h3-cd-1', 'v-h3-bao-hu'),
  ('lesson-h3-cd-1', 'v-h3-bi-jiao'),
  ('lesson-h3-cd-1', 'v-h3-bi-li'),
  ('lesson-h3-cd-1', 'v-h3-bu-de-bu'),
  ('lesson-h3-cd-1', 'v-h3-chuan-bo'),
  ('lesson-h3-cd-2', 'v-h3-da-yue'),
  ('lesson-h3-cd-2', 'v-h3-dai-dong'),
  ('lesson-h3-cd-2', 'v-h3-ding'),
  ('lesson-h3-cd-2', 'v-h3-fang'),
  ('lesson-h3-cd-2', 'v-h3-fen-pei'),
  ('lesson-h3-cd-2', 'v-h3-gai-jin'),
  ('lesson-h3-cd-3', 'v-h3-gai-nian'),
  ('lesson-h3-cd-3', 'v-h3-he-li'),
  ('lesson-h3-cd-3', 'v-h3-hou-guo'),
  ('lesson-h3-cd-3', 'v-h3-hua-ti'),
  ('lesson-h3-cd-3', 'v-h3-ji-zhong'),
  ('lesson-h3-cd-3', 'v-h3-ji-lu-2'),
  ('lesson-h3-cd-4', 'v-h3-jia-gong'),
  ('lesson-h3-cd-4', 'v-h3-jian-she'),
  ('lesson-h3-cd-4', 'v-h3-jian-yi'),
  ('lesson-h3-cd-4', 'v-h3-jiao'),
  ('lesson-h3-cd-4', 'v-h3-jie-jin'),
  ('lesson-h3-cd-4', 'v-h3-jie-yue'),
  ('lesson-h3-cd-5', 'v-h3-jin-bu'),
  ('lesson-h3-cd-5', 'v-h3-jin-zhan'),
  ('lesson-h3-cd-5', 'v-h3-jing-ji'),
  ('lesson-h3-cd-5', 'v-h3-ju-ban'),
  ('lesson-h3-cd-5', 'v-h3-ju-ti'),
  ('lesson-h3-cd-5', 'v-h3-jue-ding'),
  ('lesson-h3-cd-6', 'v-h3-kong-tiao'),
  ('lesson-h3-cd-6', 'v-h3-li-you'),
  ('lesson-h3-cd-6', 'v-h3-lian-mang'),
  ('lesson-h3-cd-6', 'v-h3-lian-xu'),
  ('lesson-h3-cd-6', 'v-h3-luan'),
  ('lesson-h3-cd-6', 'v-h3-mian-dui'),
  ('lesson-h3-cd-7', 'v-h3-nei-rong'),
  ('lesson-h3-cd-7', 'v-h3-pi-zhun'),
  ('lesson-h3-cd-7', 'v-h3-qian-wang'),
  ('lesson-h3-cd-7', 'v-h3-ren-ke'),
  ('lesson-h3-cd-7', 'v-h3-shen-ke'),
  ('lesson-h3-cd-7', 'v-h3-sheng-chan'),
  ('lesson-h3-cd-8', 'v-h3-shi-pin'),
  ('lesson-h3-cd-8', 'v-h3-shou-kan'),
  ('lesson-h3-cd-8', 'v-h3-shou-xu'),
  ('lesson-h3-cd-8', 'v-h3-tong-yi'),
  ('lesson-h3-cd-8', 'v-h3-tu-chu'),
  ('lesson-h3-cd-8', 'v-h3-wei-da'),
  ('lesson-h3-cd-9', 'v-h3-xi'),
  ('lesson-h3-cd-9', 'v-h3-xiang-bi'),
  ('lesson-h3-cd-9', 'v-h3-xiao-fei'),
  ('lesson-h3-cd-9', 'v-h3-yan-chang-hui'),
  ('lesson-h3-cd-9', 'v-h3-yi-lai'),
  ('lesson-h3-cd-9', 'v-h3-yin-ci'),
  ('lesson-h3-cd-10', 'v-h3-you-li'),
  ('lesson-h3-cd-10', 'v-h3-zao-yi'),
  ('lesson-h3-cd-10', 'v-h3-zheng-ming'),
  ('lesson-h3-cd-10', 'v-h3-zhi-ye'),
  ('lesson-h3-cd-10', 'v-h3-zhi-hao'),
  ('lesson-h3-cd-10', 'v-h3-zhuan-ti'),
  ('lesson-h3-cd-11', 'v-h3-zhuang-kuang'),
  ('lesson-h3-cd-11', 'v-h3-zhuang-tai'),
  ('lesson-h3-cd-11', 'v-h3-zi-cong'),
  ('lesson-h3-cd-11', 'v-h3-zi-jue'),
  ('lesson-h3-cd-review', 'v-h3-bao-cun'),
  ('lesson-h3-cd-review', 'v-h3-bao-hu'),
  ('lesson-h3-cd-review', 'v-h3-bi-jiao'),
  ('lesson-h3-cd-review', 'v-h3-bi-li'),
  ('lesson-h3-cd-review', 'v-h3-bu-de-bu'),
  ('lesson-h3-cd-review', 'v-h3-chuan-bo'),
  ('lesson-h3-cd-review', 'v-h3-da-yue'),
  ('lesson-h3-cd-review', 'v-h3-dai-dong'),
  ('lesson-h3-cd-review', 'v-h3-ding'),
  ('lesson-h3-cd-review', 'v-h3-fang'),
  ('lesson-h3-cd-review', 'v-h3-fen-pei'),
  ('lesson-h3-cd-review', 'v-h3-gai-jin'),
  ('lesson-h3-ce-1', 'v-h3-bao-an'),
  ('lesson-h3-ce-1', 'v-h3-bao-dao'),
  ('lesson-h3-ce-1', 'v-h3-bao-dao-2'),
  ('lesson-h3-ce-1', 'v-h3-bei-bu'),
  ('lesson-h3-ce-1', 'v-h3-bu-men'),
  ('lesson-h3-ce-1', 'v-h3-bu-zhang'),
  ('lesson-h3-ce-2', 'v-h3-dui-yuan'),
  ('lesson-h3-ce-2', 'v-h3-dui-fang'),
  ('lesson-h3-ce-2', 'v-h3-fa-sheng'),
  ('lesson-h3-ce-2', 'v-h3-fen-bie'),
  ('lesson-h3-ce-2', 'v-h3-gao-bie'),
  ('lesson-h3-ce-2', 'v-h3-ge-di'),
  ('lesson-h3-ce-3', 'v-h3-gong-gong'),
  ('lesson-h3-ce-3', 'v-h3-gong-kai'),
  ('lesson-h3-ce-3', 'v-h3-hai-guan'),
  ('lesson-h3-ce-3', 'v-h3-hong-cha'),
  ('lesson-h3-ce-3', 'v-h3-hong-jiu'),
  ('lesson-h3-ce-3', 'v-h3-ji-zhe'),
  ('lesson-h3-ce-4', 'v-h3-jiao-cai'),
  ('lesson-h3-ce-4', 'v-h3-ju-shuo'),
  ('lesson-h3-ce-4', 'v-h3-lu-cha'),
  ('lesson-h3-ce-4', 'v-h3-mei-ti'),
  ('lesson-h3-ce-4', 'v-h3-mei-shu'),
  ('lesson-h3-ce-4', 'v-h3-nai-cha'),
  ('lesson-h3-ce-5', 'v-h3-nan-bu'),
  ('lesson-h3-ce-5', 'v-h3-nan-dao'),
  ('lesson-h3-ce-5', 'v-h3-nei-xin'),
  ('lesson-h3-ce-5', 'v-h3-nong-ye'),
  ('lesson-h3-ce-5', 'v-h3-pai-zi'),
  ('lesson-h3-ce-5', 'v-h3-pei'),
  ('lesson-h3-ce-6', 'v-h3-pei-he'),
  ('lesson-h3-ce-6', 'v-h3-qin-ren'),
  ('lesson-h3-ce-6', 'v-h3-qing-zhu'),
  ('lesson-h3-ce-6', 'v-h3-ren-gong'),
  ('lesson-h3-ce-6', 'v-h3-ren-sheng'),
  ('lesson-h3-ce-6', 'v-h3-ren-wu'),
  ('lesson-h3-ce-7', 'v-h3-shi-qu'),
  ('lesson-h3-ce-7', 'v-h3-shu-3'),
  ('lesson-h3-ce-7', 'v-h3-tu-hua'),
  ('lesson-h3-ce-7', 'v-h3-wei-xian'),
  ('lesson-h3-ce-7', 'v-h3-wen-hua'),
  ('lesson-h3-ce-7', 'v-h3-wen-zhang'),
  ('lesson-h3-ce-8', 'v-h3-xi-bu'),
  ('lesson-h3-ce-8', 'v-h3-xiao-xi'),
  ('lesson-h3-ce-8', 'v-h3-xin'),
  ('lesson-h3-ce-8', 'v-h3-yi-shu'),
  ('lesson-h3-ce-8', 'v-h3-zhong-bu'),
  ('lesson-h3-ce-8', 'v-h3-zhun'),
  ('lesson-h3-ce-9', 'v-h3-zuo-pin');
insert into sentences (id, course_id, hanzi, pinyin, english, difficulty, grammar_notes) values
  ('s-h3-131', 'course-mandarin-1', '这是爱心。', 'Zhè shì ài xīn.', 'This is compassion.', 3, null),
  ('s-h3-132', 'course-mandarin-1', '这是安装。', 'Zhè shì ān zhuāng.', 'This is to install.', 3, null),
  ('s-h3-133', 'course-mandarin-1', '这是按。', 'Zhè shì àn.', 'This is to press.', 3, null),
  ('s-h3-134', 'course-mandarin-1', '这是按照。', 'Zhè shì àn zhào.', 'This is according to.', 3, null),
  ('s-h3-135', 'course-mandarin-1', '这是把。', 'Zhè shì bǎ.', 'This is to hold; to grasp.', 3, null),
  ('s-h3-136', 'course-mandarin-1', '这是把握。', 'Zhè shì bǎ wò.', 'This is to grasp (also fig.).', 3, null),
  ('s-h3-137', 'course-mandarin-1', '这是白菜。', 'Zhè shì bái cài.', 'This is Chinese cabbage.', 3, null),
  ('s-h3-138', 'course-mandarin-1', '这是班级。', 'Zhè shì bān jí.', 'This is class (group of students).', 3, null),
  ('s-h3-139', 'course-mandarin-1', '这是搬。', 'Zhè shì bān.', 'This is to move (i.e. relocate oneself).', 3, null),
  ('s-h3-140', 'course-mandarin-1', '这是搬家。', 'Zhè shì bān jiā.', 'This is to move house; to relocate.', 3, null),
  ('s-h3-141', 'course-mandarin-1', '这是板。', 'Zhè shì bǎn.', 'This is board.', 3, null),
  ('s-h3-142', 'course-mandarin-1', '这是保。', 'Zhè shì Bǎo.', 'This is Bulgaria.', 3, null),
  ('s-h3-143', 'course-mandarin-1', '这是保持。', 'Zhè shì bǎo chí.', 'This is to keep.', 3, null),
  ('s-h3-144', 'course-mandarin-1', '这是保留。', 'Zhè shì bǎo liú.', 'This is to keep.', 3, null),
  ('s-h3-145', 'course-mandarin-1', '这是保险。', 'Zhè shì bǎo xiǎn.', 'This is insurance.', 3, null),
  ('s-h3-146', 'course-mandarin-1', '这是保证。', 'Zhè shì bǎo zhèng.', 'This is guarantee.', 3, null),
  ('s-h3-147', 'course-mandarin-1', '这是报。', 'Zhè shì bào.', 'This is to announce.', 3, null),
  ('s-h3-148', 'course-mandarin-1', '这是报告。', 'Zhè shì bào gào.', 'This is to inform.', 3, null),
  ('s-h3-149', 'course-mandarin-1', '这是背后。', 'Zhè shì bèi hòu.', 'This is behind.', 3, null),
  ('s-h3-150', 'course-mandarin-1', '这是被。', 'Zhè shì bèi.', 'This is quilt.', 3, null),
  ('s-h3-151', 'course-mandarin-1', '这是被子。', 'Zhè shì bèi zi.', 'This is quilt.', 3, null),
  ('s-h3-152', 'course-mandarin-1', '这是本领。', 'Zhè shì běn lǐng.', 'This is skill.', 3, null),
  ('s-h3-153', 'course-mandarin-1', '这是本事。', 'Zhè shì běn shì.', 'This is source material.', 3, null),
  ('s-h3-154', 'course-mandarin-1', '我会比赛。', 'Wǒ huì bǐ sài.', 'I can competition (sports etc).', 3, null),
  ('s-h3-155', 'course-mandarin-1', '这是必然。', 'Zhè shì bì rán.', 'This is inevitable.', 3, null),
  ('s-h3-156', 'course-mandarin-1', '这是必要。', 'Zhè shì bì yào.', 'This is necessary.', 3, null),
  ('s-h3-157', 'course-mandarin-1', '这是标题。', 'Zhè shì biāo tí.', 'This is title.', 3, null),
  ('s-h3-158', 'course-mandarin-1', '这是标准。', 'Zhè shì biāo zhǔn.', 'This is standard; norm; criterion.', 3, null),
  ('s-h3-159', 'course-mandarin-1', '这是表达。', 'Zhè shì biǎo dá.', 'This is to express; to convey.', 3, null),
  ('s-h3-160', 'course-mandarin-1', '这是表格。', 'Zhè shì biǎo gé.', 'This is form.', 3, null);
insert into lesson_sentences (lesson_id, sentence_id) values
  ('lesson-h3-ca-1', 's-h3-132'),
  ('lesson-h3-ca-2', 's-h3-133'),
  ('lesson-h3-ca-3', 's-h3-134'),
  ('lesson-h3-ca-4', 's-h3-135'),
  ('lesson-h3-ca-5', 's-h3-136'),
  ('lesson-h3-ca-6', 's-h3-137'),
  ('lesson-h3-ca-7', 's-h3-138'),
  ('lesson-h3-ca-8', 's-h3-139'),
  ('lesson-h3-ca-9', 's-h3-140'),
  ('lesson-h3-ca-10', 's-h3-141'),
  ('lesson-h3-ca-11', 's-h3-142'),
  ('lesson-h3-ca-12', 's-h3-143'),
  ('lesson-h3-ca-13', 's-h3-144'),
  ('lesson-h3-ca-14', 's-h3-145'),
  ('lesson-h3-ca-15', 's-h3-146'),
  ('lesson-h3-ca-16', 's-h3-147'),
  ('lesson-h3-ca-17', 's-h3-148'),
  ('lesson-h3-ca-18', 's-h3-149'),
  ('lesson-h3-ca-19', 's-h3-150'),
  ('lesson-h3-ca-20', 's-h3-151'),
  ('lesson-h3-ca-21', 's-h3-152'),
  ('lesson-h3-ca-22', 's-h3-153'),
  ('lesson-h3-ca-23', 's-h3-154'),
  ('lesson-h3-ca-24', 's-h3-155'),
  ('lesson-h3-ca-25', 's-h3-156'),
  ('lesson-h3-ca-26', 's-h3-157'),
  ('lesson-h3-ca-27', 's-h3-158'),
  ('lesson-h3-ca-28', 's-h3-159'),
  ('lesson-h3-ca-29', 's-h3-160'),
  ('lesson-h3-ca-30', 's-h3-131'),
  ('lesson-h3-ca-31', 's-h3-132'),
  ('lesson-h3-ca-32', 's-h3-133'),
  ('lesson-h3-ca-33', 's-h3-134'),
  ('lesson-h3-ca-34', 's-h3-135'),
  ('lesson-h3-ca-35', 's-h3-136'),
  ('lesson-h3-ca-36', 's-h3-137'),
  ('lesson-h3-ca-37', 's-h3-138'),
  ('lesson-h3-ca-38', 's-h3-139'),
  ('lesson-h3-ca-39', 's-h3-140'),
  ('lesson-h3-ca-40', 's-h3-141'),
  ('lesson-h3-ca-41', 's-h3-142'),
  ('lesson-h3-ca-42', 's-h3-143'),
  ('lesson-h3-ca-43', 's-h3-144'),
  ('lesson-h3-ca-44', 's-h3-145'),
  ('lesson-h3-ca-45', 's-h3-146'),
  ('lesson-h3-ca-46', 's-h3-147'),
  ('lesson-h3-ca-47', 's-h3-148'),
  ('lesson-h3-ca-48', 's-h3-149'),
  ('lesson-h3-ca-49', 's-h3-150'),
  ('lesson-h3-ca-50', 's-h3-151'),
  ('lesson-h3-ca-51', 's-h3-152'),
  ('lesson-h3-ca-52', 's-h3-153'),
  ('lesson-h3-ca-53', 's-h3-154'),
  ('lesson-h3-ca-54', 's-h3-155'),
  ('lesson-h3-ca-55', 's-h3-156'),
  ('lesson-h3-ca-56', 's-h3-157'),
  ('lesson-h3-ca-57', 's-h3-158'),
  ('lesson-h3-ca-58', 's-h3-159'),
  ('lesson-h3-ca-59', 's-h3-160'),
  ('lesson-h3-ca-60', 's-h3-131'),
  ('lesson-h3-ca-61', 's-h3-132'),
  ('lesson-h3-ca-62', 's-h3-133'),
  ('lesson-h3-ca-63', 's-h3-134'),
  ('lesson-h3-ca-64', 's-h3-135'),
  ('lesson-h3-ca-65', 's-h3-136'),
  ('lesson-h3-ca-66', 's-h3-137'),
  ('lesson-h3-ca-67', 's-h3-138'),
  ('lesson-h3-ca-68', 's-h3-139'),
  ('lesson-h3-ca-69', 's-h3-140'),
  ('lesson-h3-ca-70', 's-h3-141'),
  ('lesson-h3-ca-71', 's-h3-142'),
  ('lesson-h3-ca-72', 's-h3-143'),
  ('lesson-h3-ca-73', 's-h3-144'),
  ('lesson-h3-ca-74', 's-h3-145'),
  ('lesson-h3-ca-75', 's-h3-146'),
  ('lesson-h3-ca-76', 's-h3-147'),
  ('lesson-h3-ca-77', 's-h3-148'),
  ('lesson-h3-ca-78', 's-h3-149'),
  ('lesson-h3-ca-79', 's-h3-150'),
  ('lesson-h3-ca-80', 's-h3-151'),
  ('lesson-h3-ca-81', 's-h3-152'),
  ('lesson-h3-ca-82', 's-h3-153'),
  ('lesson-h3-ca-83', 's-h3-154'),
  ('lesson-h3-ca-84', 's-h3-155'),
  ('lesson-h3-ca-85', 's-h3-156'),
  ('lesson-h3-ca-86', 's-h3-157'),
  ('lesson-h3-ca-87', 's-h3-158'),
  ('lesson-h3-ca-88', 's-h3-159'),
  ('lesson-h3-ca-89', 's-h3-160'),
  ('lesson-h3-ca-90', 's-h3-131'),
  ('lesson-h3-ca-91', 's-h3-132'),
  ('lesson-h3-ca-92', 's-h3-133'),
  ('lesson-h3-ca-93', 's-h3-134'),
  ('lesson-h3-ca-94', 's-h3-135'),
  ('lesson-h3-ca-95', 's-h3-136'),
  ('lesson-h3-ca-96', 's-h3-137'),
  ('lesson-h3-ca-97', 's-h3-138'),
  ('lesson-h3-ca-98', 's-h3-139'),
  ('lesson-h3-ca-99', 's-h3-140'),
  ('lesson-h3-ca-100', 's-h3-141'),
  ('lesson-h3-ca-101', 's-h3-142'),
  ('lesson-h3-ca-102', 's-h3-143'),
  ('lesson-h3-ca-103', 's-h3-144'),
  ('lesson-h3-ca-104', 's-h3-145'),
  ('lesson-h3-ca-105', 's-h3-146'),
  ('lesson-h3-ca-106', 's-h3-147'),
  ('lesson-h3-ca-107', 's-h3-148'),
  ('lesson-h3-ca-108', 's-h3-149'),
  ('lesson-h3-ca-109', 's-h3-150'),
  ('lesson-h3-ca-110', 's-h3-151'),
  ('lesson-h3-ca-111', 's-h3-152'),
  ('lesson-h3-ca-112', 's-h3-153'),
  ('lesson-h3-ca-113', 's-h3-154'),
  ('lesson-h3-ca-114', 's-h3-155'),
  ('lesson-h3-ca-115', 's-h3-156'),
  ('lesson-h3-ca-116', 's-h3-157'),
  ('lesson-h3-ca-117', 's-h3-158'),
  ('lesson-h3-ca-118', 's-h3-159'),
  ('lesson-h3-ca-119', 's-h3-160'),
  ('lesson-h3-ca-120', 's-h3-131'),
  ('lesson-h3-ca-121', 's-h3-132'),
  ('lesson-h3-ca-122', 's-h3-133'),
  ('lesson-h3-ca-123', 's-h3-134'),
  ('lesson-h3-ca-124', 's-h3-135'),
  ('lesson-h3-ca-125', 's-h3-136'),
  ('lesson-h3-ca-126', 's-h3-137'),
  ('lesson-h3-ca-127', 's-h3-138'),
  ('lesson-h3-ca-128', 's-h3-139'),
  ('lesson-h3-ca-129', 's-h3-140'),
  ('lesson-h3-cb-1', 's-h3-132'),
  ('lesson-h3-cb-2', 's-h3-133'),
  ('lesson-h3-cb-3', 's-h3-134'),
  ('lesson-h3-cb-4', 's-h3-135'),
  ('lesson-h3-cb-5', 's-h3-136'),
  ('lesson-h3-cb-6', 's-h3-137'),
  ('lesson-h3-cb-7', 's-h3-138'),
  ('lesson-h3-cb-8', 's-h3-139'),
  ('lesson-h3-cb-9', 's-h3-140'),
  ('lesson-h3-cc-1', 's-h3-132'),
  ('lesson-h3-cc-2', 's-h3-133'),
  ('lesson-h3-cc-3', 's-h3-134'),
  ('lesson-h3-cc-4', 's-h3-135'),
  ('lesson-h3-cd-1', 's-h3-132'),
  ('lesson-h3-cd-2', 's-h3-133'),
  ('lesson-h3-cd-3', 's-h3-134'),
  ('lesson-h3-cd-4', 's-h3-135'),
  ('lesson-h3-cd-5', 's-h3-136'),
  ('lesson-h3-cd-6', 's-h3-137'),
  ('lesson-h3-cd-7', 's-h3-138'),
  ('lesson-h3-cd-8', 's-h3-139'),
  ('lesson-h3-cd-9', 's-h3-140'),
  ('lesson-h3-cd-10', 's-h3-141'),
  ('lesson-h3-cd-11', 's-h3-142'),
  ('lesson-h3-ce-1', 's-h3-132'),
  ('lesson-h3-ce-2', 's-h3-133'),
  ('lesson-h3-ce-3', 's-h3-134'),
  ('lesson-h3-ce-4', 's-h3-135'),
  ('lesson-h3-ce-5', 's-h3-136'),
  ('lesson-h3-ce-6', 's-h3-137'),
  ('lesson-h3-ce-7', 's-h3-138'),
  ('lesson-h3-ce-8', 's-h3-139'),
  ('lesson-h3-ce-9', 's-h3-140');
insert into exercises (id, lesson_id, type, prompt, payload_json, explanation, order_index) values
  ('lesson-h3-ca-1-ex-0', 'lesson-h3-ca-1', 'listening', 'Listen and select the meaning', '{"hanzi":"爱心","options":["to install","to grasp (also fig.)","to press","compassion"],"correctAnswer":"compassion","pinyin":"ài xīn"}'::jsonb, 'You heard: 爱心 (ài xīn)', 0),
  ('lesson-h3-ca-1-ex-1', 'lesson-h3-ca-1', 'listening', 'Listen and select the meaning', '{"hanzi":"安装","options":["to grasp (also fig.)","according to","to install","compassion"],"correctAnswer":"to install","pinyin":"ān zhuāng"}'::jsonb, 'You heard: 安装 (ān zhuāng)', 1),
  ('lesson-h3-ca-1-ex-2', 'lesson-h3-ca-1', 'listening', 'Listen and select the meaning', '{"hanzi":"按","options":["to hold; to grasp","according to","to press","to grasp (also fig.)"],"correctAnswer":"to press","pinyin":"àn"}'::jsonb, 'You heard: 按 (àn)', 2),
  ('lesson-h3-ca-1-ex-3', 'lesson-h3-ca-1', 'pinyin_recognition', 'Select the correct pinyin', '{"hanzi":"按照","options":["àn","àn zhào","bǎ wò","bǎ"],"correctAnswer":"àn zhào"}'::jsonb, '按照 is pronounced àn zhào.', 3),
  ('lesson-h3-ca-1-ex-4', 'lesson-h3-ca-1', 'pinyin_recognition', 'Select the correct pinyin', '{"hanzi":"把","options":["bǎ","ān zhuāng","àn","ài xīn"],"correctAnswer":"bǎ"}'::jsonb, '把 is pronounced bǎ.', 4),
  ('lesson-h3-ca-1-ex-5', 'lesson-h3-ca-1', 'multiple_choice', 'Select the correct translation', '{"question":"What does \"把握\" mean?","options":["to grasp (also fig.)","to install","to hold; to grasp","compassion"],"correctAnswer":"to grasp (also fig.)","displayHanzi":"把握","pinyin":"bǎ wò"}'::jsonb, '把握 (bǎ wò) means "to grasp (also fig.)".', 5),
  ('lesson-h3-ca-1-ex-6', 'lesson-h3-ca-1', 'multiple_choice', 'Select the correct translation', '{"question":"What does \"爱心\" mean?","options":["to press","to install","compassion","according to"],"correctAnswer":"compassion","displayHanzi":"爱心","pinyin":"ài xīn"}'::jsonb, '爱心 (ài xīn) means "compassion".', 6),
  ('lesson-h3-ca-1-ex-7', 'lesson-h3-ca-1', 'multiple_choice', 'Select the correct translation', '{"question":"What does \"安装\" mean?","options":["to hold; to grasp","to press","compassion","to install"],"correctAnswer":"to install","displayHanzi":"安装","pinyin":"ān zhuāng"}'::jsonb, '安装 (ān zhuāng) means "to install".', 7),
  ('lesson-h3-ca-1-ex-8', 'lesson-h3-ca-1', 'hanzi_to_english', 'Type the English meaning', '{"hanzi":"按","pinyin":"àn","acceptedAnswers":["to press","to press"]}'::jsonb, '按 = to press', 8),
  ('lesson-h3-ca-1-ex-9', 'lesson-h3-ca-1', 'hanzi_to_english', 'Type the English meaning', '{"hanzi":"按照","pinyin":"àn zhào","acceptedAnswers":["according to","according to"]}'::jsonb, '按照 = according to', 9),
  ('lesson-h3-ca-1-ex-10', 'lesson-h3-ca-1', 'hanzi_to_english', 'Type the English meaning', '{"hanzi":"把","pinyin":"bǎ","acceptedAnswers":["to hold; to grasp","to hold; to grasp"]}'::jsonb, '把 = to hold; to grasp', 10),
  ('lesson-h3-ca-1-ex-11', 'lesson-h3-ca-1', 'hanzi_to_english', 'Type the English meaning', '{"hanzi":"把握","pinyin":"bǎ wò","acceptedAnswers":["to grasp (also fig.)","to grasp (also fig.)"]}'::jsonb, '把握 = to grasp (also fig.)', 11),
  ('lesson-h3-ca-1-ex-12', 'lesson-h3-ca-1', 'hanzi_to_english', 'Type the English meaning', '{"hanzi":"爱心","pinyin":"ài xīn","acceptedAnswers":["compassion","compassion"]}'::jsonb, '爱心 = compassion', 12),
  ('lesson-h3-ca-1-ex-13', 'lesson-h3-ca-1', 'hanzi_to_english', 'Type the English meaning', '{"hanzi":"安装","pinyin":"ān zhuāng","acceptedAnswers":["to install","to install"]}'::jsonb, '安装 = to install', 13),
  ('lesson-h3-ca-1-ex-14', 'lesson-h3-ca-1', 'english_to_hanzi_word_bank', 'Build the hanzi for this word', '{"english":"to press","wordBank":["心","按","按","装","照","把","爱","握","把","安"],"correctAnswer":["按"]}'::jsonb, 'The hanzi for "to press" is 按.', 14),
  ('lesson-h3-ca-1-ex-15', 'lesson-h3-ca-1', 'english_to_hanzi_word_bank', 'Build the hanzi for this word', '{"english":"according to","wordBank":["爱","装","照","按","心","把","按","握","安","把"],"correctAnswer":["按","照"]}'::jsonb, 'The hanzi for "according to" is 按照.', 15),
  ('lesson-h3-ca-1-ex-16', 'lesson-h3-ca-1', 'english_to_hanzi_word_bank', 'Build the hanzi for this word', '{"english":"to hold; to grasp","wordBank":["把","安","把","握","照","爱","装","按","心","按"],"correctAnswer":["把"]}'::jsonb, 'The hanzi for "to hold; to grasp" is 把.', 16),
  ('lesson-h3-ca-1-ex-17', 'lesson-h3-ca-1', 'english_to_hanzi_word_bank', 'Build the hanzi for this word', '{"english":"to grasp (also fig.)","wordBank":["握","把","照","按","安","按","装","爱","心","把"],"correctAnswer":["把","握"]}'::jsonb, 'The hanzi for "to grasp (also fig.)" is 把握.', 17),
  ('lesson-h3-ca-1-ex-18', 'lesson-h3-ca-1', 'reverse_pinyin', 'Which hanzi matches this pinyin?', '{"pinyin":"ài xīn","options":["爱心","按照","把握","安装"],"correctAnswer":"爱心"}'::jsonb, 'ài xīn → 爱心', 18),
  ('lesson-h3-ca-1-ex-19', 'lesson-h3-ca-1', 'reverse_pinyin', 'Which hanzi matches this pinyin?', '{"pinyin":"ān zhuāng","options":["爱心","把握","把","安装"],"correctAnswer":"安装"}'::jsonb, 'ān zhuāng → 安装', 19),
  ('lesson-h3-ca-1-ex-20', 'lesson-h3-ca-1', 'match_pairs', 'Match each hanzi to its meaning', '{"pairs":[{"id":"v-h3-an-zhuang","left":"安装","right":"to install"},{"id":"v-h3-an-zhao","left":"按照","right":"according to"},{"id":"v-h3-ba-wo","left":"把握","right":"to grasp (also fig.)"},{"id":"v-h3-ai-xin","left":"爱心","right":"compassion"}]}'::jsonb, null, 20),
  ('lesson-h3-ca-1-ex-21', 'lesson-h3-ca-1', 'fill_in_blank', 'Fill in the missing character', '{"sentence":"___是爱心。","blankIndex":0,"correctAnswer":"这","fullSentence":"这是爱心。","fullPinyin":"Zhè shì ài xīn.","options":["按","把","这","安"]}'::jsonb, 'Full sentence: 这是爱心。 — This is compassion.', 21),
  ('lesson-h3-ca-1-ex-22', 'lesson-h3-ca-1', 'fill_in_blank', 'Fill in the missing character', '{"sentence":"___是安装。","blankIndex":0,"correctAnswer":"这","fullSentence":"这是安装。","fullPinyin":"Zhè shì ān zhuāng.","options":["按","把","这","安"]}'::jsonb, 'Full sentence: 这是安装。 — This is to install.', 22),
  ('lesson-h3-ca-1-ex-23', 'lesson-h3-ca-1', 'fill_in_blank', 'Fill in the missing character', '{"sentence":"___是按。","blankIndex":0,"correctAnswer":"这","fullSentence":"这是按。","fullPinyin":"Zhè shì àn.","options":["爱","把","按","这"]}'::jsonb, 'Full sentence: 这是按。 — This is to press.', 23),
  ('lesson-h3-ca-2-ex-0', 'lesson-h3-ca-2', 'listening', 'Listen and select the meaning', '{"hanzi":"白菜","options":["Chinese cabbage","Bulgaria","to move house; to relocate","class (group of students)"],"correctAnswer":"Chinese cabbage","pinyin":"bái cài"}'::jsonb, 'You heard: 白菜 (bái cài)', 0),
  ('lesson-h3-ca-2-ex-1', 'lesson-h3-ca-2', 'listening', 'Listen and select the meaning', '{"hanzi":"班级","options":["to move (i.e. relocate oneself)","class (group of students)","board","to move house; to relocate"],"correctAnswer":"class (group of students)","pinyin":"bān jí"}'::jsonb, 'You heard: 班级 (bān jí)', 1),
  ('lesson-h3-ca-2-ex-2', 'lesson-h3-ca-2', 'listening', 'Listen and select the meaning', '{"hanzi":"搬","options":["board","Chinese cabbage","class (group of students)","to move (i.e. relocate oneself)"],"correctAnswer":"to move (i.e. relocate oneself)","pinyin":"bān"}'::jsonb, 'You heard: 搬 (bān)', 2),
  ('lesson-h3-ca-2-ex-3', 'lesson-h3-ca-2', 'pinyin_recognition', 'Select the correct pinyin', '{"hanzi":"搬家","options":["bān jiā","bái cài","Bǎo","bān"],"correctAnswer":"bān jiā"}'::jsonb, '搬家 is pronounced bān jiā.', 3),
  ('lesson-h3-ca-2-ex-4', 'lesson-h3-ca-2', 'pinyin_recognition', 'Select the correct pinyin', '{"hanzi":"板","options":["bǎn","bān","bān jiā","bái cài"],"correctAnswer":"bǎn"}'::jsonb, '板 is pronounced bǎn.', 4),
  ('lesson-h3-ca-2-ex-5', 'lesson-h3-ca-2', 'multiple_choice', 'Select the correct translation', '{"question":"What does \"保\" mean?","options":["class (group of students)","to move house; to relocate","board","Bulgaria"],"correctAnswer":"Bulgaria","displayHanzi":"保","pinyin":"Bǎo"}'::jsonb, '保 (Bǎo) means "Bulgaria".', 5),
  ('lesson-h3-ca-2-ex-6', 'lesson-h3-ca-2', 'multiple_choice', 'Select the correct translation', '{"question":"What does \"白菜\" mean?","options":["board","class (group of students)","to move (i.e. relocate oneself)","Chinese cabbage"],"correctAnswer":"Chinese cabbage","displayHanzi":"白菜","pinyin":"bái cài"}'::jsonb, '白菜 (bái cài) means "Chinese cabbage".', 6),
  ('lesson-h3-ca-2-ex-7', 'lesson-h3-ca-2', 'multiple_choice', 'Select the correct translation', '{"question":"What does \"班级\" mean?","options":["class (group of students)","board","to move house; to relocate","Chinese cabbage"],"correctAnswer":"class (group of students)","displayHanzi":"班级","pinyin":"bān jí"}'::jsonb, '班级 (bān jí) means "class (group of students)".', 7),
  ('lesson-h3-ca-2-ex-8', 'lesson-h3-ca-2', 'hanzi_to_english', 'Type the English meaning', '{"hanzi":"搬","pinyin":"bān","acceptedAnswers":["to move (i.e. relocate oneself)","to move (i.e. relocate oneself)"]}'::jsonb, '搬 = to move (i.e. relocate oneself)', 8),
  ('lesson-h3-ca-2-ex-9', 'lesson-h3-ca-2', 'hanzi_to_english', 'Type the English meaning', '{"hanzi":"搬家","pinyin":"bān jiā","acceptedAnswers":["to move house; to relocate","to move house; to relocate"]}'::jsonb, '搬家 = to move house; to relocate', 9),
  ('lesson-h3-ca-2-ex-10', 'lesson-h3-ca-2', 'hanzi_to_english', 'Type the English meaning', '{"hanzi":"板","pinyin":"bǎn","acceptedAnswers":["board","board"]}'::jsonb, '板 = board', 10),
  ('lesson-h3-ca-2-ex-11', 'lesson-h3-ca-2', 'hanzi_to_english', 'Type the English meaning', '{"hanzi":"保","pinyin":"Bǎo","acceptedAnswers":["Bulgaria","Bulgaria"]}'::jsonb, '保 = Bulgaria', 11),
  ('lesson-h3-ca-2-ex-12', 'lesson-h3-ca-2', 'hanzi_to_english', 'Type the English meaning', '{"hanzi":"白菜","pinyin":"bái cài","acceptedAnswers":["Chinese cabbage","Chinese cabbage"]}'::jsonb, '白菜 = Chinese cabbage', 12),
  ('lesson-h3-ca-2-ex-13', 'lesson-h3-ca-2', 'hanzi_to_english', 'Type the English meaning', '{"hanzi":"班级","pinyin":"bān jí","acceptedAnswers":["class (group of students)","class (group of students)"]}'::jsonb, '班级 = class (group of students)', 13),
  ('lesson-h3-ca-2-ex-14', 'lesson-h3-ca-2', 'english_to_hanzi_word_bank', 'Build the hanzi for this word', '{"english":"to move (i.e. relocate oneself)","wordBank":["搬","级","板","保","菜","班","搬","家","白"],"correctAnswer":["搬"]}'::jsonb, 'The hanzi for "to move (i.e. relocate oneself)" is 搬.', 14),
  ('lesson-h3-ca-2-ex-15', 'lesson-h3-ca-2', 'english_to_hanzi_word_bank', 'Build the hanzi for this word', '{"english":"to move house; to relocate","wordBank":["搬","菜","家","级","搬","白","保","板","班"],"correctAnswer":["搬","家"]}'::jsonb, 'The hanzi for "to move house; to relocate" is 搬家.', 15),
  ('lesson-h3-ca-2-ex-16', 'lesson-h3-ca-2', 'english_to_hanzi_word_bank', 'Build the hanzi for this word', '{"english":"board","wordBank":["菜","白","保","板","家","搬","班","搬","级"],"correctAnswer":["板"]}'::jsonb, 'The hanzi for "board" is 板.', 16),
  ('lesson-h3-ca-2-ex-17', 'lesson-h3-ca-2', 'english_to_hanzi_word_bank', 'Build the hanzi for this word', '{"english":"Bulgaria","wordBank":["菜","搬","白","班","搬","级","家","保","板"],"correctAnswer":["保"]}'::jsonb, 'The hanzi for "Bulgaria" is 保.', 17),
  ('lesson-h3-ca-2-ex-18', 'lesson-h3-ca-2', 'reverse_pinyin', 'Which hanzi matches this pinyin?', '{"pinyin":"bái cài","options":["保","板","班级","白菜"],"correctAnswer":"白菜"}'::jsonb, 'bái cài → 白菜', 18),
  ('lesson-h3-ca-2-ex-19', 'lesson-h3-ca-2', 'reverse_pinyin', 'Which hanzi matches this pinyin?', '{"pinyin":"bān jí","options":["班级","板","保","白菜"],"correctAnswer":"班级"}'::jsonb, 'bān jí → 班级', 19),
  ('lesson-h3-ca-2-ex-20', 'lesson-h3-ca-2', 'match_pairs', 'Match each hanzi to its meaning', '{"pairs":[{"id":"v-h3-ban-2","left":"板","right":"board"},{"id":"v-h3-ban-jia","left":"搬家","right":"to move house; to relocate"},{"id":"v-h3-bai-cai","left":"白菜","right":"Chinese cabbage"},{"id":"v-h3-ban-ji","left":"班级","right":"class (group of students)"}]}'::jsonb, null, 20),
  ('lesson-h3-ca-2-ex-21', 'lesson-h3-ca-2', 'fill_in_blank', 'Fill in the missing character', '{"sentence":"___是爱心。","blankIndex":0,"correctAnswer":"这","fullSentence":"这是爱心。","fullPinyin":"Zhè shì ài xīn.","options":["这","白","班","搬"]}'::jsonb, 'Full sentence: 这是爱心。 — This is compassion.', 21),
  ('lesson-h3-ca-2-ex-22', 'lesson-h3-ca-2', 'fill_in_blank', 'Fill in the missing character', '{"sentence":"___是安装。","blankIndex":0,"correctAnswer":"这","fullSentence":"这是安装。","fullPinyin":"Zhè shì ān zhuāng.","options":["板","这","白","班"]}'::jsonb, 'Full sentence: 这是安装。 — This is to install.', 22),
  ('lesson-h3-ca-2-ex-23', 'lesson-h3-ca-2', 'fill_in_blank', 'Fill in the missing character', '{"sentence":"___是按。","blankIndex":0,"correctAnswer":"这","fullSentence":"这是按。","fullPinyin":"Zhè shì àn.","options":["这","板","班","搬"]}'::jsonb, 'Full sentence: 这是按。 — This is to press.', 23),
  ('lesson-h3-ca-3-ex-0', 'lesson-h3-ca-3', 'listening', 'Listen and select the meaning', '{"hanzi":"保持","options":["to keep","to announce","to inform","guarantee"],"correctAnswer":"to keep","pinyin":"bǎo chí"}'::jsonb, 'You heard: 保持 (bǎo chí)', 0),
  ('lesson-h3-ca-3-ex-1', 'lesson-h3-ca-3', 'listening', 'Listen and select the meaning', '{"hanzi":"保留","options":["guarantee","insurance","to keep","to inform"],"correctAnswer":"to keep","pinyin":"bǎo liú"}'::jsonb, 'You heard: 保留 (bǎo liú)', 1),
  ('lesson-h3-ca-3-ex-2', 'lesson-h3-ca-3', 'listening', 'Listen and select the meaning', '{"hanzi":"保险","options":["to announce","to keep","insurance","guarantee"],"correctAnswer":"insurance","pinyin":"bǎo xiǎn"}'::jsonb, 'You heard: 保险 (bǎo xiǎn)', 2),
  ('lesson-h3-ca-3-ex-3', 'lesson-h3-ca-3', 'pinyin_recognition', 'Select the correct pinyin', '{"hanzi":"保证","options":["bǎo zhèng","bǎo chí","bǎo liú","bǎo xiǎn"],"correctAnswer":"bǎo zhèng"}'::jsonb, '保证 is pronounced bǎo zhèng.', 3),
  ('lesson-h3-ca-3-ex-4', 'lesson-h3-ca-3', 'pinyin_recognition', 'Select the correct pinyin', '{"hanzi":"报","options":["bào","bǎo chí","bǎo zhèng","bào gào"],"correctAnswer":"bào"}'::jsonb, '报 is pronounced bào.', 4),
  ('lesson-h3-ca-3-ex-5', 'lesson-h3-ca-3', 'multiple_choice', 'Select the correct translation', '{"question":"What does \"报告\" mean?","options":["to inform","to announce","insurance","to keep"],"correctAnswer":"to inform","displayHanzi":"报告","pinyin":"bào gào"}'::jsonb, '报告 (bào gào) means "to inform".', 5),
  ('lesson-h3-ca-3-ex-6', 'lesson-h3-ca-3', 'multiple_choice', 'Select the correct translation', '{"question":"What does \"保持\" mean?","options":["insurance","to keep","to inform","to announce"],"correctAnswer":"to keep","displayHanzi":"保持","pinyin":"bǎo chí"}'::jsonb, '保持 (bǎo chí) means "to keep".', 6),
  ('lesson-h3-ca-3-ex-7', 'lesson-h3-ca-3', 'multiple_choice', 'Select the correct translation', '{"question":"What does \"保留\" mean?","options":["guarantee","to keep","to inform","to announce"],"correctAnswer":"to keep","displayHanzi":"保留","pinyin":"bǎo liú"}'::jsonb, '保留 (bǎo liú) means "to keep".', 7),
  ('lesson-h3-ca-3-ex-8', 'lesson-h3-ca-3', 'hanzi_to_english', 'Type the English meaning', '{"hanzi":"保险","pinyin":"bǎo xiǎn","acceptedAnswers":["insurance","insurance"]}'::jsonb, '保险 = insurance', 8),
  ('lesson-h3-ca-3-ex-9', 'lesson-h3-ca-3', 'hanzi_to_english', 'Type the English meaning', '{"hanzi":"保证","pinyin":"bǎo zhèng","acceptedAnswers":["guarantee","guarantee"]}'::jsonb, '保证 = guarantee', 9),
  ('lesson-h3-ca-3-ex-10', 'lesson-h3-ca-3', 'hanzi_to_english', 'Type the English meaning', '{"hanzi":"报","pinyin":"bào","acceptedAnswers":["to announce","to announce"]}'::jsonb, '报 = to announce', 10),
  ('lesson-h3-ca-3-ex-11', 'lesson-h3-ca-3', 'hanzi_to_english', 'Type the English meaning', '{"hanzi":"报告","pinyin":"bào gào","acceptedAnswers":["to inform","to inform"]}'::jsonb, '报告 = to inform', 11),
  ('lesson-h3-ca-3-ex-12', 'lesson-h3-ca-3', 'hanzi_to_english', 'Type the English meaning', '{"hanzi":"保持","pinyin":"bǎo chí","acceptedAnswers":["to keep","to keep"]}'::jsonb, '保持 = to keep', 12),
  ('lesson-h3-ca-3-ex-13', 'lesson-h3-ca-3', 'hanzi_to_english', 'Type the English meaning', '{"hanzi":"保留","pinyin":"bǎo liú","acceptedAnswers":["to keep","to keep"]}'::jsonb, '保留 = to keep', 13),
  ('lesson-h3-ca-3-ex-14', 'lesson-h3-ca-3', 'english_to_hanzi_word_bank', 'Build the hanzi for this word', '{"english":"insurance","wordBank":["保","保","险","保","保","报","留","证","报","持"],"correctAnswer":["保","险"]}'::jsonb, 'The hanzi for "insurance" is 保险.', 14),
  ('lesson-h3-ca-3-ex-15', 'lesson-h3-ca-3', 'english_to_hanzi_word_bank', 'Build the hanzi for this word', '{"english":"guarantee","wordBank":["保","保","留","报","告","证","报","持","保","险"],"correctAnswer":["保","证"]}'::jsonb, 'The hanzi for "guarantee" is 保证.', 15),
  ('lesson-h3-ca-3-ex-16', 'lesson-h3-ca-3', 'english_to_hanzi_word_bank', 'Build the hanzi for this word', '{"english":"to announce","wordBank":["报","险","告","保","报","持","保","留","证","保"],"correctAnswer":["报"]}'::jsonb, 'The hanzi for "to announce" is 报.', 16),
  ('lesson-h3-ca-3-ex-17', 'lesson-h3-ca-3', 'english_to_hanzi_word_bank', 'Build the hanzi for this word', '{"english":"to inform","wordBank":["险","保","证","报","保","保","留","保","告","持"],"correctAnswer":["报","告"]}'::jsonb, 'The hanzi for "to inform" is 报告.', 17),
  ('lesson-h3-ca-3-ex-18', 'lesson-h3-ca-3', 'reverse_pinyin', 'Which hanzi matches this pinyin?', '{"pinyin":"bǎo chí","options":["报","保持","保险","保证"],"correctAnswer":"保持"}'::jsonb, 'bǎo chí → 保持', 18),
  ('lesson-h3-ca-3-ex-19', 'lesson-h3-ca-3', 'reverse_pinyin', 'Which hanzi matches this pinyin?', '{"pinyin":"bǎo liú","options":["保险","保留","保证","报告"],"correctAnswer":"保留"}'::jsonb, 'bǎo liú → 保留', 19),
  ('lesson-h3-ca-3-ex-20', 'lesson-h3-ca-3', 'match_pairs', 'Match each hanzi to its meaning', '{"pairs":[{"id":"v-h3-bao-zheng","left":"保证","right":"guarantee"},{"id":"v-h3-bao-gao","left":"报告","right":"to inform"},{"id":"v-h3-bao-2","left":"报","right":"to announce"},{"id":"v-h3-bao-xian","left":"保险","right":"insurance"}]}'::jsonb, null, 20),
  ('lesson-h3-ca-3-ex-21', 'lesson-h3-ca-3', 'fill_in_blank', 'Fill in the missing character', '{"sentence":"___是爱心。","blankIndex":0,"correctAnswer":"这","fullSentence":"这是爱心。","fullPinyin":"Zhè shì ài xīn.","options":["这","保","报"]}'::jsonb, 'Full sentence: 这是爱心。 — This is compassion.', 21),
  ('lesson-h3-ca-3-ex-22', 'lesson-h3-ca-3', 'fill_in_blank', 'Fill in the missing character', '{"sentence":"___是安装。","blankIndex":0,"correctAnswer":"这","fullSentence":"这是安装。","fullPinyin":"Zhè shì ān zhuāng.","options":["保","这","报"]}'::jsonb, 'Full sentence: 这是安装。 — This is to install.', 22),
  ('lesson-h3-ca-3-ex-23', 'lesson-h3-ca-3', 'fill_in_blank', 'Fill in the missing character', '{"sentence":"___是按。","blankIndex":0,"correctAnswer":"这","fullSentence":"这是按。","fullPinyin":"Zhè shì àn.","options":["报","保","这"]}'::jsonb, 'Full sentence: 这是按。 — This is to press.', 23),
  ('lesson-h3-ca-4-ex-0', 'lesson-h3-ca-4', 'listening', 'Listen and select the meaning', '{"hanzi":"背后","options":["skill","behind","quilt","source material"],"correctAnswer":"behind","pinyin":"bèi hòu"}'::jsonb, 'You heard: 背后 (bèi hòu)', 0),
  ('lesson-h3-ca-4-ex-1', 'lesson-h3-ca-4', 'listening', 'Listen and select the meaning', '{"hanzi":"被","options":["quilt","skill","competition (sports etc)","behind"],"correctAnswer":"quilt","pinyin":"bèi"}'::jsonb, 'You heard: 被 (bèi)', 1),
  ('lesson-h3-ca-4-ex-2', 'lesson-h3-ca-4', 'listening', 'Listen and select the meaning', '{"hanzi":"被子","options":["quilt","behind","competition (sports etc)","source material"],"correctAnswer":"quilt","pinyin":"bèi zi"}'::jsonb, 'You heard: 被子 (bèi zi)', 2),
  ('lesson-h3-ca-4-ex-3', 'lesson-h3-ca-4', 'pinyin_recognition', 'Select the correct pinyin', '{"hanzi":"本领","options":["běn lǐng","bèi","bèi hòu","bǐ sài"],"correctAnswer":"běn lǐng"}'::jsonb, '本领 is pronounced běn lǐng.', 3),
  ('lesson-h3-ca-4-ex-4', 'lesson-h3-ca-4', 'pinyin_recognition', 'Select the correct pinyin', '{"hanzi":"本事","options":["běn shì","bǐ sài","bèi hòu","bèi zi"],"correctAnswer":"běn shì"}'::jsonb, '本事 is pronounced běn shì.', 4),
  ('lesson-h3-ca-4-ex-5', 'lesson-h3-ca-4', 'multiple_choice', 'Select the correct translation', '{"question":"What does \"比赛\" mean?","options":["competition (sports etc)","source material","quilt","behind"],"correctAnswer":"competition (sports etc)","displayHanzi":"比赛","pinyin":"bǐ sài"}'::jsonb, '比赛 (bǐ sài) means "competition (sports etc)".', 5),
  ('lesson-h3-ca-4-ex-6', 'lesson-h3-ca-4', 'multiple_choice', 'Select the correct translation', '{"question":"What does \"背后\" mean?","options":["source material","competition (sports etc)","behind","skill"],"correctAnswer":"behind","displayHanzi":"背后","pinyin":"bèi hòu"}'::jsonb, '背后 (bèi hòu) means "behind".', 6),
  ('lesson-h3-ca-4-ex-7', 'lesson-h3-ca-4', 'multiple_choice', 'Select the correct translation', '{"question":"What does \"被\" mean?","options":["behind","skill","source material","quilt"],"correctAnswer":"quilt","displayHanzi":"被","pinyin":"bèi"}'::jsonb, '被 (bèi) means "quilt".', 7),
  ('lesson-h3-ca-4-ex-8', 'lesson-h3-ca-4', 'hanzi_to_english', 'Type the English meaning', '{"hanzi":"被子","pinyin":"bèi zi","acceptedAnswers":["quilt","quilt"]}'::jsonb, '被子 = quilt', 8),
  ('lesson-h3-ca-4-ex-9', 'lesson-h3-ca-4', 'hanzi_to_english', 'Type the English meaning', '{"hanzi":"本领","pinyin":"běn lǐng","acceptedAnswers":["skill","skill"]}'::jsonb, '本领 = skill', 9),
  ('lesson-h3-ca-4-ex-10', 'lesson-h3-ca-4', 'hanzi_to_english', 'Type the English meaning', '{"hanzi":"本事","pinyin":"běn shì","acceptedAnswers":["source material","source material"]}'::jsonb, '本事 = source material', 10),
  ('lesson-h3-ca-4-ex-11', 'lesson-h3-ca-4', 'hanzi_to_english', 'Type the English meaning', '{"hanzi":"比赛","pinyin":"bǐ sài","acceptedAnswers":["competition (sports etc)","competition (sports etc)"]}'::jsonb, '比赛 = competition (sports etc)', 11),
  ('lesson-h3-ca-4-ex-12', 'lesson-h3-ca-4', 'hanzi_to_english', 'Type the English meaning', '{"hanzi":"背后","pinyin":"bèi hòu","acceptedAnswers":["behind","behind"]}'::jsonb, '背后 = behind', 12),
  ('lesson-h3-ca-4-ex-13', 'lesson-h3-ca-4', 'hanzi_to_english', 'Type the English meaning', '{"hanzi":"被","pinyin":"bèi","acceptedAnswers":["quilt","quilt"]}'::jsonb, '被 = quilt', 13),
  ('lesson-h3-ca-4-ex-14', 'lesson-h3-ca-4', 'english_to_hanzi_word_bank', 'Build the hanzi for this word', '{"english":"quilt","wordBank":["领","子","背","比","后","本","被","被","事","赛"],"correctAnswer":["被","子"]}'::jsonb, 'The hanzi for "quilt" is 被子.', 14),
  ('lesson-h3-ca-4-ex-15', 'lesson-h3-ca-4', 'english_to_hanzi_word_bank', 'Build the hanzi for this word', '{"english":"skill","wordBank":["本","事","子","本","背","赛","被","领","后","被"],"correctAnswer":["本","领"]}'::jsonb, 'The hanzi for "skill" is 本领.', 15),
  ('lesson-h3-ca-4-ex-16', 'lesson-h3-ca-4', 'english_to_hanzi_word_bank', 'Build the hanzi for this word', '{"english":"source material","wordBank":["本","赛","比","背","被","事","后","本","领","被"],"correctAnswer":["本","事"]}'::jsonb, 'The hanzi for "source material" is 本事.', 16),
  ('lesson-h3-ca-4-ex-17', 'lesson-h3-ca-4', 'english_to_hanzi_word_bank', 'Build the hanzi for this word', '{"english":"competition (sports etc)","wordBank":["赛","被","后","被","领","事","本","子","背","比"],"correctAnswer":["比","赛"]}'::jsonb, 'The hanzi for "competition (sports etc)" is 比赛.', 17),
  ('lesson-h3-ca-4-ex-18', 'lesson-h3-ca-4', 'reverse_pinyin', 'Which hanzi matches this pinyin?', '{"pinyin":"bèi hòu","options":["本领","被","背后","比赛"],"correctAnswer":"背后"}'::jsonb, 'bèi hòu → 背后', 18),
  ('lesson-h3-ca-4-ex-19', 'lesson-h3-ca-4', 'reverse_pinyin', 'Which hanzi matches this pinyin?', '{"pinyin":"bèi","options":["被子","本事","背后","被"],"correctAnswer":"被"}'::jsonb, 'bèi → 被', 19),
  ('lesson-h3-ca-4-ex-20', 'lesson-h3-ca-4', 'match_pairs', 'Match each hanzi to its meaning', '{"pairs":[{"id":"v-h3-bei-hou","left":"背后","right":"behind"},{"id":"v-h3-ben-shi","left":"本事","right":"source material"},{"id":"v-h3-bei-zi","left":"被子","right":"quilt"},{"id":"v-h3-ben-ling","left":"本领","right":"skill"}]}'::jsonb, null, 20),
  ('lesson-h3-ca-4-ex-21', 'lesson-h3-ca-4', 'fill_in_blank', 'Fill in the missing character', '{"sentence":"___是爱心。","blankIndex":0,"correctAnswer":"这","fullSentence":"这是爱心。","fullPinyin":"Zhè shì ài xīn.","options":["这","被","比","本"]}'::jsonb, 'Full sentence: 这是爱心。 — This is compassion.', 21),
  ('lesson-h3-ca-4-ex-22', 'lesson-h3-ca-4', 'fill_in_blank', 'Fill in the missing character', '{"sentence":"___是安装。","blankIndex":0,"correctAnswer":"这","fullSentence":"这是安装。","fullPinyin":"Zhè shì ān zhuāng.","options":["背","本","被","这"]}'::jsonb, 'Full sentence: 这是安装。 — This is to install.', 22),
  ('lesson-h3-ca-4-ex-23', 'lesson-h3-ca-4', 'fill_in_blank', 'Fill in the missing character', '{"sentence":"___是按。","blankIndex":0,"correctAnswer":"这","fullSentence":"这是按。","fullPinyin":"Zhè shì àn.","options":["这","比","背","本"]}'::jsonb, 'Full sentence: 这是按。 — This is to press.', 23),
  ('lesson-h3-ca-5-ex-0', 'lesson-h3-ca-5', 'listening', 'Listen and select the meaning', '{"hanzi":"必然","options":["standard; norm; criterion","necessary","inevitable","form"],"correctAnswer":"inevitable","pinyin":"bì rán"}'::jsonb, 'You heard: 必然 (bì rán)', 0),
  ('lesson-h3-ca-5-ex-1', 'lesson-h3-ca-5', 'listening', 'Listen and select the meaning', '{"hanzi":"必要","options":["necessary","form","standard; norm; criterion","to express; to convey"],"correctAnswer":"necessary","pinyin":"bì yào"}'::jsonb, 'You heard: 必要 (bì yào)', 1),
  ('lesson-h3-ca-5-ex-2', 'lesson-h3-ca-5', 'listening', 'Listen and select the meaning', '{"hanzi":"标题","options":["title","form","necessary","standard; norm; criterion"],"correctAnswer":"title","pinyin":"biāo tí"}'::jsonb, 'You heard: 标题 (biāo tí)', 2),
  ('lesson-h3-ca-5-ex-3', 'lesson-h3-ca-5', 'pinyin_recognition', 'Select the correct pinyin', '{"hanzi":"标准","options":["biāo zhǔn","biǎo dá","biǎo gé","bì rán"],"correctAnswer":"biāo zhǔn"}'::jsonb, '标准 is pronounced biāo zhǔn.', 3);
