-- Expand course content: Starter + Foundation units (28 lessons, 531 exercises)
-- Generated from src/data/course-content.ts — run: npm run db:generate-seed
-- Apply AFTER setup.sql on an existing database.

-- ========== SCHEMA ADDITIONS ==========
alter table vocab_items add column if not exists image_url text;
alter table vocab_items add column if not exists emoji text;

-- ========== CLEAR OLD COURSE CONTENT ==========
-- Reset user pointers to avoid FK violations when lessons are replaced
update user_progress
  set current_lesson_id = null,
      current_unit_id = null
  where course_id = 'course-mandarin-1';

delete from exercise_attempts
  where exercise_id in (
    select id from exercises
    where lesson_id in (select id from lessons where unit_id in (select id from units where course_id = 'course-mandarin-1'))
  );

delete from lesson_attempts
  where lesson_id in (select id from lessons where unit_id in (select id from units where course_id = 'course-mandarin-1'));

delete from vocab_memory
  where vocab_item_id in (select id from vocab_items where course_id = 'course-mandarin-1');

delete from exercises
  where lesson_id in (select id from lessons where unit_id in (select id from units where course_id = 'course-mandarin-1'));

delete from lesson_vocab
  where lesson_id in (select id from lessons where unit_id in (select id from units where course_id = 'course-mandarin-1'));

delete from lesson_sentences
  where lesson_id in (select id from lessons where unit_id in (select id from units where course_id = 'course-mandarin-1'));

delete from lessons
  where unit_id in (select id from units where course_id = 'course-mandarin-1');

delete from units where course_id = 'course-mandarin-1';

delete from sentences where course_id = 'course-mandarin-1';

delete from vocab_items where course_id = 'course-mandarin-1';

-- ========== INSERT EXPANDED COURSE CONTENT ==========
insert into units (id, course_id, title, order_index) values
  ('unit-sa', 'course-mandarin-1', 'Starter A: Sounds & Greetings', 1),
  ('unit-sb', 'course-mandarin-1', 'Starter B: Numbers & Identity', 2),
  ('unit-fa', 'course-mandarin-1', 'Foundation A: Family & Work', 3),
  ('unit-fb', 'course-mandarin-1', 'Foundation B: Time & Routine', 4),
  ('unit-fc', 'course-mandarin-1', 'Foundation C: Food & Drink', 5),
  ('unit-fd', 'course-mandarin-1', 'Foundation D: Shopping & Places', 6);

insert into lessons (id, unit_id, title, order_index) values
  ('lesson-sa-1', 'unit-sa', 'Meet Pinyin', 1),
  ('lesson-sa-2', 'unit-sa', 'Hello and Goodbye', 2),
  ('lesson-sa-3', 'unit-sa', 'What''s Your Name?', 3),
  ('lesson-sa-4', 'unit-sa', 'I Am from ___', 4),
  ('lesson-sa-5', 'unit-sa', 'Are You a Student?', 5),
  ('lesson-sa-6', 'unit-sa', 'Greeting Review', 6),
  ('lesson-sb-1', 'unit-sb', 'Numbers 1–5', 1),
  ('lesson-sb-2', 'unit-sb', 'Numbers 6–10', 2),
  ('lesson-sb-3', 'unit-sb', 'How Old Are You?', 3),
  ('lesson-sb-4', 'unit-sb', 'One Teacher, Two Students', 4),
  ('lesson-sb-5', 'unit-sb', 'This and That', 5),
  ('lesson-sb-6', 'unit-sb', 'Who Is He?', 6),
  ('lesson-fa-1', 'unit-fa', 'My Family', 1),
  ('lesson-fa-2', 'unit-fa', 'Older Brother, Younger Sister', 2),
  ('lesson-fa-3', 'unit-fa', 'My Mom Works Here', 3),
  ('lesson-fa-4', 'unit-fa', 'Who Is in Your Family?', 4),
  ('lesson-fb-1', 'unit-fb', 'What Time Is It?', 1),
  ('lesson-fb-2', 'unit-fb', 'Today and Tomorrow', 2),
  ('lesson-fb-3', 'unit-fb', 'Get Up and Go', 3),
  ('lesson-fb-4', 'unit-fb', 'Morning Class', 4),
  ('lesson-fc-1', 'unit-fc', 'Tea or Water?', 1),
  ('lesson-fc-2', 'unit-fc', 'I Want Dumplings', 2),
  ('lesson-fc-3', 'unit-fc', 'Do You Like Rice?', 3),
  ('lesson-fc-4', 'unit-fc', 'At the Restaurant', 4),
  ('lesson-fd-1', 'unit-fd', 'How Much Is It?', 1),
  ('lesson-fd-2', 'unit-fd', 'Where Is My Phone?', 2),
  ('lesson-fd-3', 'unit-fd', 'My Room', 3),
  ('lesson-fd-4', 'unit-fd', 'At the Supermarket', 4);

insert into vocab_items (id, course_id, hanzi, pinyin, english, part_of_speech, difficulty, image_url, emoji) values
  ('v-wo', 'course-mandarin-1', '我', 'wǒ', 'I / me', 'pronoun', 1, null, '🙋'),
  ('v-ni', 'course-mandarin-1', '你', 'nǐ', 'you', 'pronoun', 1, null, '👆'),
  ('v-ta-he', 'course-mandarin-1', '他', 'tā', 'he / him', 'pronoun', 1, null, '👨'),
  ('v-ta-she', 'course-mandarin-1', '她', 'tā', 'she / her', 'pronoun', 1, null, '👩'),
  ('v-shi', 'course-mandarin-1', '是', 'shì', 'to be', 'verb', 1, null, '✅'),
  ('v-hao', 'course-mandarin-1', '好', 'hǎo', 'good', 'adjective', 1, null, '👍'),
  ('v-ma', 'course-mandarin-1', '吗', 'ma', 'question particle', 'particle', 1, null, '❓'),
  ('v-bu', 'course-mandarin-1', '不', 'bù', 'not / no', 'adverb', 1, null, '🚫'),
  ('v-jiao', 'course-mandarin-1', '叫', 'jiào', 'to be called', 'verb', 1, null, '📛'),
  ('v-guo', 'course-mandarin-1', '国', 'guó', 'country', 'noun', 1, null, '🌍'),
  ('v-ren', 'course-mandarin-1', '人', 'rén', 'person', 'noun', 1, null, '🧑'),
  ('v-yi', 'course-mandarin-1', '一', 'yī', 'one', 'number', 1, null, '1️⃣'),
  ('v-er', 'course-mandarin-1', '二', 'èr', 'two', 'number', 1, null, '2️⃣'),
  ('v-san', 'course-mandarin-1', '三', 'sān', 'three', 'number', 1, null, '3️⃣'),
  ('v-si', 'course-mandarin-1', '四', 'sì', 'four', 'number', 1, null, '4️⃣'),
  ('v-wu', 'course-mandarin-1', '五', 'wǔ', 'five', 'number', 1, null, '5️⃣'),
  ('v-liu', 'course-mandarin-1', '六', 'liù', 'six', 'number', 1, null, '6️⃣'),
  ('v-qi', 'course-mandarin-1', '七', 'qī', 'seven', 'number', 1, null, '7️⃣'),
  ('v-ba', 'course-mandarin-1', '八', 'bā', 'eight', 'number', 1, null, '8️⃣'),
  ('v-jiu', 'course-mandarin-1', '九', 'jiǔ', 'nine', 'number', 1, null, '9️⃣'),
  ('v-shi-num', 'course-mandarin-1', '十', 'shí', 'ten', 'number', 1, null, '🔟'),
  ('v-xuesheng', 'course-mandarin-1', '学生', 'xuéshēng', 'student', 'noun', 1, null, '🎓'),
  ('v-laoshi', 'course-mandarin-1', '老师', 'lǎoshī', 'teacher', 'noun', 1, null, '👩‍🏫'),
  ('v-tongxue', 'course-mandarin-1', '同学', 'tóngxué', 'classmate', 'noun', 2, null, '🤝'),
  ('v-xuexiao', 'course-mandarin-1', '学校', 'xuéxiào', 'school', 'noun', 2, '/vocab/school.svg', '🏫'),
  ('v-zhongguo', 'course-mandarin-1', '中国', 'Zhōngguó', 'China', 'noun', 1, '/vocab/china.svg', '🇨🇳'),
  ('v-meiguo', 'course-mandarin-1', '美国', 'Měiguó', 'United States', 'noun', 1, null, '🇺🇸'),
  ('v-zhongguoren', 'course-mandarin-1', '中国人', 'Zhōngguórén', 'Chinese person', 'noun', 2, null, '🧑‍🤝‍🧑'),
  ('v-zhe', 'course-mandarin-1', '这', 'zhè', 'this', 'pronoun', 1, null, '👉'),
  ('v-na', 'course-mandarin-1', '那', 'nà', 'that', 'pronoun', 1, null, '👈'),
  ('v-mama', 'course-mandarin-1', '妈妈', 'māma', 'mom', 'noun', 1, '/vocab/mom.svg', '👩'),
  ('v-baba', 'course-mandarin-1', '爸爸', 'bàba', 'dad', 'noun', 1, '/vocab/dad.svg', '👨'),
  ('v-gege', 'course-mandarin-1', '哥哥', 'gēge', 'older brother', 'noun', 1, null, '👦'),
  ('v-meimei', 'course-mandarin-1', '妹妹', 'mèimei', 'younger sister', 'noun', 1, null, '👧'),
  ('v-pengyou', 'course-mandarin-1', '朋友', 'péngyou', 'friend', 'noun', 1, null, '👫'),
  ('v-jiaren', 'course-mandarin-1', '家人', 'jiārén', 'family members', 'noun', 2, null, '👨‍👩‍👧‍👦'),
  ('v-gongzuo', 'course-mandarin-1', '工作', 'gōngzuò', 'work / job', 'noun', 2, null, '💼'),
  ('v-jia', 'course-mandarin-1', '家', 'jiā', 'family / home', 'noun', 1, '/vocab/home.svg', '🏠'),
  ('v-de', 'course-mandarin-1', '的', 'de', 'possessive particle', 'particle', 2, null, '🔗'),
  ('v-nian', 'course-mandarin-1', '年', 'nián', 'year', 'noun', 1, null, '📅'),
  ('v-yue', 'course-mandarin-1', '月', 'yuè', 'month', 'noun', 1, null, '🗓️'),
  ('v-ri', 'course-mandarin-1', '日', 'rì', 'day', 'noun', 1, null, '☀️'),
  ('v-dian', 'course-mandarin-1', '点', 'diǎn', 'o''clock', 'noun', 2, null, '🕐'),
  ('v-shijian', 'course-mandarin-1', '时间', 'shíjiān', 'time', 'noun', 2, null, '⏰'),
  ('v-qichuang', 'course-mandarin-1', '起床', 'qǐchuáng', 'to get up', 'verb', 2, null, '🛏️'),
  ('v-shui', 'course-mandarin-1', '水', 'shuǐ', 'water', 'noun', 1, '/vocab/water.svg', '💧'),
  ('v-cha', 'course-mandarin-1', '茶', 'chá', 'tea', 'noun', 1, '/vocab/tea.svg', '🍵'),
  ('v-mifan', 'course-mandarin-1', '米饭', 'mǐfàn', 'rice', 'noun', 1, '/vocab/rice.svg', '🍚'),
  ('v-miantiao', 'course-mandarin-1', '面条', 'miàntiáo', 'noodles', 'noun', 2, null, '🍜'),
  ('v-fan', 'course-mandarin-1', '饭', 'fàn', 'meal / rice', 'noun', 1, null, '🍚'),
  ('v-cai', 'course-mandarin-1', '菜', 'cài', 'dish / vegetable', 'noun', 1, null, '🥬'),
  ('v-chi', 'course-mandarin-1', '吃', 'chī', 'to eat', 'verb', 1, null, '🍽️'),
  ('v-he', 'course-mandarin-1', '喝', 'hē', 'to drink', 'verb', 1, null, '🥤'),
  ('v-bao', 'course-mandarin-1', '包', 'bāo', 'bun / wrap', 'noun', 2, null, '🥟'),
  ('v-xihuan', 'course-mandarin-1', '喜欢', 'xǐhuān', 'to like', 'verb', 1, null, '❤️'),
  ('v-buxihuan', 'course-mandarin-1', '不喜欢', 'bù xǐhuān', 'to not like', 'verb', 2, null, '💔'),
  ('v-qing', 'course-mandarin-1', '请', 'qǐng', 'please', 'verb', 1, null, '🙏'),
  ('v-yao', 'course-mandarin-1', '要', 'yào', 'to want', 'verb', 1, null, '🙋'),
  ('v-qian', 'course-mandarin-1', '钱', 'qián', 'money', 'noun', 1, '/vocab/money.svg', '💰'),
  ('v-mai', 'course-mandarin-1', '买', 'mǎi', 'to buy', 'verb', 1, null, '🛒'),
  ('v-dian-shop', 'course-mandarin-1', '店', 'diàn', 'shop / store', 'noun', 1, null, '🏪'),
  ('v-che', 'course-mandarin-1', '车', 'chē', 'car / vehicle', 'noun', 1, '/vocab/car.svg', '🚗'),
  ('v-tianqi', 'course-mandarin-1', '天气', 'tiānqì', 'weather', 'noun', 2, null, '🌤️'),
  ('v-leng', 'course-mandarin-1', '冷', 'lěng', 'cold', 'adjective', 1, null, '🥶'),
  ('v-re', 'course-mandarin-1', '热', 'rè', 'hot', 'adjective', 1, null, '🔥'),
  ('v-you', 'course-mandarin-1', '有', 'yǒu', 'to have', 'verb', 1, null, '✔️'),
  ('v-meiyou', 'course-mandarin-1', '没有', 'méiyǒu', 'to not have', 'verb', 2, null, '❌'),
  ('v-duoshao', 'course-mandarin-1', '多少', 'duōshao', 'how much / how many', 'question', 2, null, '💲'),
  ('v-nali', 'course-mandarin-1', '哪里', 'nǎlǐ', 'where', 'question', 2, null, '📍'),
  ('v-zai', 'course-mandarin-1', '在', 'zài', 'at / in / on', 'preposition', 2, null, '📌'),
  ('v-hen', 'course-mandarin-1', '很', 'hěn', 'very', 'adverb', 1, null, '💯'),
  ('v-da', 'course-mandarin-1', '大', 'dà', 'big', 'adjective', 1, null, '🐘'),
  ('v-xiao', 'course-mandarin-1', '小', 'xiǎo', 'small', 'adjective', 1, null, '🐜');

insert into lesson_vocab (lesson_id, vocab_item_id) values
  ('lesson-sa-1', 'v-ni'),
  ('lesson-sa-1', 'v-wo'),
  ('lesson-sa-1', 'v-hao'),
  ('lesson-sa-1', 'v-shi'),
  ('lesson-sa-1', 'v-ma'),
  ('lesson-sa-2', 'v-hao'),
  ('lesson-sa-2', 'v-ni'),
  ('lesson-sa-2', 'v-wo'),
  ('lesson-sa-2', 'v-bu'),
  ('lesson-sa-2', 'v-ma'),
  ('lesson-sa-3', 'v-jiao'),
  ('lesson-sa-3', 'v-wo'),
  ('lesson-sa-3', 'v-ni'),
  ('lesson-sa-3', 'v-shi'),
  ('lesson-sa-3', 'v-ma'),
  ('lesson-sa-4', 'v-wo'),
  ('lesson-sa-4', 'v-guo'),
  ('lesson-sa-4', 'v-zhongguo'),
  ('lesson-sa-4', 'v-meiguo'),
  ('lesson-sa-4', 'v-ren'),
  ('lesson-sa-5', 'v-ni'),
  ('lesson-sa-5', 'v-shi'),
  ('lesson-sa-5', 'v-xuesheng'),
  ('lesson-sa-5', 'v-laoshi'),
  ('lesson-sa-5', 'v-ma'),
  ('lesson-sa-6', 'v-wo'),
  ('lesson-sa-6', 'v-ni'),
  ('lesson-sa-6', 'v-hao'),
  ('lesson-sa-6', 'v-shi'),
  ('lesson-sa-6', 'v-jiao'),
  ('lesson-sb-1', 'v-yi'),
  ('lesson-sb-1', 'v-er'),
  ('lesson-sb-1', 'v-san'),
  ('lesson-sb-1', 'v-si'),
  ('lesson-sb-1', 'v-wu'),
  ('lesson-sb-2', 'v-liu'),
  ('lesson-sb-2', 'v-qi'),
  ('lesson-sb-2', 'v-ba'),
  ('lesson-sb-2', 'v-jiu'),
  ('lesson-sb-2', 'v-shi-num'),
  ('lesson-sb-3', 'v-ni'),
  ('lesson-sb-3', 'v-duoshao'),
  ('lesson-sb-3', 'v-nian'),
  ('lesson-sb-3', 'v-yi'),
  ('lesson-sb-3', 'v-ma'),
  ('lesson-sb-4', 'v-yi'),
  ('lesson-sb-4', 'v-er'),
  ('lesson-sb-4', 'v-laoshi'),
  ('lesson-sb-4', 'v-xuesheng'),
  ('lesson-sb-4', 'v-ren'),
  ('lesson-sb-5', 'v-zhe'),
  ('lesson-sb-5', 'v-na'),
  ('lesson-sb-5', 'v-shi'),
  ('lesson-sb-5', 'v-wo'),
  ('lesson-sb-5', 'v-ni'),
  ('lesson-sb-6', 'v-ta-he'),
  ('lesson-sb-6', 'v-ta-she'),
  ('lesson-sb-6', 'v-shi'),
  ('lesson-sb-6', 'v-ren'),
  ('lesson-sb-6', 'v-ni'),
  ('lesson-fa-1', 'v-mama'),
  ('lesson-fa-1', 'v-baba'),
  ('lesson-fa-1', 'v-jia'),
  ('lesson-fa-1', 'v-de'),
  ('lesson-fa-1', 'v-wo'),
  ('lesson-fa-2', 'v-gege'),
  ('lesson-fa-2', 'v-meimei'),
  ('lesson-fa-2', 'v-de'),
  ('lesson-fa-2', 'v-wo'),
  ('lesson-fa-2', 'v-ni'),
  ('lesson-fa-3', 'v-mama'),
  ('lesson-fa-3', 'v-gongzuo'),
  ('lesson-fa-3', 'v-zai'),
  ('lesson-fa-3', 'v-shi'),
  ('lesson-fa-3', 'v-de'),
  ('lesson-fa-4', 'v-jiaren'),
  ('lesson-fa-4', 'v-pengyou'),
  ('lesson-fa-4', 'v-jia'),
  ('lesson-fa-4', 'v-de'),
  ('lesson-fa-4', 'v-wo'),
  ('lesson-fb-1', 'v-dian'),
  ('lesson-fb-1', 'v-shijian'),
  ('lesson-fb-1', 'v-jiu'),
  ('lesson-fb-1', 'v-ba'),
  ('lesson-fb-1', 'v-ma'),
  ('lesson-fb-2', 'v-nian'),
  ('lesson-fb-2', 'v-yue'),
  ('lesson-fb-2', 'v-ri'),
  ('lesson-fb-2', 'v-dian'),
  ('lesson-fb-2', 'v-shijian'),
  ('lesson-fb-3', 'v-qichuang'),
  ('lesson-fb-3', 'v-chi'),
  ('lesson-fb-3', 'v-he'),
  ('lesson-fb-3', 'v-shijian'),
  ('lesson-fb-3', 'v-wo'),
  ('lesson-fb-4', 'v-xuexiao'),
  ('lesson-fb-4', 'v-laoshi'),
  ('lesson-fb-4', 'v-xuesheng'),
  ('lesson-fb-4', 'v-shijian'),
  ('lesson-fb-4', 'v-zai'),
  ('lesson-fc-1', 'v-shui'),
  ('lesson-fc-1', 'v-cha'),
  ('lesson-fc-1', 'v-he'),
  ('lesson-fc-1', 'v-yao'),
  ('lesson-fc-1', 'v-ma'),
  ('lesson-fc-2', 'v-bao'),
  ('lesson-fc-2', 'v-yao'),
  ('lesson-fc-2', 'v-chi'),
  ('lesson-fc-2', 'v-qing'),
  ('lesson-fc-2', 'v-mifan'),
  ('lesson-fc-3', 'v-xihuan'),
  ('lesson-fc-3', 'v-buxihuan'),
  ('lesson-fc-3', 'v-mifan'),
  ('lesson-fc-3', 'v-cha'),
  ('lesson-fc-3', 'v-chi'),
  ('lesson-fc-4', 'v-qing'),
  ('lesson-fc-4', 'v-yao'),
  ('lesson-fc-4', 'v-chi'),
  ('lesson-fc-4', 'v-he'),
  ('lesson-fc-4', 'v-mifan'),
  ('lesson-fd-1', 'v-duoshao'),
  ('lesson-fd-1', 'v-qian'),
  ('lesson-fd-1', 'v-mai'),
  ('lesson-fd-1', 'v-zhe'),
  ('lesson-fd-1', 'v-na'),
  ('lesson-fd-2', 'v-nali'),
  ('lesson-fd-2', 'v-zai'),
  ('lesson-fd-2', 'v-you'),
  ('lesson-fd-2', 'v-meiyou'),
  ('lesson-fd-2', 'v-na'),
  ('lesson-fd-3', 'v-jia'),
  ('lesson-fd-3', 'v-da'),
  ('lesson-fd-3', 'v-xiao'),
  ('lesson-fd-3', 'v-hen'),
  ('lesson-fd-3', 'v-zai'),
  ('lesson-fd-4', 'v-dian-shop'),
  ('lesson-fd-4', 'v-mai'),
  ('lesson-fd-4', 'v-qian'),
  ('lesson-fd-4', 'v-duoshao'),
  ('lesson-fd-4', 'v-che');

insert into sentences (id, course_id, hanzi, pinyin, english, difficulty, grammar_notes) values
  ('s-1', 'course-mandarin-1', '你好！', 'Nǐ hǎo!', 'Hello!', 1, null),
  ('s-2', 'course-mandarin-1', '我叫小明。', 'Wǒ jiào Xiǎomíng.', 'My name is Xiaoming.', 1, '叫 + name introduces yourself'),
  ('s-3', 'course-mandarin-1', '我是学生。', 'Wǒ shì xuéshēng.', 'I am a student.', 1, 'Subject + 是 + noun'),
  ('s-4', 'course-mandarin-1', '你是中国人吗？', 'Nǐ shì Zhōngguórén ma?', 'Are you Chinese?', 2, 'Add 吗 for yes/no questions'),
  ('s-5', 'course-mandarin-1', '她是老师。', 'Tā shì lǎoshī.', 'She is a teacher.', 1, null),
  ('s-6', 'course-mandarin-1', '我有一个哥哥。', 'Wǒ yǒu yī gè gēge.', 'I have an older brother.', 2, '有 means to have'),
  ('s-7', 'course-mandarin-1', '我的妈妈很好。', 'Wǒ de māma hěn hǎo.', 'My mom is very good.', 2, '的 marks possession'),
  ('s-8', 'course-mandarin-1', '现在几点？', 'Xiànzài jǐ diǎn?', 'What time is it now?', 2, null),
  ('s-9', 'course-mandarin-1', '我喜欢喝茶。', 'Wǒ xǐhuān hē chá.', 'I like to drink tea.', 2, null),
  ('s-10', 'course-mandarin-1', '请给我米饭。', 'Qǐng gěi wǒ mǐfàn.', 'Please give me rice.', 2, null),
  ('s-11', 'course-mandarin-1', '这个多少钱？', 'Zhège duōshao qián?', 'How much is this?', 2, null),
  ('s-12', 'course-mandarin-1', '我的家很大。', 'Wǒ de jiā hěn dà.', 'My home is very big.', 2, null),
  ('s-13', 'course-mandarin-1', '手机在哪里？', 'Shǒujī zài nǎlǐ?', 'Where is the phone?', 2, '在 + location'),
  ('s-14', 'course-mandarin-1', '今天天气很冷。', 'Jīntiān tiānqì hěn lěng.', 'The weather is very cold today.', 2, null);

insert into lesson_sentences (lesson_id, sentence_id) values
  ('lesson-sa-2', 's-1'),
  ('lesson-sa-3', 's-2'),
  ('lesson-sa-4', 's-4'),
  ('lesson-sa-5', 's-3'),
  ('lesson-sa-5', 's-4'),
  ('lesson-sa-6', 's-1'),
  ('lesson-sa-6', 's-3'),
  ('lesson-sb-4', 's-3'),
  ('lesson-sb-4', 's-5'),
  ('lesson-sb-6', 's-5'),
  ('lesson-fa-1', 's-7'),
  ('lesson-fa-2', 's-6'),
  ('lesson-fa-3', 's-7'),
  ('lesson-fa-4', 's-6'),
  ('lesson-fa-4', 's-7'),
  ('lesson-fb-1', 's-8'),
  ('lesson-fb-4', 's-3'),
  ('lesson-fb-4', 's-5'),
  ('lesson-fc-2', 's-10'),
  ('lesson-fc-3', 's-9'),
  ('lesson-fc-4', 's-10'),
  ('lesson-fd-1', 's-11'),
  ('lesson-fd-2', 's-13'),
  ('lesson-fd-3', 's-12'),
  ('lesson-fd-4', 's-11'),
  ('lesson-fd-4', 's-14');

insert into exercises (id, lesson_id, type, prompt, payload_json, explanation, order_index) values
  ('lesson-sa-1-ex-0', 'lesson-sa-1', 'listening', 'Listen and select the meaning', '{"hanzi":"你","options":["you","question particle","to be","good"],"correctAnswer":"you","pinyin":"nǐ","emoji":"👆"}'::jsonb, 'You heard: 你 (nǐ)', 0),
  ('lesson-sa-1-ex-1', 'lesson-sa-1', 'listening', 'Listen and select the meaning', '{"hanzi":"我","options":["to be","good","you","I / me"],"correctAnswer":"I / me","pinyin":"wǒ","emoji":"🙋"}'::jsonb, 'You heard: 我 (wǒ)', 1),
  ('lesson-sa-1-ex-2', 'lesson-sa-1', 'listening', 'Listen and select the meaning', '{"hanzi":"好","options":["to be","I / me","you","good"],"correctAnswer":"good","pinyin":"hǎo","emoji":"👍"}'::jsonb, 'You heard: 好 (hǎo)', 2),
  ('lesson-sa-1-ex-3', 'lesson-sa-1', 'listening', 'Listen and select the meaning', '{"hanzi":"是","options":["question particle","to be","you","good"],"correctAnswer":"to be","pinyin":"shì","emoji":"✅"}'::jsonb, 'You heard: 是 (shì)', 3),
  ('lesson-sa-1-ex-4', 'lesson-sa-1', 'pinyin_recognition', 'Select the correct pinyin', '{"hanzi":"吗","options":["wǒ","nǐ","hǎo","ma"],"correctAnswer":"ma","emoji":"❓"}'::jsonb, '吗 is pronounced ma.', 4),
  ('lesson-sa-1-ex-5', 'lesson-sa-1', 'pinyin_recognition', 'Select the correct pinyin', '{"hanzi":"你","options":["ma","shì","nǐ","hǎo"],"correctAnswer":"nǐ","emoji":"👆"}'::jsonb, '你 is pronounced nǐ.', 5),
  ('lesson-sa-1-ex-6', 'lesson-sa-1', 'pinyin_recognition', 'Select the correct pinyin', '{"hanzi":"我","options":["hǎo","shì","nǐ","wǒ"],"correctAnswer":"wǒ","emoji":"🙋"}'::jsonb, '我 is pronounced wǒ.', 6),
  ('lesson-sa-1-ex-7', 'lesson-sa-1', 'pinyin_recognition', 'Select the correct pinyin', '{"hanzi":"好","options":["nǐ","shì","wǒ","hǎo"],"correctAnswer":"hǎo","emoji":"👍"}'::jsonb, '好 is pronounced hǎo.', 7),
  ('lesson-sa-1-ex-8', 'lesson-sa-1', 'multiple_choice', 'Select the correct translation', '{"question":"What does \"是\" mean?","options":["question particle","I / me","to be","you"],"correctAnswer":"to be","displayHanzi":"是","pinyin":"shì","emoji":"✅"}'::jsonb, '是 (shì) means "to be".', 8),
  ('lesson-sa-1-ex-9', 'lesson-sa-1', 'multiple_choice', 'Select the correct translation', '{"question":"What does \"吗\" mean?","options":["question particle","good","to be","I / me"],"correctAnswer":"question particle","displayHanzi":"吗","pinyin":"ma","emoji":"❓"}'::jsonb, '吗 (ma) means "question particle".', 9),
  ('lesson-sa-1-ex-10', 'lesson-sa-1', 'multiple_choice', 'Select the correct translation', '{"question":"What does \"你\" mean?","options":["to be","you","I / me","question particle"],"correctAnswer":"you","displayHanzi":"你","pinyin":"nǐ","emoji":"👆"}'::jsonb, '你 (nǐ) means "you".', 10),
  ('lesson-sa-1-ex-11', 'lesson-sa-1', 'multiple_choice', 'Select the correct translation', '{"question":"What does \"我\" mean?","options":["I / me","to be","question particle","good"],"correctAnswer":"I / me","displayHanzi":"我","pinyin":"wǒ","emoji":"🙋"}'::jsonb, '我 (wǒ) means "I / me".', 11),
  ('lesson-sa-1-ex-12', 'lesson-sa-1', 'multiple_choice', 'Select the correct translation', '{"question":"What does \"好\" mean?","options":["question particle","I / me","good","to be"],"correctAnswer":"good","displayHanzi":"好","pinyin":"hǎo","emoji":"👍"}'::jsonb, '好 (hǎo) means "good".', 12),
  ('lesson-sa-1-ex-13', 'lesson-sa-1', 'hanzi_to_english', 'Type the English meaning', '{"hanzi":"是","pinyin":"shì","acceptedAnswers":["to be","to be"],"emoji":"✅"}'::jsonb, '是 = to be', 13),
  ('lesson-sa-1-ex-14', 'lesson-sa-1', 'hanzi_to_english', 'Type the English meaning', '{"hanzi":"吗","pinyin":"ma","acceptedAnswers":["question particle","question particle"],"emoji":"❓"}'::jsonb, '吗 = question particle', 14),
  ('lesson-sa-1-ex-15', 'lesson-sa-1', 'reverse_pinyin', 'Which hanzi matches this pinyin?', '{"pinyin":"nǐ","options":["吗","你","我","是"],"correctAnswer":"你"}'::jsonb, 'nǐ → 你', 15),
  ('lesson-sa-1-ex-16', 'lesson-sa-1', 'reverse_pinyin', 'Which hanzi matches this pinyin?', '{"pinyin":"wǒ","options":["我","吗","是","好"],"correctAnswer":"我"}'::jsonb, 'wǒ → 我', 16),
  ('lesson-sa-1-ex-17', 'lesson-sa-1', 'match_pairs', 'Match each hanzi to its meaning', '{"pairs":[{"id":"v-ni","left":"你","right":"you"},{"id":"v-hao","left":"好","right":"good"},{"id":"v-shi","left":"是","right":"to be"},{"id":"v-ma","left":"吗","right":"question particle"}]}'::jsonb, null, 17),
  ('lesson-sa-2-ex-0', 'lesson-sa-2', 'listening', 'Listen and select the meaning', '{"hanzi":"好","options":["good","question particle","you","I / me"],"correctAnswer":"good","pinyin":"hǎo","emoji":"👍"}'::jsonb, 'You heard: 好 (hǎo)', 0),
  ('lesson-sa-2-ex-1', 'lesson-sa-2', 'listening', 'Listen and select the meaning', '{"hanzi":"你","options":["question particle","you","good","not / no"],"correctAnswer":"you","pinyin":"nǐ","emoji":"👆"}'::jsonb, 'You heard: 你 (nǐ)', 1),
  ('lesson-sa-2-ex-2', 'lesson-sa-2', 'listening', 'Listen and select the meaning', '{"hanzi":"我","options":["I / me","you","question particle","not / no"],"correctAnswer":"I / me","pinyin":"wǒ","emoji":"🙋"}'::jsonb, 'You heard: 我 (wǒ)', 2),
  ('lesson-sa-2-ex-3', 'lesson-sa-2', 'listening', 'Listen and select the meaning', '{"hanzi":"不","options":["I / me","good","not / no","question particle"],"correctAnswer":"not / no","pinyin":"bù","emoji":"🚫"}'::jsonb, 'You heard: 不 (bù)', 3),
  ('lesson-sa-2-ex-4', 'lesson-sa-2', 'pinyin_recognition', 'Select the correct pinyin', '{"hanzi":"吗","options":["bù","nǐ","ma","wǒ"],"correctAnswer":"ma","emoji":"❓"}'::jsonb, '吗 is pronounced ma.', 4),
  ('lesson-sa-2-ex-5', 'lesson-sa-2', 'pinyin_recognition', 'Select the correct pinyin', '{"hanzi":"好","options":["hǎo","nǐ","ma","wǒ"],"correctAnswer":"hǎo","emoji":"👍"}'::jsonb, '好 is pronounced hǎo.', 5),
  ('lesson-sa-2-ex-6', 'lesson-sa-2', 'pinyin_recognition', 'Select the correct pinyin', '{"hanzi":"你","options":["bù","hǎo","nǐ","ma"],"correctAnswer":"nǐ","emoji":"👆"}'::jsonb, '你 is pronounced nǐ.', 6),
  ('lesson-sa-2-ex-7', 'lesson-sa-2', 'pinyin_recognition', 'Select the correct pinyin', '{"hanzi":"我","options":["bù","ma","wǒ","nǐ"],"correctAnswer":"wǒ","emoji":"🙋"}'::jsonb, '我 is pronounced wǒ.', 7),
  ('lesson-sa-2-ex-8', 'lesson-sa-2', 'multiple_choice', 'Select the correct translation', '{"question":"What does \"不\" mean?","options":["not / no","you","question particle","good"],"correctAnswer":"not / no","displayHanzi":"不","pinyin":"bù","emoji":"🚫"}'::jsonb, '不 (bù) means "not / no".', 8),
  ('lesson-sa-2-ex-9', 'lesson-sa-2', 'multiple_choice', 'Select the correct translation', '{"question":"What does \"吗\" mean?","options":["good","not / no","question particle","I / me"],"correctAnswer":"question particle","displayHanzi":"吗","pinyin":"ma","emoji":"❓"}'::jsonb, '吗 (ma) means "question particle".', 9),
  ('lesson-sa-2-ex-10', 'lesson-sa-2', 'multiple_choice', 'Select the correct translation', '{"question":"What does \"好\" mean?","options":["not / no","I / me","you","good"],"correctAnswer":"good","displayHanzi":"好","pinyin":"hǎo","emoji":"👍"}'::jsonb, '好 (hǎo) means "good".', 10),
  ('lesson-sa-2-ex-11', 'lesson-sa-2', 'multiple_choice', 'Select the correct translation', '{"question":"What does \"你\" mean?","options":["question particle","I / me","you","good"],"correctAnswer":"you","displayHanzi":"你","pinyin":"nǐ","emoji":"👆"}'::jsonb, '你 (nǐ) means "you".', 11),
  ('lesson-sa-2-ex-12', 'lesson-sa-2', 'multiple_choice', 'Select the correct translation', '{"question":"What does \"我\" mean?","options":["question particle","I / me","good","not / no"],"correctAnswer":"I / me","displayHanzi":"我","pinyin":"wǒ","emoji":"🙋"}'::jsonb, '我 (wǒ) means "I / me".', 12),
  ('lesson-sa-2-ex-13', 'lesson-sa-2', 'hanzi_to_english', 'Type the English meaning', '{"hanzi":"不","pinyin":"bù","acceptedAnswers":["not / no","not"],"emoji":"🚫"}'::jsonb, '不 = not / no', 13),
  ('lesson-sa-2-ex-14', 'lesson-sa-2', 'hanzi_to_english', 'Type the English meaning', '{"hanzi":"吗","pinyin":"ma","acceptedAnswers":["question particle","question particle"],"emoji":"❓"}'::jsonb, '吗 = question particle', 14),
  ('lesson-sa-2-ex-15', 'lesson-sa-2', 'reverse_pinyin', 'Which hanzi matches this pinyin?', '{"pinyin":"hǎo","options":["我","你","不","好"],"correctAnswer":"好"}'::jsonb, 'hǎo → 好', 15),
  ('lesson-sa-2-ex-16', 'lesson-sa-2', 'reverse_pinyin', 'Which hanzi matches this pinyin?', '{"pinyin":"nǐ","options":["吗","我","你","好"],"correctAnswer":"你"}'::jsonb, 'nǐ → 你', 16),
  ('lesson-sa-2-ex-17', 'lesson-sa-2', 'match_pairs', 'Match each hanzi to its meaning', '{"pairs":[{"id":"v-bu","left":"不","right":"not"},{"id":"v-hao","left":"好","right":"good"},{"id":"v-ni","left":"你","right":"you"},{"id":"v-ma","left":"吗","right":"question particle"}]}'::jsonb, null, 17),
  ('lesson-sa-3-ex-0', 'lesson-sa-3', 'listening', 'Listen and select the meaning', '{"hanzi":"叫","options":["to be called","question particle","to be","you"],"correctAnswer":"to be called","pinyin":"jiào","emoji":"📛"}'::jsonb, 'You heard: 叫 (jiào)', 0),
  ('lesson-sa-3-ex-1', 'lesson-sa-3', 'listening', 'Listen and select the meaning', '{"hanzi":"我","options":["to be","I / me","to be called","question particle"],"correctAnswer":"I / me","pinyin":"wǒ","emoji":"🙋"}'::jsonb, 'You heard: 我 (wǒ)', 1),
  ('lesson-sa-3-ex-2', 'lesson-sa-3', 'listening', 'Listen and select the meaning', '{"hanzi":"你","options":["to be called","I / me","you","question particle"],"correctAnswer":"you","pinyin":"nǐ","emoji":"👆"}'::jsonb, 'You heard: 你 (nǐ)', 2),
  ('lesson-sa-3-ex-3', 'lesson-sa-3', 'listening', 'Listen and select the meaning', '{"hanzi":"是","options":["to be called","you","I / me","to be"],"correctAnswer":"to be","pinyin":"shì","emoji":"✅"}'::jsonb, 'You heard: 是 (shì)', 3),
  ('lesson-sa-3-ex-4', 'lesson-sa-3', 'pinyin_recognition', 'Select the correct pinyin', '{"hanzi":"吗","options":["jiào","ma","nǐ","shì"],"correctAnswer":"ma","emoji":"❓"}'::jsonb, '吗 is pronounced ma.', 4),
  ('lesson-sa-3-ex-5', 'lesson-sa-3', 'pinyin_recognition', 'Select the correct pinyin', '{"hanzi":"叫","options":["jiào","shì","ma","nǐ"],"correctAnswer":"jiào","emoji":"📛"}'::jsonb, '叫 is pronounced jiào.', 5),
  ('lesson-sa-3-ex-6', 'lesson-sa-3', 'pinyin_recognition', 'Select the correct pinyin', '{"hanzi":"我","options":["jiào","wǒ","shì","ma"],"correctAnswer":"wǒ","emoji":"🙋"}'::jsonb, '我 is pronounced wǒ.', 6),
  ('lesson-sa-3-ex-7', 'lesson-sa-3', 'pinyin_recognition', 'Select the correct pinyin', '{"hanzi":"你","options":["nǐ","ma","jiào","wǒ"],"correctAnswer":"nǐ","emoji":"👆"}'::jsonb, '你 is pronounced nǐ.', 7),
  ('lesson-sa-3-ex-8', 'lesson-sa-3', 'multiple_choice', 'Select the correct translation', '{"question":"What does \"是\" mean?","options":["to be","question particle","I / me","you"],"correctAnswer":"to be","displayHanzi":"是","pinyin":"shì","emoji":"✅"}'::jsonb, '是 (shì) means "to be".', 8),
  ('lesson-sa-3-ex-9', 'lesson-sa-3', 'multiple_choice', 'Select the correct translation', '{"question":"What does \"吗\" mean?","options":["question particle","I / me","to be called","to be"],"correctAnswer":"question particle","displayHanzi":"吗","pinyin":"ma","emoji":"❓"}'::jsonb, '吗 (ma) means "question particle".', 9),
  ('lesson-sa-3-ex-10', 'lesson-sa-3', 'multiple_choice', 'Select the correct translation', '{"question":"What does \"叫\" mean?","options":["I / me","to be called","to be","question particle"],"correctAnswer":"to be called","displayHanzi":"叫","pinyin":"jiào","emoji":"📛"}'::jsonb, '叫 (jiào) means "to be called".', 10),
  ('lesson-sa-3-ex-11', 'lesson-sa-3', 'multiple_choice', 'Select the correct translation', '{"question":"What does \"我\" mean?","options":["to be called","you","I / me","question particle"],"correctAnswer":"I / me","displayHanzi":"我","pinyin":"wǒ","emoji":"🙋"}'::jsonb, '我 (wǒ) means "I / me".', 11),
  ('lesson-sa-3-ex-12', 'lesson-sa-3', 'multiple_choice', 'Select the correct translation', '{"question":"What does \"你\" mean?","options":["to be called","to be","I / me","you"],"correctAnswer":"you","displayHanzi":"你","pinyin":"nǐ","emoji":"👆"}'::jsonb, '你 (nǐ) means "you".', 12),
  ('lesson-sa-3-ex-13', 'lesson-sa-3', 'hanzi_to_english', 'Type the English meaning', '{"hanzi":"是","pinyin":"shì","acceptedAnswers":["to be","to be"],"emoji":"✅"}'::jsonb, '是 = to be', 13),
  ('lesson-sa-3-ex-14', 'lesson-sa-3', 'hanzi_to_english', 'Type the English meaning', '{"hanzi":"吗","pinyin":"ma","acceptedAnswers":["question particle","question particle"],"emoji":"❓"}'::jsonb, '吗 = question particle', 14),
  ('lesson-sa-3-ex-15', 'lesson-sa-3', 'reverse_pinyin', 'Which hanzi matches this pinyin?', '{"pinyin":"jiào","options":["是","叫","我","吗"],"correctAnswer":"叫"}'::jsonb, 'jiào → 叫', 15),
  ('lesson-sa-3-ex-16', 'lesson-sa-3', 'reverse_pinyin', 'Which hanzi matches this pinyin?', '{"pinyin":"wǒ","options":["叫","吗","我","你"],"correctAnswer":"我"}'::jsonb, 'wǒ → 我', 16),
  ('lesson-sa-3-ex-17', 'lesson-sa-3', 'match_pairs', 'Match each hanzi to its meaning', '{"pairs":[{"id":"v-jiao","left":"叫","right":"to be called"},{"id":"v-ni","left":"你","right":"you"},{"id":"v-wo","left":"我","right":"I"},{"id":"v-ma","left":"吗","right":"question particle"}]}'::jsonb, null, 17),
  ('lesson-sa-4-ex-0', 'lesson-sa-4', 'listening', 'Listen and select the meaning', '{"hanzi":"我","options":["person","China","I / me","country"],"correctAnswer":"I / me","pinyin":"wǒ","emoji":"🙋"}'::jsonb, 'You heard: 我 (wǒ)', 0),
  ('lesson-sa-4-ex-1', 'lesson-sa-4', 'listening', 'Listen and select the meaning', '{"hanzi":"国","options":["I / me","country","person","United States"],"correctAnswer":"country","pinyin":"guó","emoji":"🌍"}'::jsonb, 'You heard: 国 (guó)', 1),
  ('lesson-sa-4-ex-2', 'lesson-sa-4', 'listening', 'Listen and select the meaning', '{"hanzi":"中国","options":["I / me","United States","country","China"],"correctAnswer":"China","imageUrl":"/vocab/china.svg","pinyin":"Zhōngguó","emoji":"🇨🇳"}'::jsonb, 'You heard: 中国 (Zhōngguó)', 2),
  ('lesson-sa-4-ex-3', 'lesson-sa-4', 'listening', 'Listen and select the meaning', '{"hanzi":"美国","options":["United States","country","I / me","person"],"correctAnswer":"United States","pinyin":"Měiguó","emoji":"🇺🇸"}'::jsonb, 'You heard: 美国 (Měiguó)', 3),
  ('lesson-sa-4-ex-4', 'lesson-sa-4', 'pinyin_recognition', 'Select the correct pinyin', '{"hanzi":"人","options":["wǒ","guó","Zhōngguó","rén"],"correctAnswer":"rén","emoji":"🧑"}'::jsonb, '人 is pronounced rén.', 4),
  ('lesson-sa-4-ex-5', 'lesson-sa-4', 'pinyin_recognition', 'Select the correct pinyin', '{"hanzi":"我","options":["wǒ","Zhōngguó","rén","guó"],"correctAnswer":"wǒ","emoji":"🙋"}'::jsonb, '我 is pronounced wǒ.', 5),
  ('lesson-sa-4-ex-6', 'lesson-sa-4', 'pinyin_recognition', 'Select the correct pinyin', '{"hanzi":"国","options":["wǒ","rén","guó","Měiguó"],"correctAnswer":"guó","emoji":"🌍"}'::jsonb, '国 is pronounced guó.', 6),
  ('lesson-sa-4-ex-7', 'lesson-sa-4', 'pinyin_recognition', 'Select the correct pinyin', '{"hanzi":"中国","options":["Měiguó","guó","wǒ","Zhōngguó"],"correctAnswer":"Zhōngguó","imageUrl":"/vocab/china.svg","emoji":"🇨🇳"}'::jsonb, '中国 is pronounced Zhōngguó.', 7),
  ('lesson-sa-4-ex-8', 'lesson-sa-4', 'multiple_choice', 'Select the correct translation', '{"question":"What does \"美国\" mean?","options":["country","China","I / me","United States"],"correctAnswer":"United States","displayHanzi":"美国","pinyin":"Měiguó","emoji":"🇺🇸"}'::jsonb, '美国 (Měiguó) means "United States".', 8),
  ('lesson-sa-4-ex-9', 'lesson-sa-4', 'multiple_choice', 'Select the correct translation', '{"question":"What does \"人\" mean?","options":["United States","country","person","China"],"correctAnswer":"person","displayHanzi":"人","pinyin":"rén","emoji":"🧑"}'::jsonb, '人 (rén) means "person".', 9),
  ('lesson-sa-4-ex-10', 'lesson-sa-4', 'multiple_choice', 'Select the correct translation', '{"question":"What does \"我\" mean?","options":["United States","country","China","I / me"],"correctAnswer":"I / me","displayHanzi":"我","pinyin":"wǒ","emoji":"🙋"}'::jsonb, '我 (wǒ) means "I / me".', 10),
  ('lesson-sa-4-ex-11', 'lesson-sa-4', 'multiple_choice', 'Select the correct translation', '{"question":"What does \"国\" mean?","options":["country","I / me","person","China"],"correctAnswer":"country","displayHanzi":"国","pinyin":"guó","emoji":"🌍"}'::jsonb, '国 (guó) means "country".', 11),
  ('lesson-sa-4-ex-12', 'lesson-sa-4', 'multiple_choice', 'Select the correct translation', '{"question":"What does \"中国\" mean?","options":["China","country","person","United States"],"correctAnswer":"China","displayHanzi":"中国","imageUrl":"/vocab/china.svg","pinyin":"Zhōngguó","emoji":"🇨🇳"}'::jsonb, '中国 (Zhōngguó) means "China".', 12),
  ('lesson-sa-4-ex-13', 'lesson-sa-4', 'hanzi_to_english', 'Type the English meaning', '{"hanzi":"美国","pinyin":"Měiguó","acceptedAnswers":["United States","United States"],"emoji":"🇺🇸"}'::jsonb, '美国 = United States', 13),
  ('lesson-sa-4-ex-14', 'lesson-sa-4', 'hanzi_to_english', 'Type the English meaning', '{"hanzi":"人","pinyin":"rén","acceptedAnswers":["person","person"],"emoji":"🧑"}'::jsonb, '人 = person', 14),
  ('lesson-sa-4-ex-15', 'lesson-sa-4', 'reverse_pinyin', 'Which hanzi matches this pinyin?', '{"pinyin":"wǒ","options":["国","美国","中国","我"],"correctAnswer":"我"}'::jsonb, 'wǒ → 我', 15),
  ('lesson-sa-4-ex-16', 'lesson-sa-4', 'reverse_pinyin', 'Which hanzi matches this pinyin?', '{"pinyin":"guó","options":["国","人","中国","我"],"correctAnswer":"国"}'::jsonb, 'guó → 国', 16),
  ('lesson-sa-4-ex-17', 'lesson-sa-4', 'match_pairs', 'Match each hanzi to its meaning', '{"pairs":[{"id":"v-zhongguo","left":"中国","right":"China","imageUrl":"/vocab/china.svg"},{"id":"v-ren","left":"人","right":"person"},{"id":"v-guo","left":"国","right":"country"},{"id":"v-wo","left":"我","right":"I"}]}'::jsonb, null, 17),
  ('lesson-sa-5-ex-0', 'lesson-sa-5', 'listening', 'Listen and select the meaning', '{"hanzi":"你","options":["you","student","question particle","teacher"],"correctAnswer":"you","pinyin":"nǐ","emoji":"👆"}'::jsonb, 'You heard: 你 (nǐ)', 0),
  ('lesson-sa-5-ex-1', 'lesson-sa-5', 'listening', 'Listen and select the meaning', '{"hanzi":"是","options":["teacher","to be","you","question particle"],"correctAnswer":"to be","pinyin":"shì","emoji":"✅"}'::jsonb, 'You heard: 是 (shì)', 1),
  ('lesson-sa-5-ex-2', 'lesson-sa-5', 'listening', 'Listen and select the meaning', '{"hanzi":"学生","options":["you","question particle","student","to be"],"correctAnswer":"student","pinyin":"xuéshēng","emoji":"🎓"}'::jsonb, 'You heard: 学生 (xuéshēng)', 2),
  ('lesson-sa-5-ex-3', 'lesson-sa-5', 'listening', 'Listen and select the meaning', '{"hanzi":"老师","options":["student","teacher","you","question particle"],"correctAnswer":"teacher","pinyin":"lǎoshī","emoji":"👩‍🏫"}'::jsonb, 'You heard: 老师 (lǎoshī)', 3),
  ('lesson-sa-5-ex-4', 'lesson-sa-5', 'pinyin_recognition', 'Select the correct pinyin', '{"hanzi":"吗","options":["nǐ","xuéshēng","shì","ma"],"correctAnswer":"ma","emoji":"❓"}'::jsonb, '吗 is pronounced ma.', 4),
  ('lesson-sa-5-ex-5', 'lesson-sa-5', 'pinyin_recognition', 'Select the correct pinyin', '{"hanzi":"你","options":["ma","xuéshēng","nǐ","lǎoshī"],"correctAnswer":"nǐ","emoji":"👆"}'::jsonb, '你 is pronounced nǐ.', 5),
  ('lesson-sa-5-ex-6', 'lesson-sa-5', 'pinyin_recognition', 'Select the correct pinyin', '{"hanzi":"是","options":["nǐ","shì","lǎoshī","ma"],"correctAnswer":"shì","emoji":"✅"}'::jsonb, '是 is pronounced shì.', 6),
  ('lesson-sa-5-ex-7', 'lesson-sa-5', 'pinyin_recognition', 'Select the correct pinyin', '{"hanzi":"学生","options":["xuéshēng","ma","shì","nǐ"],"correctAnswer":"xuéshēng","emoji":"🎓"}'::jsonb, '学生 is pronounced xuéshēng.', 7),
  ('lesson-sa-5-ex-8', 'lesson-sa-5', 'multiple_choice', 'Select the correct translation', '{"question":"What does \"老师\" mean?","options":["question particle","to be","teacher","you"],"correctAnswer":"teacher","displayHanzi":"老师","pinyin":"lǎoshī","emoji":"👩‍🏫"}'::jsonb, '老师 (lǎoshī) means "teacher".', 8),
  ('lesson-sa-5-ex-9', 'lesson-sa-5', 'multiple_choice', 'Select the correct translation', '{"question":"What does \"吗\" mean?","options":["question particle","teacher","to be","student"],"correctAnswer":"question particle","displayHanzi":"吗","pinyin":"ma","emoji":"❓"}'::jsonb, '吗 (ma) means "question particle".', 9),
  ('lesson-sa-5-ex-10', 'lesson-sa-5', 'multiple_choice', 'Select the correct translation', '{"question":"What does \"你\" mean?","options":["question particle","you","to be","teacher"],"correctAnswer":"you","displayHanzi":"你","pinyin":"nǐ","emoji":"👆"}'::jsonb, '你 (nǐ) means "you".', 10),
  ('lesson-sa-5-ex-11', 'lesson-sa-5', 'multiple_choice', 'Select the correct translation', '{"question":"What does \"是\" mean?","options":["you","student","to be","question particle"],"correctAnswer":"to be","displayHanzi":"是","pinyin":"shì","emoji":"✅"}'::jsonb, '是 (shì) means "to be".', 11),
  ('lesson-sa-5-ex-12', 'lesson-sa-5', 'multiple_choice', 'Select the correct translation', '{"question":"What does \"学生\" mean?","options":["you","to be","teacher","student"],"correctAnswer":"student","displayHanzi":"学生","pinyin":"xuéshēng","emoji":"🎓"}'::jsonb, '学生 (xuéshēng) means "student".', 12),
  ('lesson-sa-5-ex-13', 'lesson-sa-5', 'hanzi_to_english', 'Type the English meaning', '{"hanzi":"老师","pinyin":"lǎoshī","acceptedAnswers":["teacher","teacher"],"emoji":"👩‍🏫"}'::jsonb, '老师 = teacher', 13),
  ('lesson-sa-5-ex-14', 'lesson-sa-5', 'hanzi_to_english', 'Type the English meaning', '{"hanzi":"吗","pinyin":"ma","acceptedAnswers":["question particle","question particle"],"emoji":"❓"}'::jsonb, '吗 = question particle', 14),
  ('lesson-sa-5-ex-15', 'lesson-sa-5', 'reverse_pinyin', 'Which hanzi matches this pinyin?', '{"pinyin":"nǐ","options":["老师","是","你","吗"],"correctAnswer":"你"}'::jsonb, 'nǐ → 你', 15),
  ('lesson-sa-5-ex-16', 'lesson-sa-5', 'reverse_pinyin', 'Which hanzi matches this pinyin?', '{"pinyin":"shì","options":["你","吗","是","学生"],"correctAnswer":"是"}'::jsonb, 'shì → 是', 16),
  ('lesson-sa-5-ex-17', 'lesson-sa-5', 'match_pairs', 'Match each hanzi to its meaning', '{"pairs":[{"id":"v-xuesheng","left":"学生","right":"student"},{"id":"v-laoshi","left":"老师","right":"teacher"},{"id":"v-ni","left":"你","right":"you"},{"id":"v-shi","left":"是","right":"to be"}]}'::jsonb, null, 17),
  ('lesson-sa-6-ex-0', 'lesson-sa-6', 'listening', 'Listen and select the meaning', '{"hanzi":"我","options":["I / me","to be","to be called","good"],"correctAnswer":"I / me","pinyin":"wǒ","emoji":"🙋"}'::jsonb, 'You heard: 我 (wǒ)', 0),
  ('lesson-sa-6-ex-1', 'lesson-sa-6', 'listening', 'Listen and select the meaning', '{"hanzi":"你","options":["to be","you","I / me","to be called"],"correctAnswer":"you","pinyin":"nǐ","emoji":"👆"}'::jsonb, 'You heard: 你 (nǐ)', 1),
  ('lesson-sa-6-ex-2', 'lesson-sa-6', 'listening', 'Listen and select the meaning', '{"hanzi":"好","options":["to be called","you","good","I / me"],"correctAnswer":"good","pinyin":"hǎo","emoji":"👍"}'::jsonb, 'You heard: 好 (hǎo)', 2),
  ('lesson-sa-6-ex-3', 'lesson-sa-6', 'listening', 'Listen and select the meaning', '{"hanzi":"是","options":["to be","good","to be called","you"],"correctAnswer":"to be","pinyin":"shì","emoji":"✅"}'::jsonb, 'You heard: 是 (shì)', 3),
  ('lesson-sa-6-ex-4', 'lesson-sa-6', 'pinyin_recognition', 'Select the correct pinyin', '{"hanzi":"叫","options":["hǎo","nǐ","wǒ","jiào"],"correctAnswer":"jiào","emoji":"📛"}'::jsonb, '叫 is pronounced jiào.', 4),
  ('lesson-sa-6-ex-5', 'lesson-sa-6', 'pinyin_recognition', 'Select the correct pinyin', '{"hanzi":"我","options":["jiào","shì","wǒ","hǎo"],"correctAnswer":"wǒ","emoji":"🙋"}'::jsonb, '我 is pronounced wǒ.', 5),
  ('lesson-sa-6-ex-6', 'lesson-sa-6', 'pinyin_recognition', 'Select the correct pinyin', '{"hanzi":"你","options":["wǒ","nǐ","shì","jiào"],"correctAnswer":"nǐ","emoji":"👆"}'::jsonb, '你 is pronounced nǐ.', 6),
  ('lesson-sa-6-ex-7', 'lesson-sa-6', 'pinyin_recognition', 'Select the correct pinyin', '{"hanzi":"好","options":["hǎo","jiào","nǐ","wǒ"],"correctAnswer":"hǎo","emoji":"👍"}'::jsonb, '好 is pronounced hǎo.', 7),
  ('lesson-sa-6-ex-8', 'lesson-sa-6', 'multiple_choice', 'Select the correct translation', '{"question":"What does \"是\" mean?","options":["good","to be","I / me","to be called"],"correctAnswer":"to be","displayHanzi":"是","pinyin":"shì","emoji":"✅"}'::jsonb, '是 (shì) means "to be".', 8),
  ('lesson-sa-6-ex-9', 'lesson-sa-6', 'multiple_choice', 'Select the correct translation', '{"question":"What does \"叫\" mean?","options":["to be called","to be","good","you"],"correctAnswer":"to be called","displayHanzi":"叫","pinyin":"jiào","emoji":"📛"}'::jsonb, '叫 (jiào) means "to be called".', 9),
  ('lesson-sa-6-ex-10', 'lesson-sa-6', 'multiple_choice', 'Select the correct translation', '{"question":"What does \"我\" mean?","options":["you","to be","I / me","to be called"],"correctAnswer":"I / me","displayHanzi":"我","pinyin":"wǒ","emoji":"🙋"}'::jsonb, '我 (wǒ) means "I / me".', 10),
  ('lesson-sa-6-ex-11', 'lesson-sa-6', 'multiple_choice', 'Select the correct translation', '{"question":"What does \"你\" mean?","options":["I / me","good","you","to be called"],"correctAnswer":"you","displayHanzi":"你","pinyin":"nǐ","emoji":"👆"}'::jsonb, '你 (nǐ) means "you".', 11),
  ('lesson-sa-6-ex-12', 'lesson-sa-6', 'multiple_choice', 'Select the correct translation', '{"question":"What does \"好\" mean?","options":["you","I / me","to be","good"],"correctAnswer":"good","displayHanzi":"好","pinyin":"hǎo","emoji":"👍"}'::jsonb, '好 (hǎo) means "good".', 12),
  ('lesson-sa-6-ex-13', 'lesson-sa-6', 'hanzi_to_english', 'Type the English meaning', '{"hanzi":"是","pinyin":"shì","acceptedAnswers":["to be","to be"],"emoji":"✅"}'::jsonb, '是 = to be', 13),
  ('lesson-sa-6-ex-14', 'lesson-sa-6', 'hanzi_to_english', 'Type the English meaning', '{"hanzi":"叫","pinyin":"jiào","acceptedAnswers":["to be called","to be called"],"emoji":"📛"}'::jsonb, '叫 = to be called', 14),
  ('lesson-sa-6-ex-15', 'lesson-sa-6', 'reverse_pinyin', 'Which hanzi matches this pinyin?', '{"pinyin":"wǒ","options":["你","叫","我","是"],"correctAnswer":"我"}'::jsonb, 'wǒ → 我', 15),
  ('lesson-sa-6-ex-16', 'lesson-sa-6', 'reverse_pinyin', 'Which hanzi matches this pinyin?', '{"pinyin":"nǐ","options":["你","叫","我","好"],"correctAnswer":"你"}'::jsonb, 'nǐ → 你', 16),
  ('lesson-sa-6-ex-17', 'lesson-sa-6', 'match_pairs', 'Match each hanzi to its meaning', '{"pairs":[{"id":"v-ni","left":"你","right":"you"},{"id":"v-shi","left":"是","right":"to be"},{"id":"v-jiao","left":"叫","right":"to be called"},{"id":"v-hao","left":"好","right":"good"}]}'::jsonb, null, 17),
  ('lesson-sb-1-ex-0', 'lesson-sb-1', 'listening', 'Listen and select the meaning', '{"hanzi":"一","options":["one","five","four","three"],"correctAnswer":"one","pinyin":"yī","emoji":"1️⃣"}'::jsonb, 'You heard: 一 (yī)', 0),
  ('lesson-sb-1-ex-1', 'lesson-sb-1', 'listening', 'Listen and select the meaning', '{"hanzi":"二","options":["one","three","four","two"],"correctAnswer":"two","pinyin":"èr","emoji":"2️⃣"}'::jsonb, 'You heard: 二 (èr)', 1),
  ('lesson-sb-1-ex-2', 'lesson-sb-1', 'listening', 'Listen and select the meaning', '{"hanzi":"三","options":["five","two","three","four"],"correctAnswer":"three","pinyin":"sān","emoji":"3️⃣"}'::jsonb, 'You heard: 三 (sān)', 2),
  ('lesson-sb-1-ex-3', 'lesson-sb-1', 'listening', 'Listen and select the meaning', '{"hanzi":"四","options":["four","five","two","one"],"correctAnswer":"four","pinyin":"sì","emoji":"4️⃣"}'::jsonb, 'You heard: 四 (sì)', 3),
  ('lesson-sb-1-ex-4', 'lesson-sb-1', 'pinyin_recognition', 'Select the correct pinyin', '{"hanzi":"五","options":["wǔ","sì","èr","yī"],"correctAnswer":"wǔ","emoji":"5️⃣"}'::jsonb, '五 is pronounced wǔ.', 4),
  ('lesson-sb-1-ex-5', 'lesson-sb-1', 'pinyin_recognition', 'Select the correct pinyin', '{"hanzi":"一","options":["sì","wǔ","yī","sān"],"correctAnswer":"yī","emoji":"1️⃣"}'::jsonb, '一 is pronounced yī.', 5),
  ('lesson-sb-1-ex-6', 'lesson-sb-1', 'pinyin_recognition', 'Select the correct pinyin', '{"hanzi":"二","options":["yī","sì","sān","èr"],"correctAnswer":"èr","emoji":"2️⃣"}'::jsonb, '二 is pronounced èr.', 6),
  ('lesson-sb-1-ex-7', 'lesson-sb-1', 'pinyin_recognition', 'Select the correct pinyin', '{"hanzi":"三","options":["sān","wǔ","sì","èr"],"correctAnswer":"sān","emoji":"3️⃣"}'::jsonb, '三 is pronounced sān.', 7),
  ('lesson-sb-1-ex-8', 'lesson-sb-1', 'multiple_choice', 'Select the correct translation', '{"question":"What does \"四\" mean?","options":["three","two","one","four"],"correctAnswer":"four","displayHanzi":"四","pinyin":"sì","emoji":"4️⃣"}'::jsonb, '四 (sì) means "four".', 8),
  ('lesson-sb-1-ex-9', 'lesson-sb-1', 'multiple_choice', 'Select the correct translation', '{"question":"What does \"五\" mean?","options":["three","one","two","five"],"correctAnswer":"five","displayHanzi":"五","pinyin":"wǔ","emoji":"5️⃣"}'::jsonb, '五 (wǔ) means "five".', 9),
  ('lesson-sb-1-ex-10', 'lesson-sb-1', 'multiple_choice', 'Select the correct translation', '{"question":"What does \"一\" mean?","options":["two","one","four","five"],"correctAnswer":"one","displayHanzi":"一","pinyin":"yī","emoji":"1️⃣"}'::jsonb, '一 (yī) means "one".', 10),
  ('lesson-sb-1-ex-11', 'lesson-sb-1', 'multiple_choice', 'Select the correct translation', '{"question":"What does \"二\" mean?","options":["two","four","five","three"],"correctAnswer":"two","displayHanzi":"二","pinyin":"èr","emoji":"2️⃣"}'::jsonb, '二 (èr) means "two".', 11),
  ('lesson-sb-1-ex-12', 'lesson-sb-1', 'multiple_choice', 'Select the correct translation', '{"question":"What does \"三\" mean?","options":["one","three","five","four"],"correctAnswer":"three","displayHanzi":"三","pinyin":"sān","emoji":"3️⃣"}'::jsonb, '三 (sān) means "three".', 12),
  ('lesson-sb-1-ex-13', 'lesson-sb-1', 'hanzi_to_english', 'Type the English meaning', '{"hanzi":"四","pinyin":"sì","acceptedAnswers":["four","four"],"emoji":"4️⃣"}'::jsonb, '四 = four', 13),
  ('lesson-sb-1-ex-14', 'lesson-sb-1', 'hanzi_to_english', 'Type the English meaning', '{"hanzi":"五","pinyin":"wǔ","acceptedAnswers":["five","five"],"emoji":"5️⃣"}'::jsonb, '五 = five', 14),
  ('lesson-sb-1-ex-15', 'lesson-sb-1', 'reverse_pinyin', 'Which hanzi matches this pinyin?', '{"pinyin":"yī","options":["四","一","二","五"],"correctAnswer":"一"}'::jsonb, 'yī → 一', 15),
  ('lesson-sb-1-ex-16', 'lesson-sb-1', 'reverse_pinyin', 'Which hanzi matches this pinyin?', '{"pinyin":"èr","options":["二","三","五","四"],"correctAnswer":"二"}'::jsonb, 'èr → 二', 16),
  ('lesson-sb-1-ex-17', 'lesson-sb-1', 'match_pairs', 'Match each hanzi to its meaning', '{"pairs":[{"id":"v-si","left":"四","right":"four"},{"id":"v-yi","left":"一","right":"one"},{"id":"v-er","left":"二","right":"two"},{"id":"v-san","left":"三","right":"three"}]}'::jsonb, null, 17),
  ('lesson-sb-2-ex-0', 'lesson-sb-2', 'listening', 'Listen and select the meaning', '{"hanzi":"六","options":["seven","eight","nine","six"],"correctAnswer":"six","pinyin":"liù","emoji":"6️⃣"}'::jsonb, 'You heard: 六 (liù)', 0),
  ('lesson-sb-2-ex-1', 'lesson-sb-2', 'listening', 'Listen and select the meaning', '{"hanzi":"七","options":["six","nine","seven","ten"],"correctAnswer":"seven","pinyin":"qī","emoji":"7️⃣"}'::jsonb, 'You heard: 七 (qī)', 1),
  ('lesson-sb-2-ex-2', 'lesson-sb-2', 'listening', 'Listen and select the meaning', '{"hanzi":"八","options":["eight","ten","seven","six"],"correctAnswer":"eight","pinyin":"bā","emoji":"8️⃣"}'::jsonb, 'You heard: 八 (bā)', 2),
  ('lesson-sb-2-ex-3', 'lesson-sb-2', 'listening', 'Listen and select the meaning', '{"hanzi":"九","options":["ten","nine","six","eight"],"correctAnswer":"nine","pinyin":"jiǔ","emoji":"9️⃣"}'::jsonb, 'You heard: 九 (jiǔ)', 3),
  ('lesson-sb-2-ex-4', 'lesson-sb-2', 'pinyin_recognition', 'Select the correct pinyin', '{"hanzi":"十","options":["shí","liù","jiǔ","qī"],"correctAnswer":"shí","emoji":"🔟"}'::jsonb, '十 is pronounced shí.', 4),
  ('lesson-sb-2-ex-5', 'lesson-sb-2', 'pinyin_recognition', 'Select the correct pinyin', '{"hanzi":"六","options":["bā","jiǔ","qī","liù"],"correctAnswer":"liù","emoji":"6️⃣"}'::jsonb, '六 is pronounced liù.', 5),
  ('lesson-sb-2-ex-6', 'lesson-sb-2', 'pinyin_recognition', 'Select the correct pinyin', '{"hanzi":"七","options":["shí","qī","liù","jiǔ"],"correctAnswer":"qī","emoji":"7️⃣"}'::jsonb, '七 is pronounced qī.', 6),
  ('lesson-sb-2-ex-7', 'lesson-sb-2', 'pinyin_recognition', 'Select the correct pinyin', '{"hanzi":"八","options":["bā","qī","shí","liù"],"correctAnswer":"bā","emoji":"8️⃣"}'::jsonb, '八 is pronounced bā.', 7),
  ('lesson-sb-2-ex-8', 'lesson-sb-2', 'multiple_choice', 'Select the correct translation', '{"question":"What does \"九\" mean?","options":["six","ten","nine","seven"],"correctAnswer":"nine","displayHanzi":"九","pinyin":"jiǔ","emoji":"9️⃣"}'::jsonb, '九 (jiǔ) means "nine".', 8),
  ('lesson-sb-2-ex-9', 'lesson-sb-2', 'multiple_choice', 'Select the correct translation', '{"question":"What does \"十\" mean?","options":["six","seven","eight","ten"],"correctAnswer":"ten","displayHanzi":"十","pinyin":"shí","emoji":"🔟"}'::jsonb, '十 (shí) means "ten".', 9),
  ('lesson-sb-2-ex-10', 'lesson-sb-2', 'multiple_choice', 'Select the correct translation', '{"question":"What does \"六\" mean?","options":["six","nine","ten","eight"],"correctAnswer":"six","displayHanzi":"六","pinyin":"liù","emoji":"6️⃣"}'::jsonb, '六 (liù) means "six".', 10),
  ('lesson-sb-2-ex-11', 'lesson-sb-2', 'multiple_choice', 'Select the correct translation', '{"question":"What does \"七\" mean?","options":["seven","eight","six","ten"],"correctAnswer":"seven","displayHanzi":"七","pinyin":"qī","emoji":"7️⃣"}'::jsonb, '七 (qī) means "seven".', 11),
  ('lesson-sb-2-ex-12', 'lesson-sb-2', 'multiple_choice', 'Select the correct translation', '{"question":"What does \"八\" mean?","options":["nine","six","seven","eight"],"correctAnswer":"eight","displayHanzi":"八","pinyin":"bā","emoji":"8️⃣"}'::jsonb, '八 (bā) means "eight".', 12),
  ('lesson-sb-2-ex-13', 'lesson-sb-2', 'hanzi_to_english', 'Type the English meaning', '{"hanzi":"九","pinyin":"jiǔ","acceptedAnswers":["nine","nine"],"emoji":"9️⃣"}'::jsonb, '九 = nine', 13),
  ('lesson-sb-2-ex-14', 'lesson-sb-2', 'hanzi_to_english', 'Type the English meaning', '{"hanzi":"十","pinyin":"shí","acceptedAnswers":["ten","ten"],"emoji":"🔟"}'::jsonb, '十 = ten', 14),
  ('lesson-sb-2-ex-15', 'lesson-sb-2', 'reverse_pinyin', 'Which hanzi matches this pinyin?', '{"pinyin":"liù","options":["六","十","八","九"],"correctAnswer":"六"}'::jsonb, 'liù → 六', 15),
  ('lesson-sb-2-ex-16', 'lesson-sb-2', 'reverse_pinyin', 'Which hanzi matches this pinyin?', '{"pinyin":"qī","options":["七","六","十","八"],"correctAnswer":"七"}'::jsonb, 'qī → 七', 16),
  ('lesson-sb-2-ex-17', 'lesson-sb-2', 'match_pairs', 'Match each hanzi to its meaning', '{"pairs":[{"id":"v-shi-num","left":"十","right":"ten"},{"id":"v-ba","left":"八","right":"eight"},{"id":"v-qi","left":"七","right":"seven"},{"id":"v-jiu","left":"九","right":"nine"}]}'::jsonb, null, 17),
  ('lesson-sb-3-ex-0', 'lesson-sb-3', 'listening', 'Listen and select the meaning', '{"hanzi":"你","options":["how much / how many","year","one","you"],"correctAnswer":"you","pinyin":"nǐ","emoji":"👆"}'::jsonb, 'You heard: 你 (nǐ)', 0),
  ('lesson-sb-3-ex-1', 'lesson-sb-3', 'listening', 'Listen and select the meaning', '{"hanzi":"多少","options":["one","how much / how many","you","question particle"],"correctAnswer":"how much / how many","pinyin":"duōshao","emoji":"💲"}'::jsonb, 'You heard: 多少 (duōshao)', 1),
  ('lesson-sb-3-ex-2', 'lesson-sb-3', 'listening', 'Listen and select the meaning', '{"hanzi":"年","options":["year","you","how much / how many","question particle"],"correctAnswer":"year","pinyin":"nián","emoji":"📅"}'::jsonb, 'You heard: 年 (nián)', 2),
  ('lesson-sb-3-ex-3', 'lesson-sb-3', 'listening', 'Listen and select the meaning', '{"hanzi":"一","options":["you","how much / how many","one","question particle"],"correctAnswer":"one","pinyin":"yī","emoji":"1️⃣"}'::jsonb, 'You heard: 一 (yī)', 3),
  ('lesson-sb-3-ex-4', 'lesson-sb-3', 'pinyin_recognition', 'Select the correct pinyin', '{"hanzi":"吗","options":["nǐ","duōshao","ma","yī"],"correctAnswer":"ma","emoji":"❓"}'::jsonb, '吗 is pronounced ma.', 4),
  ('lesson-sb-3-ex-5', 'lesson-sb-3', 'pinyin_recognition', 'Select the correct pinyin', '{"hanzi":"你","options":["duōshao","yī","nián","nǐ"],"correctAnswer":"nǐ","emoji":"👆"}'::jsonb, '你 is pronounced nǐ.', 5),
  ('lesson-sb-3-ex-6', 'lesson-sb-3', 'pinyin_recognition', 'Select the correct pinyin', '{"hanzi":"多少","options":["yī","nǐ","duōshao","ma"],"correctAnswer":"duōshao","emoji":"💲"}'::jsonb, '多少 is pronounced duōshao.', 6),
  ('lesson-sb-3-ex-7', 'lesson-sb-3', 'pinyin_recognition', 'Select the correct pinyin', '{"hanzi":"年","options":["nián","ma","nǐ","duōshao"],"correctAnswer":"nián","emoji":"📅"}'::jsonb, '年 is pronounced nián.', 7),
  ('lesson-sb-3-ex-8', 'lesson-sb-3', 'multiple_choice', 'Select the correct translation', '{"question":"What does \"一\" mean?","options":["you","year","how much / how many","one"],"correctAnswer":"one","displayHanzi":"一","pinyin":"yī","emoji":"1️⃣"}'::jsonb, '一 (yī) means "one".', 8),
  ('lesson-sb-3-ex-9', 'lesson-sb-3', 'multiple_choice', 'Select the correct translation', '{"question":"What does \"吗\" mean?","options":["you","how much / how many","year","question particle"],"correctAnswer":"question particle","displayHanzi":"吗","pinyin":"ma","emoji":"❓"}'::jsonb, '吗 (ma) means "question particle".', 9),
  ('lesson-sb-3-ex-10', 'lesson-sb-3', 'multiple_choice', 'Select the correct translation', '{"question":"What does \"你\" mean?","options":["question particle","year","you","one"],"correctAnswer":"you","displayHanzi":"你","pinyin":"nǐ","emoji":"👆"}'::jsonb, '你 (nǐ) means "you".', 10),
  ('lesson-sb-3-ex-11', 'lesson-sb-3', 'multiple_choice', 'Select the correct translation', '{"question":"What does \"多少\" mean?","options":["how much / how many","question particle","year","you"],"correctAnswer":"how much / how many","displayHanzi":"多少","pinyin":"duōshao","emoji":"💲"}'::jsonb, '多少 (duōshao) means "how much / how many".', 11),
  ('lesson-sb-3-ex-12', 'lesson-sb-3', 'multiple_choice', 'Select the correct translation', '{"question":"What does \"年\" mean?","options":["you","one","how much / how many","year"],"correctAnswer":"year","displayHanzi":"年","pinyin":"nián","emoji":"📅"}'::jsonb, '年 (nián) means "year".', 12),
  ('lesson-sb-3-ex-13', 'lesson-sb-3', 'hanzi_to_english', 'Type the English meaning', '{"hanzi":"一","pinyin":"yī","acceptedAnswers":["one","one"],"emoji":"1️⃣"}'::jsonb, '一 = one', 13),
  ('lesson-sb-3-ex-14', 'lesson-sb-3', 'hanzi_to_english', 'Type the English meaning', '{"hanzi":"吗","pinyin":"ma","acceptedAnswers":["question particle","question particle"],"emoji":"❓"}'::jsonb, '吗 = question particle', 14),
  ('lesson-sb-3-ex-15', 'lesson-sb-3', 'reverse_pinyin', 'Which hanzi matches this pinyin?', '{"pinyin":"nǐ","options":["一","吗","你","年"],"correctAnswer":"你"}'::jsonb, 'nǐ → 你', 15),
  ('lesson-sb-3-ex-16', 'lesson-sb-3', 'reverse_pinyin', 'Which hanzi matches this pinyin?', '{"pinyin":"duōshao","options":["多少","你","年","吗"],"correctAnswer":"多少"}'::jsonb, 'duōshao → 多少', 16),
  ('lesson-sb-3-ex-17', 'lesson-sb-3', 'match_pairs', 'Match each hanzi to its meaning', '{"pairs":[{"id":"v-ma","left":"吗","right":"question particle"},{"id":"v-nian","left":"年","right":"year"},{"id":"v-yi","left":"一","right":"one"},{"id":"v-ni","left":"你","right":"you"}]}'::jsonb, null, 17),
  ('lesson-sb-4-ex-0', 'lesson-sb-4', 'listening', 'Listen and select the meaning', '{"hanzi":"一","options":["student","teacher","two","one"],"correctAnswer":"one","pinyin":"yī","emoji":"1️⃣"}'::jsonb, 'You heard: 一 (yī)', 0),
  ('lesson-sb-4-ex-1', 'lesson-sb-4', 'listening', 'Listen and select the meaning', '{"hanzi":"二","options":["two","one","teacher","person"],"correctAnswer":"two","pinyin":"èr","emoji":"2️⃣"}'::jsonb, 'You heard: 二 (èr)', 1),
  ('lesson-sb-4-ex-2', 'lesson-sb-4', 'listening', 'Listen and select the meaning', '{"hanzi":"老师","options":["one","student","teacher","person"],"correctAnswer":"teacher","pinyin":"lǎoshī","emoji":"👩‍🏫"}'::jsonb, 'You heard: 老师 (lǎoshī)', 2),
  ('lesson-sb-4-ex-3', 'lesson-sb-4', 'listening', 'Listen and select the meaning', '{"hanzi":"学生","options":["student","one","person","two"],"correctAnswer":"student","pinyin":"xuéshēng","emoji":"🎓"}'::jsonb, 'You heard: 学生 (xuéshēng)', 3),
  ('lesson-sb-4-ex-4', 'lesson-sb-4', 'pinyin_recognition', 'Select the correct pinyin', '{"hanzi":"人","options":["yī","èr","rén","xuéshēng"],"correctAnswer":"rén","emoji":"🧑"}'::jsonb, '人 is pronounced rén.', 4),
  ('lesson-sb-4-ex-5', 'lesson-sb-4', 'pinyin_recognition', 'Select the correct pinyin', '{"hanzi":"一","options":["lǎoshī","èr","xuéshēng","yī"],"correctAnswer":"yī","emoji":"1️⃣"}'::jsonb, '一 is pronounced yī.', 5),
  ('lesson-sb-4-ex-6', 'lesson-sb-4', 'pinyin_recognition', 'Select the correct pinyin', '{"hanzi":"二","options":["èr","lǎoshī","yī","rén"],"correctAnswer":"èr","emoji":"2️⃣"}'::jsonb, '二 is pronounced èr.', 6),
  ('lesson-sb-4-ex-7', 'lesson-sb-4', 'pinyin_recognition', 'Select the correct pinyin', '{"hanzi":"老师","options":["rén","lǎoshī","yī","xuéshēng"],"correctAnswer":"lǎoshī","emoji":"👩‍🏫"}'::jsonb, '老师 is pronounced lǎoshī.', 7),
  ('lesson-sb-4-ex-8', 'lesson-sb-4', 'multiple_choice', 'Select the correct translation', '{"question":"What does \"学生\" mean?","options":["one","teacher","two","student"],"correctAnswer":"student","displayHanzi":"学生","pinyin":"xuéshēng","emoji":"🎓"}'::jsonb, '学生 (xuéshēng) means "student".', 8),
  ('lesson-sb-4-ex-9', 'lesson-sb-4', 'multiple_choice', 'Select the correct translation', '{"question":"What does \"人\" mean?","options":["one","two","teacher","person"],"correctAnswer":"person","displayHanzi":"人","pinyin":"rén","emoji":"🧑"}'::jsonb, '人 (rén) means "person".', 9),
  ('lesson-sb-4-ex-10', 'lesson-sb-4', 'multiple_choice', 'Select the correct translation', '{"question":"What does \"一\" mean?","options":["one","student","person","teacher"],"correctAnswer":"one","displayHanzi":"一","pinyin":"yī","emoji":"1️⃣"}'::jsonb, '一 (yī) means "one".', 10),
  ('lesson-sb-4-ex-11', 'lesson-sb-4', 'multiple_choice', 'Select the correct translation', '{"question":"What does \"二\" mean?","options":["one","teacher","student","two"],"correctAnswer":"two","displayHanzi":"二","pinyin":"èr","emoji":"2️⃣"}'::jsonb, '二 (èr) means "two".', 11),
  ('lesson-sb-4-ex-12', 'lesson-sb-4', 'multiple_choice', 'Select the correct translation', '{"question":"What does \"老师\" mean?","options":["teacher","two","one","person"],"correctAnswer":"teacher","displayHanzi":"老师","pinyin":"lǎoshī","emoji":"👩‍🏫"}'::jsonb, '老师 (lǎoshī) means "teacher".', 12),
  ('lesson-sb-4-ex-13', 'lesson-sb-4', 'hanzi_to_english', 'Type the English meaning', '{"hanzi":"学生","pinyin":"xuéshēng","acceptedAnswers":["student","student"],"emoji":"🎓"}'::jsonb, '学生 = student', 13),
  ('lesson-sb-4-ex-14', 'lesson-sb-4', 'hanzi_to_english', 'Type the English meaning', '{"hanzi":"人","pinyin":"rén","acceptedAnswers":["person","person"],"emoji":"🧑"}'::jsonb, '人 = person', 14),
  ('lesson-sb-4-ex-15', 'lesson-sb-4', 'reverse_pinyin', 'Which hanzi matches this pinyin?', '{"pinyin":"yī","options":["一","人","学生","老师"],"correctAnswer":"一"}'::jsonb, 'yī → 一', 15),
  ('lesson-sb-4-ex-16', 'lesson-sb-4', 'reverse_pinyin', 'Which hanzi matches this pinyin?', '{"pinyin":"èr","options":["一","老师","学生","二"],"correctAnswer":"二"}'::jsonb, 'èr → 二', 16),
  ('lesson-sb-4-ex-17', 'lesson-sb-4', 'match_pairs', 'Match each hanzi to its meaning', '{"pairs":[{"id":"v-ren","left":"人","right":"person"},{"id":"v-xuesheng","left":"学生","right":"student"},{"id":"v-yi","left":"一","right":"one"},{"id":"v-er","left":"二","right":"two"}]}'::jsonb, null, 17),
  ('lesson-sb-5-ex-0', 'lesson-sb-5', 'listening', 'Listen and select the meaning', '{"hanzi":"这","options":["I / me","this","that","you"],"correctAnswer":"this","pinyin":"zhè","emoji":"👉"}'::jsonb, 'You heard: 这 (zhè)', 0),
  ('lesson-sb-5-ex-1', 'lesson-sb-5', 'listening', 'Listen and select the meaning', '{"hanzi":"那","options":["this","you","that","I / me"],"correctAnswer":"that","pinyin":"nà","emoji":"👈"}'::jsonb, 'You heard: 那 (nà)', 1),
  ('lesson-sb-5-ex-2', 'lesson-sb-5', 'listening', 'Listen and select the meaning', '{"hanzi":"是","options":["to be","you","I / me","that"],"correctAnswer":"to be","pinyin":"shì","emoji":"✅"}'::jsonb, 'You heard: 是 (shì)', 2),
  ('lesson-sb-5-ex-3', 'lesson-sb-5', 'listening', 'Listen and select the meaning', '{"hanzi":"我","options":["to be","you","I / me","that"],"correctAnswer":"I / me","pinyin":"wǒ","emoji":"🙋"}'::jsonb, 'You heard: 我 (wǒ)', 3),
  ('lesson-sb-5-ex-4', 'lesson-sb-5', 'pinyin_recognition', 'Select the correct pinyin', '{"hanzi":"你","options":["zhè","nǐ","shì","wǒ"],"correctAnswer":"nǐ","emoji":"👆"}'::jsonb, '你 is pronounced nǐ.', 4),
  ('lesson-sb-5-ex-5', 'lesson-sb-5', 'pinyin_recognition', 'Select the correct pinyin', '{"hanzi":"这","options":["nà","zhè","nǐ","wǒ"],"correctAnswer":"zhè","emoji":"👉"}'::jsonb, '这 is pronounced zhè.', 5),
  ('lesson-sb-5-ex-6', 'lesson-sb-5', 'pinyin_recognition', 'Select the correct pinyin', '{"hanzi":"那","options":["zhè","nà","wǒ","nǐ"],"correctAnswer":"nà","emoji":"👈"}'::jsonb, '那 is pronounced nà.', 6),
  ('lesson-sb-5-ex-7', 'lesson-sb-5', 'pinyin_recognition', 'Select the correct pinyin', '{"hanzi":"是","options":["wǒ","nǐ","shì","nà"],"correctAnswer":"shì","emoji":"✅"}'::jsonb, '是 is pronounced shì.', 7),
  ('lesson-sb-5-ex-8', 'lesson-sb-5', 'multiple_choice', 'Select the correct translation', '{"question":"What does \"我\" mean?","options":["to be","I / me","this","you"],"correctAnswer":"I / me","displayHanzi":"我","pinyin":"wǒ","emoji":"🙋"}'::jsonb, '我 (wǒ) means "I / me".', 8),
  ('lesson-sb-5-ex-9', 'lesson-sb-5', 'multiple_choice', 'Select the correct translation', '{"question":"What does \"你\" mean?","options":["you","that","I / me","this"],"correctAnswer":"you","displayHanzi":"你","pinyin":"nǐ","emoji":"👆"}'::jsonb, '你 (nǐ) means "you".', 9),
  ('lesson-sb-5-ex-10', 'lesson-sb-5', 'multiple_choice', 'Select the correct translation', '{"question":"What does \"这\" mean?","options":["this","you","that","to be"],"correctAnswer":"this","displayHanzi":"这","pinyin":"zhè","emoji":"👉"}'::jsonb, '这 (zhè) means "this".', 10),
  ('lesson-sb-5-ex-11', 'lesson-sb-5', 'multiple_choice', 'Select the correct translation', '{"question":"What does \"那\" mean?","options":["that","to be","you","this"],"correctAnswer":"that","displayHanzi":"那","pinyin":"nà","emoji":"👈"}'::jsonb, '那 (nà) means "that".', 11),
  ('lesson-sb-5-ex-12', 'lesson-sb-5', 'multiple_choice', 'Select the correct translation', '{"question":"What does \"是\" mean?","options":["I / me","this","to be","you"],"correctAnswer":"to be","displayHanzi":"是","pinyin":"shì","emoji":"✅"}'::jsonb, '是 (shì) means "to be".', 12),
  ('lesson-sb-5-ex-13', 'lesson-sb-5', 'hanzi_to_english', 'Type the English meaning', '{"hanzi":"我","pinyin":"wǒ","acceptedAnswers":["I / me","I"],"emoji":"🙋"}'::jsonb, '我 = I / me', 13),
  ('lesson-sb-5-ex-14', 'lesson-sb-5', 'hanzi_to_english', 'Type the English meaning', '{"hanzi":"你","pinyin":"nǐ","acceptedAnswers":["you","you"],"emoji":"👆"}'::jsonb, '你 = you', 14),
  ('lesson-sb-5-ex-15', 'lesson-sb-5', 'reverse_pinyin', 'Which hanzi matches this pinyin?', '{"pinyin":"zhè","options":["这","你","那","是"],"correctAnswer":"这"}'::jsonb, 'zhè → 这', 15),
  ('lesson-sb-5-ex-16', 'lesson-sb-5', 'reverse_pinyin', 'Which hanzi matches this pinyin?', '{"pinyin":"nà","options":["那","是","你","这"],"correctAnswer":"那"}'::jsonb, 'nà → 那', 16),
  ('lesson-sb-5-ex-17', 'lesson-sb-5', 'match_pairs', 'Match each hanzi to its meaning', '{"pairs":[{"id":"v-na","left":"那","right":"that"},{"id":"v-ni","left":"你","right":"you"},{"id":"v-zhe","left":"这","right":"this"},{"id":"v-shi","left":"是","right":"to be"}]}'::jsonb, null, 17),
  ('lesson-sb-6-ex-0', 'lesson-sb-6', 'listening', 'Listen and select the meaning', '{"hanzi":"他","options":["you","to be","he / him","she / her"],"correctAnswer":"he / him","pinyin":"tā","emoji":"👨"}'::jsonb, 'You heard: 他 (tā)', 0),
  ('lesson-sb-6-ex-1', 'lesson-sb-6', 'listening', 'Listen and select the meaning', '{"hanzi":"她","options":["he / him","person","she / her","you"],"correctAnswer":"she / her","pinyin":"tā","emoji":"👩"}'::jsonb, 'You heard: 她 (tā)', 1),
  ('lesson-sb-6-ex-2', 'lesson-sb-6', 'listening', 'Listen and select the meaning', '{"hanzi":"是","options":["person","he / him","she / her","to be"],"correctAnswer":"to be","pinyin":"shì","emoji":"✅"}'::jsonb, 'You heard: 是 (shì)', 2),
  ('lesson-sb-6-ex-3', 'lesson-sb-6', 'listening', 'Listen and select the meaning', '{"hanzi":"人","options":["to be","you","person","she / her"],"correctAnswer":"person","pinyin":"rén","emoji":"🧑"}'::jsonb, 'You heard: 人 (rén)', 3),
  ('lesson-sb-6-ex-4', 'lesson-sb-6', 'pinyin_recognition', 'Select the correct pinyin', '{"hanzi":"你","options":["tā","rén","nǐ","shì"],"correctAnswer":"nǐ","emoji":"👆"}'::jsonb, '你 is pronounced nǐ.', 4),
  ('lesson-sb-6-ex-5', 'lesson-sb-6', 'pinyin_recognition', 'Select the correct pinyin', '{"hanzi":"他","options":["tā","nǐ","shì","rén"],"correctAnswer":"tā","emoji":"👨"}'::jsonb, '他 is pronounced tā.', 5),
  ('lesson-sb-6-ex-6', 'lesson-sb-6', 'pinyin_recognition', 'Select the correct pinyin', '{"hanzi":"她","options":["shì","tā","rén","nǐ"],"correctAnswer":"tā","emoji":"👩"}'::jsonb, '她 is pronounced tā.', 6),
  ('lesson-sb-6-ex-7', 'lesson-sb-6', 'pinyin_recognition', 'Select the correct pinyin', '{"hanzi":"是","options":["tā","nǐ","rén","shì"],"correctAnswer":"shì","emoji":"✅"}'::jsonb, '是 is pronounced shì.', 7),
  ('lesson-sb-6-ex-8', 'lesson-sb-6', 'multiple_choice', 'Select the correct translation', '{"question":"What does \"人\" mean?","options":["to be","person","he / him","you"],"correctAnswer":"person","displayHanzi":"人","pinyin":"rén","emoji":"🧑"}'::jsonb, '人 (rén) means "person".', 8),
  ('lesson-sb-6-ex-9', 'lesson-sb-6', 'multiple_choice', 'Select the correct translation', '{"question":"What does \"你\" mean?","options":["to be","she / her","he / him","you"],"correctAnswer":"you","displayHanzi":"你","pinyin":"nǐ","emoji":"👆"}'::jsonb, '你 (nǐ) means "you".', 9),
  ('lesson-sb-6-ex-10', 'lesson-sb-6', 'multiple_choice', 'Select the correct translation', '{"question":"What does \"他\" mean?","options":["person","she / her","to be","he / him"],"correctAnswer":"he / him","displayHanzi":"他","pinyin":"tā","emoji":"👨"}'::jsonb, '他 (tā) means "he / him".', 10),
  ('lesson-sb-6-ex-11', 'lesson-sb-6', 'multiple_choice', 'Select the correct translation', '{"question":"What does \"她\" mean?","options":["she / her","to be","he / him","you"],"correctAnswer":"she / her","displayHanzi":"她","pinyin":"tā","emoji":"👩"}'::jsonb, '她 (tā) means "she / her".', 11),
  ('lesson-sb-6-ex-12', 'lesson-sb-6', 'multiple_choice', 'Select the correct translation', '{"question":"What does \"是\" mean?","options":["to be","person","you","she / her"],"correctAnswer":"to be","displayHanzi":"是","pinyin":"shì","emoji":"✅"}'::jsonb, '是 (shì) means "to be".', 12),
  ('lesson-sb-6-ex-13', 'lesson-sb-6', 'hanzi_to_english', 'Type the English meaning', '{"hanzi":"人","pinyin":"rén","acceptedAnswers":["person","person"],"emoji":"🧑"}'::jsonb, '人 = person', 13),
  ('lesson-sb-6-ex-14', 'lesson-sb-6', 'hanzi_to_english', 'Type the English meaning', '{"hanzi":"你","pinyin":"nǐ","acceptedAnswers":["you","you"],"emoji":"👆"}'::jsonb, '你 = you', 14),
  ('lesson-sb-6-ex-15', 'lesson-sb-6', 'reverse_pinyin', 'Which hanzi matches this pinyin?', '{"pinyin":"tā","options":["是","人","她","他"],"correctAnswer":"他"}'::jsonb, 'tā → 他', 15),
  ('lesson-sb-6-ex-16', 'lesson-sb-6', 'reverse_pinyin', 'Which hanzi matches this pinyin?', '{"pinyin":"tā","options":["她","你","他","是"],"correctAnswer":"她"}'::jsonb, 'tā → 她', 16),
  ('lesson-sb-6-ex-17', 'lesson-sb-6', 'match_pairs', 'Match each hanzi to its meaning', '{"pairs":[{"id":"v-shi","left":"是","right":"to be"},{"id":"v-ta-she","left":"她","right":"she"},{"id":"v-ta-he","left":"他","right":"he"},{"id":"v-ni","left":"你","right":"you"}]}'::jsonb, null, 17),
  ('lesson-fa-1-ex-0', 'lesson-fa-1', 'listening', 'Listen and select the meaning', '{"hanzi":"妈妈","options":["mom","I / me","possessive particle","family / home"],"correctAnswer":"mom","imageUrl":"/vocab/mom.svg","pinyin":"māma","emoji":"👩"}'::jsonb, 'You heard: 妈妈 (māma)', 0),
  ('lesson-fa-1-ex-1', 'lesson-fa-1', 'listening', 'Listen and select the meaning', '{"hanzi":"爸爸","options":["dad","mom","I / me","family / home"],"correctAnswer":"dad","imageUrl":"/vocab/dad.svg","pinyin":"bàba","emoji":"👨"}'::jsonb, 'You heard: 爸爸 (bàba)', 1),
  ('lesson-fa-1-ex-2', 'lesson-fa-1', 'listening', 'Listen and select the meaning', '{"hanzi":"家","options":["family / home","I / me","dad","mom"],"correctAnswer":"family / home","imageUrl":"/vocab/home.svg","pinyin":"jiā","emoji":"🏠"}'::jsonb, 'You heard: 家 (jiā)', 2),
  ('lesson-fa-1-ex-3', 'lesson-fa-1', 'pinyin_recognition', 'Select the correct pinyin', '{"hanzi":"的","options":["jiā","māma","bàba","de"],"correctAnswer":"de","emoji":"🔗"}'::jsonb, '的 is pronounced de.', 3),
  ('lesson-fa-1-ex-4', 'lesson-fa-1', 'pinyin_recognition', 'Select the correct pinyin', '{"hanzi":"我","options":["wǒ","bàba","de","jiā"],"correctAnswer":"wǒ","emoji":"🙋"}'::jsonb, '我 is pronounced wǒ.', 4),
  ('lesson-fa-1-ex-5', 'lesson-fa-1', 'pinyin_recognition', 'Select the correct pinyin', '{"hanzi":"妈妈","options":["māma","de","wǒ","jiā"],"correctAnswer":"māma","imageUrl":"/vocab/mom.svg","emoji":"👩"}'::jsonb, '妈妈 is pronounced māma.', 5),
  ('lesson-fa-1-ex-6', 'lesson-fa-1', 'multiple_choice', 'Select the correct translation', '{"question":"What does \"爸爸\" mean?","options":["mom","possessive particle","family / home","dad"],"correctAnswer":"dad","displayHanzi":"爸爸","imageUrl":"/vocab/dad.svg","pinyin":"bàba","emoji":"👨"}'::jsonb, '爸爸 (bàba) means "dad".', 6),
  ('lesson-fa-1-ex-7', 'lesson-fa-1', 'multiple_choice', 'Select the correct translation', '{"question":"What does \"家\" mean?","options":["possessive particle","mom","dad","family / home"],"correctAnswer":"family / home","displayHanzi":"家","imageUrl":"/vocab/home.svg","pinyin":"jiā","emoji":"🏠"}'::jsonb, '家 (jiā) means "family / home".', 7),
  ('lesson-fa-1-ex-8', 'lesson-fa-1', 'multiple_choice', 'Select the correct translation', '{"question":"What does \"的\" mean?","options":["possessive particle","I / me","family / home","dad"],"correctAnswer":"possessive particle","displayHanzi":"的","pinyin":"de","emoji":"🔗"}'::jsonb, '的 (de) means "possessive particle".', 8),
  ('lesson-fa-1-ex-9', 'lesson-fa-1', 'multiple_choice', 'Select the correct translation', '{"question":"What does \"我\" mean?","options":["mom","possessive particle","I / me","family / home"],"correctAnswer":"I / me","displayHanzi":"我","pinyin":"wǒ","emoji":"🙋"}'::jsonb, '我 (wǒ) means "I / me".', 9),
  ('lesson-fa-1-ex-10', 'lesson-fa-1', 'multiple_choice', 'Select the correct translation', '{"question":"What does \"妈妈\" mean?","options":["dad","possessive particle","mom","I / me"],"correctAnswer":"mom","displayHanzi":"妈妈","imageUrl":"/vocab/mom.svg","pinyin":"māma","emoji":"👩"}'::jsonb, '妈妈 (māma) means "mom".', 10),
  ('lesson-fa-1-ex-11', 'lesson-fa-1', 'hanzi_to_english', 'Type the English meaning', '{"hanzi":"爸爸","pinyin":"bàba","acceptedAnswers":["dad","dad"],"imageUrl":"/vocab/dad.svg","emoji":"👨"}'::jsonb, '爸爸 = dad', 11),
  ('lesson-fa-1-ex-12', 'lesson-fa-1', 'hanzi_to_english', 'Type the English meaning', '{"hanzi":"家","pinyin":"jiā","acceptedAnswers":["family / home","family"],"imageUrl":"/vocab/home.svg","emoji":"🏠"}'::jsonb, '家 = family / home', 12),
  ('lesson-fa-1-ex-13', 'lesson-fa-1', 'hanzi_to_english', 'Type the English meaning', '{"hanzi":"的","pinyin":"de","acceptedAnswers":["possessive particle","possessive particle"],"emoji":"🔗"}'::jsonb, '的 = possessive particle', 13),
  ('lesson-fa-1-ex-14', 'lesson-fa-1', 'english_to_hanzi_word_bank', 'Build the hanzi for this word', '{"english":"I","wordBank":["妈","的","家","我","爸","妈","爸"],"correctAnswer":["我"]}'::jsonb, 'The hanzi for "I / me" is 我.', 14),
  ('lesson-fa-1-ex-15', 'lesson-fa-1', 'reverse_pinyin', 'Which hanzi matches this pinyin?', '{"pinyin":"māma","options":["爸爸","妈妈","我","的"],"correctAnswer":"妈妈"}'::jsonb, 'māma → 妈妈', 15),
  ('lesson-fa-1-ex-16', 'lesson-fa-1', 'reverse_pinyin', 'Which hanzi matches this pinyin?', '{"pinyin":"bàba","options":["的","家","妈妈","爸爸"],"correctAnswer":"爸爸"}'::jsonb, 'bàba → 爸爸', 16),
  ('lesson-fa-1-ex-17', 'lesson-fa-1', 'match_pairs', 'Match each hanzi to its meaning', '{"pairs":[{"id":"v-de","left":"的","right":"possessive particle"},{"id":"v-wo","left":"我","right":"I"},{"id":"v-baba","left":"爸爸","right":"dad","imageUrl":"/vocab/dad.svg"},{"id":"v-jia","left":"家","right":"family","imageUrl":"/vocab/home.svg"}]}'::jsonb, null, 17),
  ('lesson-fa-2-ex-0', 'lesson-fa-2', 'listening', 'Listen and select the meaning', '{"hanzi":"哥哥","options":["I / me","older brother","younger sister","you"],"correctAnswer":"older brother","pinyin":"gēge","emoji":"👦"}'::jsonb, 'You heard: 哥哥 (gēge)', 0),
  ('lesson-fa-2-ex-1', 'lesson-fa-2', 'listening', 'Listen and select the meaning', '{"hanzi":"妹妹","options":["older brother","you","younger sister","I / me"],"correctAnswer":"younger sister","pinyin":"mèimei","emoji":"👧"}'::jsonb, 'You heard: 妹妹 (mèimei)', 1),
  ('lesson-fa-2-ex-2', 'lesson-fa-2', 'listening', 'Listen and select the meaning', '{"hanzi":"的","options":["possessive particle","younger sister","you","I / me"],"correctAnswer":"possessive particle","pinyin":"de","emoji":"🔗"}'::jsonb, 'You heard: 的 (de)', 2),
  ('lesson-fa-2-ex-3', 'lesson-fa-2', 'pinyin_recognition', 'Select the correct pinyin', '{"hanzi":"我","options":["de","wǒ","gēge","nǐ"],"correctAnswer":"wǒ","emoji":"🙋"}'::jsonb, '我 is pronounced wǒ.', 3),
  ('lesson-fa-2-ex-4', 'lesson-fa-2', 'pinyin_recognition', 'Select the correct pinyin', '{"hanzi":"你","options":["nǐ","gēge","mèimei","wǒ"],"correctAnswer":"nǐ","emoji":"👆"}'::jsonb, '你 is pronounced nǐ.', 4),
  ('lesson-fa-2-ex-5', 'lesson-fa-2', 'pinyin_recognition', 'Select the correct pinyin', '{"hanzi":"哥哥","options":["mèimei","wǒ","gēge","nǐ"],"correctAnswer":"gēge","emoji":"👦"}'::jsonb, '哥哥 is pronounced gēge.', 5),
  ('lesson-fa-2-ex-6', 'lesson-fa-2', 'multiple_choice', 'Select the correct translation', '{"question":"What does \"妹妹\" mean?","options":["younger sister","older brother","you","possessive particle"],"correctAnswer":"younger sister","displayHanzi":"妹妹","pinyin":"mèimei","emoji":"👧"}'::jsonb, '妹妹 (mèimei) means "younger sister".', 6),
  ('lesson-fa-2-ex-7', 'lesson-fa-2', 'multiple_choice', 'Select the correct translation', '{"question":"What does \"的\" mean?","options":["you","possessive particle","older brother","I / me"],"correctAnswer":"possessive particle","displayHanzi":"的","pinyin":"de","emoji":"🔗"}'::jsonb, '的 (de) means "possessive particle".', 7),
  ('lesson-fa-2-ex-8', 'lesson-fa-2', 'multiple_choice', 'Select the correct translation', '{"question":"What does \"我\" mean?","options":["I / me","younger sister","older brother","you"],"correctAnswer":"I / me","displayHanzi":"我","pinyin":"wǒ","emoji":"🙋"}'::jsonb, '我 (wǒ) means "I / me".', 8),
  ('lesson-fa-2-ex-9', 'lesson-fa-2', 'multiple_choice', 'Select the correct translation', '{"question":"What does \"你\" mean?","options":["younger sister","possessive particle","older brother","you"],"correctAnswer":"you","displayHanzi":"你","pinyin":"nǐ","emoji":"👆"}'::jsonb, '你 (nǐ) means "you".', 9),
  ('lesson-fa-2-ex-10', 'lesson-fa-2', 'multiple_choice', 'Select the correct translation', '{"question":"What does \"哥哥\" mean?","options":["older brother","you","possessive particle","younger sister"],"correctAnswer":"older brother","displayHanzi":"哥哥","pinyin":"gēge","emoji":"👦"}'::jsonb, '哥哥 (gēge) means "older brother".', 10),
  ('lesson-fa-2-ex-11', 'lesson-fa-2', 'hanzi_to_english', 'Type the English meaning', '{"hanzi":"妹妹","pinyin":"mèimei","acceptedAnswers":["younger sister","younger sister"],"emoji":"👧"}'::jsonb, '妹妹 = younger sister', 11),
  ('lesson-fa-2-ex-12', 'lesson-fa-2', 'hanzi_to_english', 'Type the English meaning', '{"hanzi":"的","pinyin":"de","acceptedAnswers":["possessive particle","possessive particle"],"emoji":"🔗"}'::jsonb, '的 = possessive particle', 12),
  ('lesson-fa-2-ex-13', 'lesson-fa-2', 'hanzi_to_english', 'Type the English meaning', '{"hanzi":"我","pinyin":"wǒ","acceptedAnswers":["I / me","I"],"emoji":"🙋"}'::jsonb, '我 = I / me', 13),
  ('lesson-fa-2-ex-14', 'lesson-fa-2', 'english_to_hanzi_word_bank', 'Build the hanzi for this word', '{"english":"you","wordBank":["妹","哥","的","我","妹","你","哥"],"correctAnswer":["你"]}'::jsonb, 'The hanzi for "you" is 你.', 14),
  ('lesson-fa-2-ex-15', 'lesson-fa-2', 'english_to_hanzi_word_bank', 'Build the hanzi for this word', '{"english":"older brother","wordBank":["的","你","妹","哥","哥","妹","我"],"correctAnswer":["哥","哥"]}'::jsonb, 'The hanzi for "older brother" is 哥哥.', 15),
  ('lesson-fa-2-ex-16', 'lesson-fa-2', 'reverse_pinyin', 'Which hanzi matches this pinyin?', '{"pinyin":"mèimei","options":["妹妹","你","的","哥哥"],"correctAnswer":"妹妹"}'::jsonb, 'mèimei → 妹妹', 16),
  ('lesson-fa-2-ex-17', 'lesson-fa-2', 'reverse_pinyin', 'Which hanzi matches this pinyin?', '{"pinyin":"de","options":["哥哥","的","我","你"],"correctAnswer":"的"}'::jsonb, 'de → 的', 17),
  ('lesson-fa-2-ex-18', 'lesson-fa-2', 'match_pairs', 'Match each hanzi to its meaning', '{"pairs":[{"id":"v-gege","left":"哥哥","right":"older brother"},{"id":"v-de","left":"的","right":"possessive particle"},{"id":"v-ni","left":"你","right":"you"},{"id":"v-wo","left":"我","right":"I"}]}'::jsonb, null, 18),
  ('lesson-fa-3-ex-0', 'lesson-fa-3', 'listening', 'Listen and select the meaning', '{"hanzi":"妈妈","options":["work / job","possessive particle","mom","at / in / on"],"correctAnswer":"mom","imageUrl":"/vocab/mom.svg","pinyin":"māma","emoji":"👩"}'::jsonb, 'You heard: 妈妈 (māma)', 0),
  ('lesson-fa-3-ex-1', 'lesson-fa-3', 'listening', 'Listen and select the meaning', '{"hanzi":"工作","options":["to be","mom","at / in / on","work / job"],"correctAnswer":"work / job","pinyin":"gōngzuò","emoji":"💼"}'::jsonb, 'You heard: 工作 (gōngzuò)', 1),
  ('lesson-fa-3-ex-2', 'lesson-fa-3', 'listening', 'Listen and select the meaning', '{"hanzi":"在","options":["possessive particle","to be","at / in / on","work / job"],"correctAnswer":"at / in / on","pinyin":"zài","emoji":"📌"}'::jsonb, 'You heard: 在 (zài)', 2),
  ('lesson-fa-3-ex-3', 'lesson-fa-3', 'pinyin_recognition', 'Select the correct pinyin', '{"hanzi":"是","options":["shì","gōngzuò","de","māma"],"correctAnswer":"shì","emoji":"✅"}'::jsonb, '是 is pronounced shì.', 3),
  ('lesson-fa-3-ex-4', 'lesson-fa-3', 'pinyin_recognition', 'Select the correct pinyin', '{"hanzi":"的","options":["māma","zài","de","shì"],"correctAnswer":"de","emoji":"🔗"}'::jsonb, '的 is pronounced de.', 4),
  ('lesson-fa-3-ex-5', 'lesson-fa-3', 'pinyin_recognition', 'Select the correct pinyin', '{"hanzi":"妈妈","options":["māma","gōngzuò","de","zài"],"correctAnswer":"māma","imageUrl":"/vocab/mom.svg","emoji":"👩"}'::jsonb, '妈妈 is pronounced māma.', 5),
  ('lesson-fa-3-ex-6', 'lesson-fa-3', 'multiple_choice', 'Select the correct translation', '{"question":"What does \"工作\" mean?","options":["work / job","to be","possessive particle","at / in / on"],"correctAnswer":"work / job","displayHanzi":"工作","pinyin":"gōngzuò","emoji":"💼"}'::jsonb, '工作 (gōngzuò) means "work / job".', 6),
  ('lesson-fa-3-ex-7', 'lesson-fa-3', 'multiple_choice', 'Select the correct translation', '{"question":"What does \"在\" mean?","options":["mom","at / in / on","to be","possessive particle"],"correctAnswer":"at / in / on","displayHanzi":"在","pinyin":"zài","emoji":"📌"}'::jsonb, '在 (zài) means "at / in / on".', 7),
  ('lesson-fa-3-ex-8', 'lesson-fa-3', 'multiple_choice', 'Select the correct translation', '{"question":"What does \"是\" mean?","options":["mom","work / job","at / in / on","to be"],"correctAnswer":"to be","displayHanzi":"是","pinyin":"shì","emoji":"✅"}'::jsonb, '是 (shì) means "to be".', 8),
  ('lesson-fa-3-ex-9', 'lesson-fa-3', 'multiple_choice', 'Select the correct translation', '{"question":"What does \"的\" mean?","options":["mom","work / job","possessive particle","to be"],"correctAnswer":"possessive particle","displayHanzi":"的","pinyin":"de","emoji":"🔗"}'::jsonb, '的 (de) means "possessive particle".', 9),
  ('lesson-fa-3-ex-10', 'lesson-fa-3', 'hanzi_to_english', 'Type the English meaning', '{"hanzi":"妈妈","pinyin":"māma","acceptedAnswers":["mom","mom"],"imageUrl":"/vocab/mom.svg","emoji":"👩"}'::jsonb, '妈妈 = mom', 10),
  ('lesson-fa-3-ex-11', 'lesson-fa-3', 'hanzi_to_english', 'Type the English meaning', '{"hanzi":"工作","pinyin":"gōngzuò","acceptedAnswers":["work / job","work"],"emoji":"💼"}'::jsonb, '工作 = work / job', 11),
  ('lesson-fa-3-ex-12', 'lesson-fa-3', 'hanzi_to_english', 'Type the English meaning', '{"hanzi":"在","pinyin":"zài","acceptedAnswers":["at / in / on","at"],"emoji":"📌"}'::jsonb, '在 = at / in / on', 12),
  ('lesson-fa-3-ex-13', 'lesson-fa-3', 'hanzi_to_english', 'Type the English meaning', '{"hanzi":"是","pinyin":"shì","acceptedAnswers":["to be","to be"],"emoji":"✅"}'::jsonb, '是 = to be', 13),
  ('lesson-fa-3-ex-14', 'lesson-fa-3', 'hanzi_to_english', 'Type the English meaning', '{"hanzi":"的","pinyin":"de","acceptedAnswers":["possessive particle","possessive particle"],"emoji":"🔗"}'::jsonb, '的 = possessive particle', 14),
  ('lesson-fa-3-ex-15', 'lesson-fa-3', 'english_to_hanzi_word_bank', 'Build the hanzi for this word', '{"english":"mom","wordBank":["在","妈","是","工","的","作","妈"],"correctAnswer":["妈","妈"],"imageUrl":"/vocab/mom.svg"}'::jsonb, 'The hanzi for "mom" is 妈妈.', 15),
  ('lesson-fa-3-ex-16', 'lesson-fa-3', 'english_to_hanzi_word_bank', 'Build the hanzi for this word', '{"english":"work","wordBank":["工","是","的","妈","作","在","妈"],"correctAnswer":["工","作"]}'::jsonb, 'The hanzi for "work / job" is 工作.', 16),
  ('lesson-fa-3-ex-17', 'lesson-fa-3', 'reverse_pinyin', 'Which hanzi matches this pinyin?', '{"pinyin":"zài","options":["妈妈","在","的","是"],"correctAnswer":"在"}'::jsonb, 'zài → 在', 17),
  ('lesson-fa-3-ex-18', 'lesson-fa-3', 'reverse_pinyin', 'Which hanzi matches this pinyin?', '{"pinyin":"shì","options":["在","妈妈","工作","是"],"correctAnswer":"是"}'::jsonb, 'shì → 是', 18),
  ('lesson-fa-3-ex-19', 'lesson-fa-3', 'match_pairs', 'Match each hanzi to its meaning', '{"pairs":[{"id":"v-de","left":"的","right":"possessive particle"},{"id":"v-shi","left":"是","right":"to be"},{"id":"v-gongzuo","left":"工作","right":"work"},{"id":"v-mama","left":"妈妈","right":"mom","imageUrl":"/vocab/mom.svg"}]}'::jsonb, null, 19),
  ('lesson-fa-3-ex-20', 'lesson-fa-3', 'fill_in_blank', 'Fill in the missing character', '{"sentence":"我的___妈很好。","blankIndex":2,"correctAnswer":"妈","fullSentence":"我的妈妈很好。","fullPinyin":"Wǒ de māma hěn hǎo.","options":["妈","在","的","工"]}'::jsonb, '的 marks possession', 20),
  ('lesson-fa-4-ex-0', 'lesson-fa-4', 'listening', 'Listen and select the meaning', '{"hanzi":"家人","options":["family members","friend","family / home","I / me"],"correctAnswer":"family members","pinyin":"jiārén","emoji":"👨‍👩‍👧‍👦"}'::jsonb, 'You heard: 家人 (jiārén)', 0),
  ('lesson-fa-4-ex-1', 'lesson-fa-4', 'listening', 'Listen and select the meaning', '{"hanzi":"朋友","options":["friend","family / home","I / me","possessive particle"],"correctAnswer":"friend","pinyin":"péngyou","emoji":"👫"}'::jsonb, 'You heard: 朋友 (péngyou)', 1),
  ('lesson-fa-4-ex-2', 'lesson-fa-4', 'listening', 'Listen and select the meaning', '{"hanzi":"家","options":["family members","possessive particle","friend","family / home"],"correctAnswer":"family / home","imageUrl":"/vocab/home.svg","pinyin":"jiā","emoji":"🏠"}'::jsonb, 'You heard: 家 (jiā)', 2),
  ('lesson-fa-4-ex-3', 'lesson-fa-4', 'pinyin_recognition', 'Select the correct pinyin', '{"hanzi":"的","options":["de","péngyou","wǒ","jiārén"],"correctAnswer":"de","emoji":"🔗"}'::jsonb, '的 is pronounced de.', 3),
  ('lesson-fa-4-ex-4', 'lesson-fa-4', 'pinyin_recognition', 'Select the correct pinyin', '{"hanzi":"我","options":["jiārén","jiā","péngyou","wǒ"],"correctAnswer":"wǒ","emoji":"🙋"}'::jsonb, '我 is pronounced wǒ.', 4),
  ('lesson-fa-4-ex-5', 'lesson-fa-4', 'pinyin_recognition', 'Select the correct pinyin', '{"hanzi":"家人","options":["jiārén","jiā","péngyou","wǒ"],"correctAnswer":"jiārén","emoji":"👨‍👩‍👧‍👦"}'::jsonb, '家人 is pronounced jiārén.', 5),
  ('lesson-fa-4-ex-6', 'lesson-fa-4', 'multiple_choice', 'Select the correct translation', '{"question":"What does \"朋友\" mean?","options":["I / me","friend","family members","possessive particle"],"correctAnswer":"friend","displayHanzi":"朋友","pinyin":"péngyou","emoji":"👫"}'::jsonb, '朋友 (péngyou) means "friend".', 6),
  ('lesson-fa-4-ex-7', 'lesson-fa-4', 'multiple_choice', 'Select the correct translation', '{"question":"What does \"家\" mean?","options":["family / home","friend","I / me","possessive particle"],"correctAnswer":"family / home","displayHanzi":"家","imageUrl":"/vocab/home.svg","pinyin":"jiā","emoji":"🏠"}'::jsonb, '家 (jiā) means "family / home".', 7),
  ('lesson-fa-4-ex-8', 'lesson-fa-4', 'multiple_choice', 'Select the correct translation', '{"question":"What does \"的\" mean?","options":["family / home","friend","family members","possessive particle"],"correctAnswer":"possessive particle","displayHanzi":"的","pinyin":"de","emoji":"🔗"}'::jsonb, '的 (de) means "possessive particle".', 8),
  ('lesson-fa-4-ex-9', 'lesson-fa-4', 'multiple_choice', 'Select the correct translation', '{"question":"What does \"我\" mean?","options":["possessive particle","friend","I / me","family / home"],"correctAnswer":"I / me","displayHanzi":"我","pinyin":"wǒ","emoji":"🙋"}'::jsonb, '我 (wǒ) means "I / me".', 9),
  ('lesson-fa-4-ex-10', 'lesson-fa-4', 'hanzi_to_english', 'Type the English meaning', '{"hanzi":"家人","pinyin":"jiārén","acceptedAnswers":["family members","family members"],"emoji":"👨‍👩‍👧‍👦"}'::jsonb, '家人 = family members', 10),
  ('lesson-fa-4-ex-11', 'lesson-fa-4', 'hanzi_to_english', 'Type the English meaning', '{"hanzi":"朋友","pinyin":"péngyou","acceptedAnswers":["friend","friend"],"emoji":"👫"}'::jsonb, '朋友 = friend', 11),
  ('lesson-fa-4-ex-12', 'lesson-fa-4', 'hanzi_to_english', 'Type the English meaning', '{"hanzi":"家","pinyin":"jiā","acceptedAnswers":["family / home","family"],"imageUrl":"/vocab/home.svg","emoji":"🏠"}'::jsonb, '家 = family / home', 12),
  ('lesson-fa-4-ex-13', 'lesson-fa-4', 'hanzi_to_english', 'Type the English meaning', '{"hanzi":"的","pinyin":"de","acceptedAnswers":["possessive particle","possessive particle"],"emoji":"🔗"}'::jsonb, '的 = possessive particle', 13),
  ('lesson-fa-4-ex-14', 'lesson-fa-4', 'hanzi_to_english', 'Type the English meaning', '{"hanzi":"我","pinyin":"wǒ","acceptedAnswers":["I / me","I"],"emoji":"🙋"}'::jsonb, '我 = I / me', 14),
  ('lesson-fa-4-ex-15', 'lesson-fa-4', 'english_to_hanzi_word_bank', 'Build the hanzi for this word', '{"english":"family members","wordBank":["的","家","友","家","我","朋","人"],"correctAnswer":["家","人"]}'::jsonb, 'The hanzi for "family members" is 家人.', 15),
  ('lesson-fa-4-ex-16', 'lesson-fa-4', 'english_to_hanzi_word_bank', 'Build the hanzi for this word', '{"english":"friend","wordBank":["友","家","人","的","我","朋","家"],"correctAnswer":["朋","友"]}'::jsonb, 'The hanzi for "friend" is 朋友.', 16),
  ('lesson-fa-4-ex-17', 'lesson-fa-4', 'reverse_pinyin', 'Which hanzi matches this pinyin?', '{"pinyin":"jiā","options":["家","我","的","朋友"],"correctAnswer":"家"}'::jsonb, 'jiā → 家', 17),
  ('lesson-fa-4-ex-18', 'lesson-fa-4', 'reverse_pinyin', 'Which hanzi matches this pinyin?', '{"pinyin":"de","options":["家人","家","朋友","的"],"correctAnswer":"的"}'::jsonb, 'de → 的', 18),
  ('lesson-fa-4-ex-19', 'lesson-fa-4', 'match_pairs', 'Match each hanzi to its meaning', '{"pairs":[{"id":"v-jiaren","left":"家人","right":"family members"},{"id":"v-jia","left":"家","right":"family","imageUrl":"/vocab/home.svg"},{"id":"v-wo","left":"我","right":"I"},{"id":"v-pengyou","left":"朋友","right":"friend"}]}'::jsonb, null, 19),
  ('lesson-fa-4-ex-20', 'lesson-fa-4', 'fill_in_blank', 'Fill in the missing character', '{"sentence":"我___一个哥哥。","blankIndex":1,"correctAnswer":"有","fullSentence":"我有一个哥哥。","fullPinyin":"Wǒ yǒu yī gè gēge.","options":["有","的","家","我"]}'::jsonb, '有 means to have', 20),
  ('lesson-fb-1-ex-0', 'lesson-fb-1', 'listening', 'Listen and select the meaning', '{"hanzi":"点","options":["time","eight","nine","o''clock"],"correctAnswer":"o''clock","pinyin":"diǎn","emoji":"🕐"}'::jsonb, 'You heard: 点 (diǎn)', 0),
  ('lesson-fb-1-ex-1', 'lesson-fb-1', 'listening', 'Listen and select the meaning', '{"hanzi":"时间","options":["eight","nine","o''clock","time"],"correctAnswer":"time","pinyin":"shíjiān","emoji":"⏰"}'::jsonb, 'You heard: 时间 (shíjiān)', 1),
  ('lesson-fb-1-ex-2', 'lesson-fb-1', 'listening', 'Listen and select the meaning', '{"hanzi":"九","options":["eight","nine","o''clock","question particle"],"correctAnswer":"nine","pinyin":"jiǔ","emoji":"9️⃣"}'::jsonb, 'You heard: 九 (jiǔ)', 2),
  ('lesson-fb-1-ex-3', 'lesson-fb-1', 'pinyin_recognition', 'Select the correct pinyin', '{"hanzi":"八","options":["bā","ma","shíjiān","diǎn"],"correctAnswer":"bā","emoji":"8️⃣"}'::jsonb, '八 is pronounced bā.', 3),
  ('lesson-fb-1-ex-4', 'lesson-fb-1', 'pinyin_recognition', 'Select the correct pinyin', '{"hanzi":"吗","options":["diǎn","bā","ma","jiǔ"],"correctAnswer":"ma","emoji":"❓"}'::jsonb, '吗 is pronounced ma.', 4),
  ('lesson-fb-1-ex-5', 'lesson-fb-1', 'pinyin_recognition', 'Select the correct pinyin', '{"hanzi":"点","options":["shíjiān","jiǔ","bā","diǎn"],"correctAnswer":"diǎn","emoji":"🕐"}'::jsonb, '点 is pronounced diǎn.', 5),
  ('lesson-fb-1-ex-6', 'lesson-fb-1', 'multiple_choice', 'Select the correct translation', '{"question":"What does \"时间\" mean?","options":["time","nine","question particle","eight"],"correctAnswer":"time","displayHanzi":"时间","pinyin":"shíjiān","emoji":"⏰"}'::jsonb, '时间 (shíjiān) means "time".', 6),
  ('lesson-fb-1-ex-7', 'lesson-fb-1', 'multiple_choice', 'Select the correct translation', '{"question":"What does \"九\" mean?","options":["nine","question particle","time","o''clock"],"correctAnswer":"nine","displayHanzi":"九","pinyin":"jiǔ","emoji":"9️⃣"}'::jsonb, '九 (jiǔ) means "nine".', 7),
  ('lesson-fb-1-ex-8', 'lesson-fb-1', 'multiple_choice', 'Select the correct translation', '{"question":"What does \"八\" mean?","options":["time","o''clock","nine","eight"],"correctAnswer":"eight","displayHanzi":"八","pinyin":"bā","emoji":"8️⃣"}'::jsonb, '八 (bā) means "eight".', 8),
  ('lesson-fb-1-ex-9', 'lesson-fb-1', 'multiple_choice', 'Select the correct translation', '{"question":"What does \"吗\" mean?","options":["o''clock","eight","question particle","time"],"correctAnswer":"question particle","displayHanzi":"吗","pinyin":"ma","emoji":"❓"}'::jsonb, '吗 (ma) means "question particle".', 9),
  ('lesson-fb-1-ex-10', 'lesson-fb-1', 'multiple_choice', 'Select the correct translation', '{"question":"What does \"点\" mean?","options":["o''clock","question particle","eight","nine"],"correctAnswer":"o''clock","displayHanzi":"点","pinyin":"diǎn","emoji":"🕐"}'::jsonb, '点 (diǎn) means "o''clock".', 10),
  ('lesson-fb-1-ex-11', 'lesson-fb-1', 'hanzi_to_english', 'Type the English meaning', '{"hanzi":"时间","pinyin":"shíjiān","acceptedAnswers":["time","time"],"emoji":"⏰"}'::jsonb, '时间 = time', 11),
  ('lesson-fb-1-ex-12', 'lesson-fb-1', 'hanzi_to_english', 'Type the English meaning', '{"hanzi":"九","pinyin":"jiǔ","acceptedAnswers":["nine","nine"],"emoji":"9️⃣"}'::jsonb, '九 = nine', 12),
  ('lesson-fb-1-ex-13', 'lesson-fb-1', 'hanzi_to_english', 'Type the English meaning', '{"hanzi":"八","pinyin":"bā","acceptedAnswers":["eight","eight"],"emoji":"8️⃣"}'::jsonb, '八 = eight', 13),
  ('lesson-fb-1-ex-14', 'lesson-fb-1', 'english_to_hanzi_word_bank', 'Build the hanzi for this word', '{"english":"question particle","wordBank":["时","点","八","间","九","吗"],"correctAnswer":["吗"]}'::jsonb, 'The hanzi for "question particle" is 吗.', 14),
  ('lesson-fb-1-ex-15', 'lesson-fb-1', 'reverse_pinyin', 'Which hanzi matches this pinyin?', '{"pinyin":"diǎn","options":["点","吗","九","八"],"correctAnswer":"点"}'::jsonb, 'diǎn → 点', 15),
  ('lesson-fb-1-ex-16', 'lesson-fb-1', 'reverse_pinyin', 'Which hanzi matches this pinyin?', '{"pinyin":"shíjiān","options":["时间","吗","八","九"],"correctAnswer":"时间"}'::jsonb, 'shíjiān → 时间', 16),
  ('lesson-fb-1-ex-17', 'lesson-fb-1', 'match_pairs', 'Match each hanzi to its meaning', '{"pairs":[{"id":"v-dian","left":"点","right":"o''clock"},{"id":"v-jiu","left":"九","right":"nine"},{"id":"v-shijian","left":"时间","right":"time"},{"id":"v-ba","left":"八","right":"eight"}]}'::jsonb, null, 17),
  ('lesson-fb-2-ex-0', 'lesson-fb-2', 'listening', 'Listen and select the meaning', '{"hanzi":"年","options":["year","day","month","time"],"correctAnswer":"year","pinyin":"nián","emoji":"📅"}'::jsonb, 'You heard: 年 (nián)', 0),
  ('lesson-fb-2-ex-1', 'lesson-fb-2', 'listening', 'Listen and select the meaning', '{"hanzi":"月","options":["year","month","o''clock","time"],"correctAnswer":"month","pinyin":"yuè","emoji":"🗓️"}'::jsonb, 'You heard: 月 (yuè)', 1),
  ('lesson-fb-2-ex-2', 'lesson-fb-2', 'listening', 'Listen and select the meaning', '{"hanzi":"日","options":["month","year","o''clock","day"],"correctAnswer":"day","pinyin":"rì","emoji":"☀️"}'::jsonb, 'You heard: 日 (rì)', 2),
  ('lesson-fb-2-ex-3', 'lesson-fb-2', 'pinyin_recognition', 'Select the correct pinyin', '{"hanzi":"点","options":["diǎn","shíjiān","yuè","rì"],"correctAnswer":"diǎn","emoji":"🕐"}'::jsonb, '点 is pronounced diǎn.', 3),
  ('lesson-fb-2-ex-4', 'lesson-fb-2', 'pinyin_recognition', 'Select the correct pinyin', '{"hanzi":"时间","options":["diǎn","yuè","shíjiān","nián"],"correctAnswer":"shíjiān","emoji":"⏰"}'::jsonb, '时间 is pronounced shíjiān.', 4),
  ('lesson-fb-2-ex-5', 'lesson-fb-2', 'pinyin_recognition', 'Select the correct pinyin', '{"hanzi":"年","options":["yuè","rì","nián","shíjiān"],"correctAnswer":"nián","emoji":"📅"}'::jsonb, '年 is pronounced nián.', 5),
  ('lesson-fb-2-ex-6', 'lesson-fb-2', 'multiple_choice', 'Select the correct translation', '{"question":"What does \"月\" mean?","options":["month","year","day","time"],"correctAnswer":"month","displayHanzi":"月","pinyin":"yuè","emoji":"🗓️"}'::jsonb, '月 (yuè) means "month".', 6),
  ('lesson-fb-2-ex-7', 'lesson-fb-2', 'multiple_choice', 'Select the correct translation', '{"question":"What does \"日\" mean?","options":["o''clock","time","day","month"],"correctAnswer":"day","displayHanzi":"日","pinyin":"rì","emoji":"☀️"}'::jsonb, '日 (rì) means "day".', 7),
  ('lesson-fb-2-ex-8', 'lesson-fb-2', 'multiple_choice', 'Select the correct translation', '{"question":"What does \"点\" mean?","options":["year","o''clock","time","day"],"correctAnswer":"o''clock","displayHanzi":"点","pinyin":"diǎn","emoji":"🕐"}'::jsonb, '点 (diǎn) means "o''clock".', 8),
  ('lesson-fb-2-ex-9', 'lesson-fb-2', 'multiple_choice', 'Select the correct translation', '{"question":"What does \"时间\" mean?","options":["day","month","year","time"],"correctAnswer":"time","displayHanzi":"时间","pinyin":"shíjiān","emoji":"⏰"}'::jsonb, '时间 (shíjiān) means "time".', 9),
  ('lesson-fb-2-ex-10', 'lesson-fb-2', 'multiple_choice', 'Select the correct translation', '{"question":"What does \"年\" mean?","options":["month","day","o''clock","year"],"correctAnswer":"year","displayHanzi":"年","pinyin":"nián","emoji":"📅"}'::jsonb, '年 (nián) means "year".', 10),
  ('lesson-fb-2-ex-11', 'lesson-fb-2', 'hanzi_to_english', 'Type the English meaning', '{"hanzi":"月","pinyin":"yuè","acceptedAnswers":["month","month"],"emoji":"🗓️"}'::jsonb, '月 = month', 11),
  ('lesson-fb-2-ex-12', 'lesson-fb-2', 'hanzi_to_english', 'Type the English meaning', '{"hanzi":"日","pinyin":"rì","acceptedAnswers":["day","day"],"emoji":"☀️"}'::jsonb, '日 = day', 12),
  ('lesson-fb-2-ex-13', 'lesson-fb-2', 'hanzi_to_english', 'Type the English meaning', '{"hanzi":"点","pinyin":"diǎn","acceptedAnswers":["o''clock","o''clock"],"emoji":"🕐"}'::jsonb, '点 = o''clock', 13),
  ('lesson-fb-2-ex-14', 'lesson-fb-2', 'english_to_hanzi_word_bank', 'Build the hanzi for this word', '{"english":"time","wordBank":["月","间","时","日","点","年"],"correctAnswer":["时","间"]}'::jsonb, 'The hanzi for "time" is 时间.', 14),
  ('lesson-fb-2-ex-15', 'lesson-fb-2', 'english_to_hanzi_word_bank', 'Build the hanzi for this word', '{"english":"year","wordBank":["年","间","月","时","日","点"],"correctAnswer":["年"]}'::jsonb, 'The hanzi for "year" is 年.', 15),
  ('lesson-fb-2-ex-16', 'lesson-fb-2', 'reverse_pinyin', 'Which hanzi matches this pinyin?', '{"pinyin":"yuè","options":["月","年","时间","日"],"correctAnswer":"月"}'::jsonb, 'yuè → 月', 16),
  ('lesson-fb-2-ex-17', 'lesson-fb-2', 'reverse_pinyin', 'Which hanzi matches this pinyin?', '{"pinyin":"rì","options":["时间","点","日","月"],"correctAnswer":"日"}'::jsonb, 'rì → 日', 17),
  ('lesson-fb-2-ex-18', 'lesson-fb-2', 'match_pairs', 'Match each hanzi to its meaning', '{"pairs":[{"id":"v-ri","left":"日","right":"day"},{"id":"v-dian","left":"点","right":"o''clock"},{"id":"v-yue","left":"月","right":"month"},{"id":"v-nian","left":"年","right":"year"}]}'::jsonb, null, 18),
  ('lesson-fb-3-ex-0', 'lesson-fb-3', 'listening', 'Listen and select the meaning', '{"hanzi":"起床","options":["time","to get up","to eat","I / me"],"correctAnswer":"to get up","pinyin":"qǐchuáng","emoji":"🛏️"}'::jsonb, 'You heard: 起床 (qǐchuáng)', 0),
  ('lesson-fb-3-ex-1', 'lesson-fb-3', 'listening', 'Listen and select the meaning', '{"hanzi":"吃","options":["time","to eat","to get up","I / me"],"correctAnswer":"to eat","pinyin":"chī","emoji":"🍽️"}'::jsonb, 'You heard: 吃 (chī)', 1),
  ('lesson-fb-3-ex-2', 'lesson-fb-3', 'listening', 'Listen and select the meaning', '{"hanzi":"喝","options":["I / me","to eat","to drink","to get up"],"correctAnswer":"to drink","pinyin":"hē","emoji":"🥤"}'::jsonb, 'You heard: 喝 (hē)', 2),
  ('lesson-fb-3-ex-3', 'lesson-fb-3', 'pinyin_recognition', 'Select the correct pinyin', '{"hanzi":"时间","options":["hē","shíjiān","qǐchuáng","wǒ"],"correctAnswer":"shíjiān","emoji":"⏰"}'::jsonb, '时间 is pronounced shíjiān.', 3),
  ('lesson-fb-3-ex-4', 'lesson-fb-3', 'pinyin_recognition', 'Select the correct pinyin', '{"hanzi":"我","options":["hē","qǐchuáng","chī","wǒ"],"correctAnswer":"wǒ","emoji":"🙋"}'::jsonb, '我 is pronounced wǒ.', 4),
  ('lesson-fb-3-ex-5', 'lesson-fb-3', 'pinyin_recognition', 'Select the correct pinyin', '{"hanzi":"起床","options":["chī","qǐchuáng","shíjiān","wǒ"],"correctAnswer":"qǐchuáng","emoji":"🛏️"}'::jsonb, '起床 is pronounced qǐchuáng.', 5),
  ('lesson-fb-3-ex-6', 'lesson-fb-3', 'multiple_choice', 'Select the correct translation', '{"question":"What does \"吃\" mean?","options":["I / me","to drink","to eat","to get up"],"correctAnswer":"to eat","displayHanzi":"吃","pinyin":"chī","emoji":"🍽️"}'::jsonb, '吃 (chī) means "to eat".', 6),
  ('lesson-fb-3-ex-7', 'lesson-fb-3', 'multiple_choice', 'Select the correct translation', '{"question":"What does \"喝\" mean?","options":["time","to get up","to eat","to drink"],"correctAnswer":"to drink","displayHanzi":"喝","pinyin":"hē","emoji":"🥤"}'::jsonb, '喝 (hē) means "to drink".', 7),
  ('lesson-fb-3-ex-8', 'lesson-fb-3', 'multiple_choice', 'Select the correct translation', '{"question":"What does \"时间\" mean?","options":["time","to get up","to eat","I / me"],"correctAnswer":"time","displayHanzi":"时间","pinyin":"shíjiān","emoji":"⏰"}'::jsonb, '时间 (shíjiān) means "time".', 8),
  ('lesson-fb-3-ex-9', 'lesson-fb-3', 'multiple_choice', 'Select the correct translation', '{"question":"What does \"我\" mean?","options":["I / me","time","to drink","to eat"],"correctAnswer":"I / me","displayHanzi":"我","pinyin":"wǒ","emoji":"🙋"}'::jsonb, '我 (wǒ) means "I / me".', 9),
  ('lesson-fb-3-ex-10', 'lesson-fb-3', 'hanzi_to_english', 'Type the English meaning', '{"hanzi":"起床","pinyin":"qǐchuáng","acceptedAnswers":["to get up","to get up"],"emoji":"🛏️"}'::jsonb, '起床 = to get up', 10),
  ('lesson-fb-3-ex-11', 'lesson-fb-3', 'hanzi_to_english', 'Type the English meaning', '{"hanzi":"吃","pinyin":"chī","acceptedAnswers":["to eat","to eat"],"emoji":"🍽️"}'::jsonb, '吃 = to eat', 11),
  ('lesson-fb-3-ex-12', 'lesson-fb-3', 'hanzi_to_english', 'Type the English meaning', '{"hanzi":"喝","pinyin":"hē","acceptedAnswers":["to drink","to drink"],"emoji":"🥤"}'::jsonb, '喝 = to drink', 12),
  ('lesson-fb-3-ex-13', 'lesson-fb-3', 'hanzi_to_english', 'Type the English meaning', '{"hanzi":"时间","pinyin":"shíjiān","acceptedAnswers":["time","time"],"emoji":"⏰"}'::jsonb, '时间 = time', 13),
  ('lesson-fb-3-ex-14', 'lesson-fb-3', 'hanzi_to_english', 'Type the English meaning', '{"hanzi":"我","pinyin":"wǒ","acceptedAnswers":["I / me","I"],"emoji":"🙋"}'::jsonb, '我 = I / me', 14),
  ('lesson-fb-3-ex-15', 'lesson-fb-3', 'english_to_hanzi_word_bank', 'Build the hanzi for this word', '{"english":"to get up","wordBank":["起","间","吃","床","我","时","喝"],"correctAnswer":["起","床"]}'::jsonb, 'The hanzi for "to get up" is 起床.', 15),
  ('lesson-fb-3-ex-16', 'lesson-fb-3', 'english_to_hanzi_word_bank', 'Build the hanzi for this word', '{"english":"to eat","wordBank":["吃","床","喝","起","我","间","时"],"correctAnswer":["吃"]}'::jsonb, 'The hanzi for "to eat" is 吃.', 16),
  ('lesson-fb-3-ex-17', 'lesson-fb-3', 'reverse_pinyin', 'Which hanzi matches this pinyin?', '{"pinyin":"hē","options":["起床","时间","吃","喝"],"correctAnswer":"喝"}'::jsonb, 'hē → 喝', 17),
  ('lesson-fb-3-ex-18', 'lesson-fb-3', 'reverse_pinyin', 'Which hanzi matches this pinyin?', '{"pinyin":"shíjiān","options":["时间","起床","我","吃"],"correctAnswer":"时间"}'::jsonb, 'shíjiān → 时间', 18),
  ('lesson-fb-3-ex-19', 'lesson-fb-3', 'match_pairs', 'Match each hanzi to its meaning', '{"pairs":[{"id":"v-wo","left":"我","right":"I"},{"id":"v-he","left":"喝","right":"to drink"},{"id":"v-shijian","left":"时间","right":"time"},{"id":"v-chi","left":"吃","right":"to eat"}]}'::jsonb, null, 19),
  ('lesson-fb-4-ex-0', 'lesson-fb-4', 'listening', 'Listen and select the meaning', '{"hanzi":"学校","options":["at / in / on","school","teacher","time"],"correctAnswer":"school","imageUrl":"/vocab/school.svg","pinyin":"xuéxiào","emoji":"🏫"}'::jsonb, 'You heard: 学校 (xuéxiào)', 0),
  ('lesson-fb-4-ex-1', 'lesson-fb-4', 'listening', 'Listen and select the meaning', '{"hanzi":"老师","options":["at / in / on","student","teacher","school"],"correctAnswer":"teacher","pinyin":"lǎoshī","emoji":"👩‍🏫"}'::jsonb, 'You heard: 老师 (lǎoshī)', 1),
  ('lesson-fb-4-ex-2', 'lesson-fb-4', 'listening', 'Listen and select the meaning', '{"hanzi":"学生","options":["time","teacher","school","student"],"correctAnswer":"student","pinyin":"xuéshēng","emoji":"🎓"}'::jsonb, 'You heard: 学生 (xuéshēng)', 2),
  ('lesson-fb-4-ex-3', 'lesson-fb-4', 'pinyin_recognition', 'Select the correct pinyin', '{"hanzi":"时间","options":["shíjiān","zài","lǎoshī","xuéshēng"],"correctAnswer":"shíjiān","emoji":"⏰"}'::jsonb, '时间 is pronounced shíjiān.', 3),
  ('lesson-fb-4-ex-4', 'lesson-fb-4', 'pinyin_recognition', 'Select the correct pinyin', '{"hanzi":"在","options":["shíjiān","lǎoshī","zài","xuéxiào"],"correctAnswer":"zài","emoji":"📌"}'::jsonb, '在 is pronounced zài.', 4),
  ('lesson-fb-4-ex-5', 'lesson-fb-4', 'pinyin_recognition', 'Select the correct pinyin', '{"hanzi":"学校","options":["lǎoshī","xuéxiào","zài","shíjiān"],"correctAnswer":"xuéxiào","imageUrl":"/vocab/school.svg","emoji":"🏫"}'::jsonb, '学校 is pronounced xuéxiào.', 5),
  ('lesson-fb-4-ex-6', 'lesson-fb-4', 'multiple_choice', 'Select the correct translation', '{"question":"What does \"老师\" mean?","options":["student","school","time","teacher"],"correctAnswer":"teacher","displayHanzi":"老师","pinyin":"lǎoshī","emoji":"👩‍🏫"}'::jsonb, '老师 (lǎoshī) means "teacher".', 6),
  ('lesson-fb-4-ex-7', 'lesson-fb-4', 'multiple_choice', 'Select the correct translation', '{"question":"What does \"学生\" mean?","options":["student","time","at / in / on","teacher"],"correctAnswer":"student","displayHanzi":"学生","pinyin":"xuéshēng","emoji":"🎓"}'::jsonb, '学生 (xuéshēng) means "student".', 7),
  ('lesson-fb-4-ex-8', 'lesson-fb-4', 'multiple_choice', 'Select the correct translation', '{"question":"What does \"时间\" mean?","options":["school","time","at / in / on","student"],"correctAnswer":"time","displayHanzi":"时间","pinyin":"shíjiān","emoji":"⏰"}'::jsonb, '时间 (shíjiān) means "time".', 8),
  ('lesson-fb-4-ex-9', 'lesson-fb-4', 'multiple_choice', 'Select the correct translation', '{"question":"What does \"在\" mean?","options":["student","teacher","school","at / in / on"],"correctAnswer":"at / in / on","displayHanzi":"在","pinyin":"zài","emoji":"📌"}'::jsonb, '在 (zài) means "at / in / on".', 9),
  ('lesson-fb-4-ex-10', 'lesson-fb-4', 'hanzi_to_english', 'Type the English meaning', '{"hanzi":"学校","pinyin":"xuéxiào","acceptedAnswers":["school","school"],"imageUrl":"/vocab/school.svg","emoji":"🏫"}'::jsonb, '学校 = school', 10),
  ('lesson-fb-4-ex-11', 'lesson-fb-4', 'hanzi_to_english', 'Type the English meaning', '{"hanzi":"老师","pinyin":"lǎoshī","acceptedAnswers":["teacher","teacher"],"emoji":"👩‍🏫"}'::jsonb, '老师 = teacher', 11),
  ('lesson-fb-4-ex-12', 'lesson-fb-4', 'hanzi_to_english', 'Type the English meaning', '{"hanzi":"学生","pinyin":"xuéshēng","acceptedAnswers":["student","student"],"emoji":"🎓"}'::jsonb, '学生 = student', 12),
  ('lesson-fb-4-ex-13', 'lesson-fb-4', 'hanzi_to_english', 'Type the English meaning', '{"hanzi":"时间","pinyin":"shíjiān","acceptedAnswers":["time","time"],"emoji":"⏰"}'::jsonb, '时间 = time', 13),
  ('lesson-fb-4-ex-14', 'lesson-fb-4', 'hanzi_to_english', 'Type the English meaning', '{"hanzi":"在","pinyin":"zài","acceptedAnswers":["at / in / on","at"],"emoji":"📌"}'::jsonb, '在 = at / in / on', 14),
  ('lesson-fb-4-ex-15', 'lesson-fb-4', 'english_to_hanzi_word_bank', 'Build the hanzi for this word', '{"english":"school","wordBank":["学","师","间","学","校","生","老","时","在"],"correctAnswer":["学","校"],"imageUrl":"/vocab/school.svg"}'::jsonb, 'The hanzi for "school" is 学校.', 15),
  ('lesson-fb-4-ex-16', 'lesson-fb-4', 'english_to_hanzi_word_bank', 'Build the hanzi for this word', '{"english":"teacher","wordBank":["校","在","师","生","学","时","老","学","间"],"correctAnswer":["老","师"]}'::jsonb, 'The hanzi for "teacher" is 老师.', 16),
  ('lesson-fb-4-ex-17', 'lesson-fb-4', 'reverse_pinyin', 'Which hanzi matches this pinyin?', '{"pinyin":"xuéshēng","options":["学生","老师","在","时间"],"correctAnswer":"学生"}'::jsonb, 'xuéshēng → 学生', 17),
  ('lesson-fb-4-ex-18', 'lesson-fb-4', 'reverse_pinyin', 'Which hanzi matches this pinyin?', '{"pinyin":"shíjiān","options":["学生","时间","学校","在"],"correctAnswer":"时间"}'::jsonb, 'shíjiān → 时间', 18),
  ('lesson-fb-4-ex-19', 'lesson-fb-4', 'match_pairs', 'Match each hanzi to its meaning', '{"pairs":[{"id":"v-shijian","left":"时间","right":"time"},{"id":"v-xuexiao","left":"学校","right":"school","imageUrl":"/vocab/school.svg"},{"id":"v-zai","left":"在","right":"at"},{"id":"v-xuesheng","left":"学生","right":"student"}]}'::jsonb, null, 19),
  ('lesson-fb-4-ex-20', 'lesson-fb-4', 'fill_in_blank', 'Fill in the missing character', '{"sentence":"我是___生。","blankIndex":2,"correctAnswer":"学","fullSentence":"我是学生。","fullPinyin":"Wǒ shì xuéshēng.","options":["学","老","时","在"]}'::jsonb, 'Subject + 是 + noun', 20),
  ('lesson-fc-1-ex-0', 'lesson-fc-1', 'listening', 'Listen and select the meaning', '{"hanzi":"水","options":["to want","water","tea","question particle"],"correctAnswer":"water","imageUrl":"/vocab/water.svg","pinyin":"shuǐ","emoji":"💧"}'::jsonb, 'You heard: 水 (shuǐ)', 0),
  ('lesson-fc-1-ex-1', 'lesson-fc-1', 'listening', 'Listen and select the meaning', '{"hanzi":"茶","options":["tea","question particle","to drink","water"],"correctAnswer":"tea","imageUrl":"/vocab/tea.svg","pinyin":"chá","emoji":"🍵"}'::jsonb, 'You heard: 茶 (chá)', 1),
  ('lesson-fc-1-ex-2', 'lesson-fc-1', 'listening', 'Listen and select the meaning', '{"hanzi":"喝","options":["to want","water","to drink","question particle"],"correctAnswer":"to drink","pinyin":"hē","emoji":"🥤"}'::jsonb, 'You heard: 喝 (hē)', 2),
  ('lesson-fc-1-ex-3', 'lesson-fc-1', 'pinyin_recognition', 'Select the correct pinyin', '{"hanzi":"要","options":["shuǐ","hē","chá","yào"],"correctAnswer":"yào","emoji":"🙋"}'::jsonb, '要 is pronounced yào.', 3),
  ('lesson-fc-1-ex-4', 'lesson-fc-1', 'pinyin_recognition', 'Select the correct pinyin', '{"hanzi":"吗","options":["ma","shuǐ","yào","chá"],"correctAnswer":"ma","emoji":"❓"}'::jsonb, '吗 is pronounced ma.', 4),
  ('lesson-fc-1-ex-5', 'lesson-fc-1', 'pinyin_recognition', 'Select the correct pinyin', '{"hanzi":"水","options":["chá","yào","shuǐ","ma"],"correctAnswer":"shuǐ","imageUrl":"/vocab/water.svg","emoji":"💧"}'::jsonb, '水 is pronounced shuǐ.', 5),
  ('lesson-fc-1-ex-6', 'lesson-fc-1', 'multiple_choice', 'Select the correct translation', '{"question":"What does \"茶\" mean?","options":["to want","water","to drink","tea"],"correctAnswer":"tea","displayHanzi":"茶","imageUrl":"/vocab/tea.svg","pinyin":"chá","emoji":"🍵"}'::jsonb, '茶 (chá) means "tea".', 6),
  ('lesson-fc-1-ex-7', 'lesson-fc-1', 'multiple_choice', 'Select the correct translation', '{"question":"What does \"喝\" mean?","options":["to drink","tea","question particle","water"],"correctAnswer":"to drink","displayHanzi":"喝","pinyin":"hē","emoji":"🥤"}'::jsonb, '喝 (hē) means "to drink".', 7),
  ('lesson-fc-1-ex-8', 'lesson-fc-1', 'multiple_choice', 'Select the correct translation', '{"question":"What does \"要\" mean?","options":["to want","question particle","tea","to drink"],"correctAnswer":"to want","displayHanzi":"要","pinyin":"yào","emoji":"🙋"}'::jsonb, '要 (yào) means "to want".', 8),
  ('lesson-fc-1-ex-9', 'lesson-fc-1', 'multiple_choice', 'Select the correct translation', '{"question":"What does \"吗\" mean?","options":["to drink","tea","water","question particle"],"correctAnswer":"question particle","displayHanzi":"吗","pinyin":"ma","emoji":"❓"}'::jsonb, '吗 (ma) means "question particle".', 9),
  ('lesson-fc-1-ex-10', 'lesson-fc-1', 'multiple_choice', 'Select the correct translation', '{"question":"What does \"水\" mean?","options":["tea","to drink","water","question particle"],"correctAnswer":"water","displayHanzi":"水","imageUrl":"/vocab/water.svg","pinyin":"shuǐ","emoji":"💧"}'::jsonb, '水 (shuǐ) means "water".', 10),
  ('lesson-fc-1-ex-11', 'lesson-fc-1', 'hanzi_to_english', 'Type the English meaning', '{"hanzi":"茶","pinyin":"chá","acceptedAnswers":["tea","tea"],"imageUrl":"/vocab/tea.svg","emoji":"🍵"}'::jsonb, '茶 = tea', 11),
  ('lesson-fc-1-ex-12', 'lesson-fc-1', 'hanzi_to_english', 'Type the English meaning', '{"hanzi":"喝","pinyin":"hē","acceptedAnswers":["to drink","to drink"],"emoji":"🥤"}'::jsonb, '喝 = to drink', 12),
  ('lesson-fc-1-ex-13', 'lesson-fc-1', 'hanzi_to_english', 'Type the English meaning', '{"hanzi":"要","pinyin":"yào","acceptedAnswers":["to want","to want"],"emoji":"🙋"}'::jsonb, '要 = to want', 13),
  ('lesson-fc-1-ex-14', 'lesson-fc-1', 'english_to_hanzi_word_bank', 'Build the hanzi for this word', '{"english":"question particle","wordBank":["喝","要","茶","吗","水"],"correctAnswer":["吗"]}'::jsonb, 'The hanzi for "question particle" is 吗.', 14),
  ('lesson-fc-1-ex-15', 'lesson-fc-1', 'reverse_pinyin', 'Which hanzi matches this pinyin?', '{"pinyin":"shuǐ","options":["茶","吗","水","喝"],"correctAnswer":"水"}'::jsonb, 'shuǐ → 水', 15),
  ('lesson-fc-1-ex-16', 'lesson-fc-1', 'reverse_pinyin', 'Which hanzi matches this pinyin?', '{"pinyin":"chá","options":["水","要","喝","茶"],"correctAnswer":"茶"}'::jsonb, 'chá → 茶', 16),
  ('lesson-fc-1-ex-17', 'lesson-fc-1', 'match_pairs', 'Match each hanzi to its meaning', '{"pairs":[{"id":"v-ma","left":"吗","right":"question particle"},{"id":"v-yao","left":"要","right":"to want"},{"id":"v-cha","left":"茶","right":"tea","imageUrl":"/vocab/tea.svg"},{"id":"v-shui","left":"水","right":"water","imageUrl":"/vocab/water.svg"}]}'::jsonb, null, 17),
  ('lesson-fc-2-ex-0', 'lesson-fc-2', 'listening', 'Listen and select the meaning', '{"hanzi":"包","options":["to want","rice","bun / wrap","please"],"correctAnswer":"bun / wrap","pinyin":"bāo","emoji":"🥟"}'::jsonb, 'You heard: 包 (bāo)', 0),
  ('lesson-fc-2-ex-1', 'lesson-fc-2', 'listening', 'Listen and select the meaning', '{"hanzi":"要","options":["bun / wrap","rice","to want","to eat"],"correctAnswer":"to want","pinyin":"yào","emoji":"🙋"}'::jsonb, 'You heard: 要 (yào)', 1),
  ('lesson-fc-2-ex-2', 'lesson-fc-2', 'listening', 'Listen and select the meaning', '{"hanzi":"吃","options":["rice","to eat","bun / wrap","please"],"correctAnswer":"to eat","pinyin":"chī","emoji":"🍽️"}'::jsonb, 'You heard: 吃 (chī)', 2),
  ('lesson-fc-2-ex-3', 'lesson-fc-2', 'pinyin_recognition', 'Select the correct pinyin', '{"hanzi":"请","options":["qǐng","yào","bāo","mǐfàn"],"correctAnswer":"qǐng","emoji":"🙏"}'::jsonb, '请 is pronounced qǐng.', 3),
  ('lesson-fc-2-ex-4', 'lesson-fc-2', 'pinyin_recognition', 'Select the correct pinyin', '{"hanzi":"米饭","options":["mǐfàn","bāo","yào","qǐng"],"correctAnswer":"mǐfàn","imageUrl":"/vocab/rice.svg","emoji":"🍚"}'::jsonb, '米饭 is pronounced mǐfàn.', 4),
  ('lesson-fc-2-ex-5', 'lesson-fc-2', 'pinyin_recognition', 'Select the correct pinyin', '{"hanzi":"包","options":["mǐfàn","bāo","yào","qǐng"],"correctAnswer":"bāo","emoji":"🥟"}'::jsonb, '包 is pronounced bāo.', 5),
  ('lesson-fc-2-ex-6', 'lesson-fc-2', 'multiple_choice', 'Select the correct translation', '{"question":"What does \"要\" mean?","options":["bun / wrap","to eat","please","to want"],"correctAnswer":"to want","displayHanzi":"要","pinyin":"yào","emoji":"🙋"}'::jsonb, '要 (yào) means "to want".', 6),
  ('lesson-fc-2-ex-7', 'lesson-fc-2', 'multiple_choice', 'Select the correct translation', '{"question":"What does \"吃\" mean?","options":["rice","to want","to eat","bun / wrap"],"correctAnswer":"to eat","displayHanzi":"吃","pinyin":"chī","emoji":"🍽️"}'::jsonb, '吃 (chī) means "to eat".', 7),
  ('lesson-fc-2-ex-8', 'lesson-fc-2', 'multiple_choice', 'Select the correct translation', '{"question":"What does \"请\" mean?","options":["bun / wrap","to want","to eat","please"],"correctAnswer":"please","displayHanzi":"请","pinyin":"qǐng","emoji":"🙏"}'::jsonb, '请 (qǐng) means "please".', 8),
  ('lesson-fc-2-ex-9', 'lesson-fc-2', 'multiple_choice', 'Select the correct translation', '{"question":"What does \"米饭\" mean?","options":["to want","to eat","bun / wrap","rice"],"correctAnswer":"rice","displayHanzi":"米饭","imageUrl":"/vocab/rice.svg","pinyin":"mǐfàn","emoji":"🍚"}'::jsonb, '米饭 (mǐfàn) means "rice".', 9),
  ('lesson-fc-2-ex-10', 'lesson-fc-2', 'multiple_choice', 'Select the correct translation', '{"question":"What does \"包\" mean?","options":["bun / wrap","rice","to want","to eat"],"correctAnswer":"bun / wrap","displayHanzi":"包","pinyin":"bāo","emoji":"🥟"}'::jsonb, '包 (bāo) means "bun / wrap".', 10),
  ('lesson-fc-2-ex-11', 'lesson-fc-2', 'hanzi_to_english', 'Type the English meaning', '{"hanzi":"要","pinyin":"yào","acceptedAnswers":["to want","to want"],"emoji":"🙋"}'::jsonb, '要 = to want', 11),
  ('lesson-fc-2-ex-12', 'lesson-fc-2', 'hanzi_to_english', 'Type the English meaning', '{"hanzi":"吃","pinyin":"chī","acceptedAnswers":["to eat","to eat"],"emoji":"🍽️"}'::jsonb, '吃 = to eat', 12),
  ('lesson-fc-2-ex-13', 'lesson-fc-2', 'hanzi_to_english', 'Type the English meaning', '{"hanzi":"请","pinyin":"qǐng","acceptedAnswers":["please","please"],"emoji":"🙏"}'::jsonb, '请 = please', 13),
  ('lesson-fc-2-ex-14', 'lesson-fc-2', 'english_to_hanzi_word_bank', 'Build the hanzi for this word', '{"english":"rice","wordBank":["吃","要","饭","请","米","包"],"correctAnswer":["米","饭"],"imageUrl":"/vocab/rice.svg"}'::jsonb, 'The hanzi for "rice" is 米饭.', 14),
  ('lesson-fc-2-ex-15', 'lesson-fc-2', 'english_to_hanzi_word_bank', 'Build the hanzi for this word', '{"english":"bun","wordBank":["米","包","吃","要","饭","请"],"correctAnswer":["包"]}'::jsonb, 'The hanzi for "bun / wrap" is 包.', 15),
  ('lesson-fc-2-ex-16', 'lesson-fc-2', 'reverse_pinyin', 'Which hanzi matches this pinyin?', '{"pinyin":"yào","options":["吃","包","请","要"],"correctAnswer":"要"}'::jsonb, 'yào → 要', 16),
  ('lesson-fc-2-ex-17', 'lesson-fc-2', 'reverse_pinyin', 'Which hanzi matches this pinyin?', '{"pinyin":"chī","options":["包","要","吃","米饭"],"correctAnswer":"吃"}'::jsonb, 'chī → 吃', 17),
  ('lesson-fc-2-ex-18', 'lesson-fc-2', 'match_pairs', 'Match each hanzi to its meaning', '{"pairs":[{"id":"v-bao","left":"包","right":"bun"},{"id":"v-chi","left":"吃","right":"to eat"},{"id":"v-mifan","left":"米饭","right":"rice","imageUrl":"/vocab/rice.svg"},{"id":"v-yao","left":"要","right":"to want"}]}'::jsonb, null, 18),
  ('lesson-fc-3-ex-0', 'lesson-fc-3', 'listening', 'Listen and select the meaning', '{"hanzi":"喜欢","options":["to not like","to eat","to like","tea"],"correctAnswer":"to like","pinyin":"xǐhuān","emoji":"❤️"}'::jsonb, 'You heard: 喜欢 (xǐhuān)', 0),
  ('lesson-fc-3-ex-1', 'lesson-fc-3', 'listening', 'Listen and select the meaning', '{"hanzi":"不喜欢","options":["to not like","to like","rice","to eat"],"correctAnswer":"to not like","pinyin":"bù xǐhuān","emoji":"💔"}'::jsonb, 'You heard: 不喜欢 (bù xǐhuān)', 1),
  ('lesson-fc-3-ex-2', 'lesson-fc-3', 'listening', 'Listen and select the meaning', '{"hanzi":"米饭","options":["tea","to like","rice","to eat"],"correctAnswer":"rice","imageUrl":"/vocab/rice.svg","pinyin":"mǐfàn","emoji":"🍚"}'::jsonb, 'You heard: 米饭 (mǐfàn)', 2),
  ('lesson-fc-3-ex-3', 'lesson-fc-3', 'pinyin_recognition', 'Select the correct pinyin', '{"hanzi":"茶","options":["chá","chī","bù xǐhuān","mǐfàn"],"correctAnswer":"chá","imageUrl":"/vocab/tea.svg","emoji":"🍵"}'::jsonb, '茶 is pronounced chá.', 3),
  ('lesson-fc-3-ex-4', 'lesson-fc-3', 'pinyin_recognition', 'Select the correct pinyin', '{"hanzi":"吃","options":["chá","bù xǐhuān","chī","mǐfàn"],"correctAnswer":"chī","emoji":"🍽️"}'::jsonb, '吃 is pronounced chī.', 4),
  ('lesson-fc-3-ex-5', 'lesson-fc-3', 'pinyin_recognition', 'Select the correct pinyin', '{"hanzi":"喜欢","options":["bù xǐhuān","xǐhuān","chá","chī"],"correctAnswer":"xǐhuān","emoji":"❤️"}'::jsonb, '喜欢 is pronounced xǐhuān.', 5),
  ('lesson-fc-3-ex-6', 'lesson-fc-3', 'multiple_choice', 'Select the correct translation', '{"question":"What does \"不喜欢\" mean?","options":["to like","rice","tea","to not like"],"correctAnswer":"to not like","displayHanzi":"不喜欢","pinyin":"bù xǐhuān","emoji":"💔"}'::jsonb, '不喜欢 (bù xǐhuān) means "to not like".', 6),
  ('lesson-fc-3-ex-7', 'lesson-fc-3', 'multiple_choice', 'Select the correct translation', '{"question":"What does \"米饭\" mean?","options":["rice","to not like","to eat","to like"],"correctAnswer":"rice","displayHanzi":"米饭","imageUrl":"/vocab/rice.svg","pinyin":"mǐfàn","emoji":"🍚"}'::jsonb, '米饭 (mǐfàn) means "rice".', 7),
  ('lesson-fc-3-ex-8', 'lesson-fc-3', 'multiple_choice', 'Select the correct translation', '{"question":"What does \"茶\" mean?","options":["to eat","tea","to like","rice"],"correctAnswer":"tea","displayHanzi":"茶","imageUrl":"/vocab/tea.svg","pinyin":"chá","emoji":"🍵"}'::jsonb, '茶 (chá) means "tea".', 8),
  ('lesson-fc-3-ex-9', 'lesson-fc-3', 'multiple_choice', 'Select the correct translation', '{"question":"What does \"吃\" mean?","options":["tea","to eat","to like","rice"],"correctAnswer":"to eat","displayHanzi":"吃","pinyin":"chī","emoji":"🍽️"}'::jsonb, '吃 (chī) means "to eat".', 9),
  ('lesson-fc-3-ex-10', 'lesson-fc-3', 'hanzi_to_english', 'Type the English meaning', '{"hanzi":"喜欢","pinyin":"xǐhuān","acceptedAnswers":["to like","to like"],"emoji":"❤️"}'::jsonb, '喜欢 = to like', 10),
  ('lesson-fc-3-ex-11', 'lesson-fc-3', 'hanzi_to_english', 'Type the English meaning', '{"hanzi":"不喜欢","pinyin":"bù xǐhuān","acceptedAnswers":["to not like","to not like"],"emoji":"💔"}'::jsonb, '不喜欢 = to not like', 11),
  ('lesson-fc-3-ex-12', 'lesson-fc-3', 'hanzi_to_english', 'Type the English meaning', '{"hanzi":"米饭","pinyin":"mǐfàn","acceptedAnswers":["rice","rice"],"imageUrl":"/vocab/rice.svg","emoji":"🍚"}'::jsonb, '米饭 = rice', 12),
  ('lesson-fc-3-ex-13', 'lesson-fc-3', 'hanzi_to_english', 'Type the English meaning', '{"hanzi":"茶","pinyin":"chá","acceptedAnswers":["tea","tea"],"imageUrl":"/vocab/tea.svg","emoji":"🍵"}'::jsonb, '茶 = tea', 13),
  ('lesson-fc-3-ex-14', 'lesson-fc-3', 'hanzi_to_english', 'Type the English meaning', '{"hanzi":"吃","pinyin":"chī","acceptedAnswers":["to eat","to eat"],"emoji":"🍽️"}'::jsonb, '吃 = to eat', 14),
  ('lesson-fc-3-ex-15', 'lesson-fc-3', 'english_to_hanzi_word_bank', 'Build the hanzi for this word', '{"english":"to like","wordBank":["喜","吃","欢","喜","饭","不","茶","米","欢"],"correctAnswer":["喜","欢"]}'::jsonb, 'The hanzi for "to like" is 喜欢.', 15),
  ('lesson-fc-3-ex-16', 'lesson-fc-3', 'english_to_hanzi_word_bank', 'Build the hanzi for this word', '{"english":"to not like","wordBank":["喜","喜","欢","米","饭","欢","吃","茶","不"],"correctAnswer":["不","喜","欢"]}'::jsonb, 'The hanzi for "to not like" is 不喜欢.', 16),
  ('lesson-fc-3-ex-17', 'lesson-fc-3', 'reverse_pinyin', 'Which hanzi matches this pinyin?', '{"pinyin":"mǐfàn","options":["米饭","不喜欢","喜欢","吃"],"correctAnswer":"米饭"}'::jsonb, 'mǐfàn → 米饭', 17),
  ('lesson-fc-3-ex-18', 'lesson-fc-3', 'reverse_pinyin', 'Which hanzi matches this pinyin?', '{"pinyin":"chá","options":["喜欢","茶","米饭","吃"],"correctAnswer":"茶"}'::jsonb, 'chá → 茶', 18),
  ('lesson-fc-3-ex-19', 'lesson-fc-3', 'match_pairs', 'Match each hanzi to its meaning', '{"pairs":[{"id":"v-cha","left":"茶","right":"tea","imageUrl":"/vocab/tea.svg"},{"id":"v-xihuan","left":"喜欢","right":"to like"},{"id":"v-buxihuan","left":"不喜欢","right":"to not like"},{"id":"v-mifan","left":"米饭","right":"rice","imageUrl":"/vocab/rice.svg"}]}'::jsonb, null, 19),
  ('lesson-fc-3-ex-20', 'lesson-fc-3', 'fill_in_blank', 'Fill in the missing character', '{"sentence":"我___欢喝茶。","blankIndex":1,"correctAnswer":"喜","fullSentence":"我喜欢喝茶。","fullPinyin":"Wǒ xǐhuān hē chá.","options":["喜","米","吃","不"]}'::jsonb, 'Full sentence: 我喜欢喝茶。 — I like to drink tea.', 20),
  ('lesson-fc-4-ex-0', 'lesson-fc-4', 'listening', 'Listen and select the meaning', '{"hanzi":"请","options":["rice","to eat","please","to drink"],"correctAnswer":"please","pinyin":"qǐng","emoji":"🙏"}'::jsonb, 'You heard: 请 (qǐng)', 0),
  ('lesson-fc-4-ex-1', 'lesson-fc-4', 'listening', 'Listen and select the meaning', '{"hanzi":"要","options":["to want","rice","to drink","to eat"],"correctAnswer":"to want","pinyin":"yào","emoji":"🙋"}'::jsonb, 'You heard: 要 (yào)', 1),
  ('lesson-fc-4-ex-2', 'lesson-fc-4', 'listening', 'Listen and select the meaning', '{"hanzi":"吃","options":["please","to drink","to want","to eat"],"correctAnswer":"to eat","pinyin":"chī","emoji":"🍽️"}'::jsonb, 'You heard: 吃 (chī)', 2),
  ('lesson-fc-4-ex-3', 'lesson-fc-4', 'pinyin_recognition', 'Select the correct pinyin', '{"hanzi":"喝","options":["hē","mǐfàn","chī","yào"],"correctAnswer":"hē","emoji":"🥤"}'::jsonb, '喝 is pronounced hē.', 3),
  ('lesson-fc-4-ex-4', 'lesson-fc-4', 'pinyin_recognition', 'Select the correct pinyin', '{"hanzi":"米饭","options":["mǐfàn","yào","hē","chī"],"correctAnswer":"mǐfàn","imageUrl":"/vocab/rice.svg","emoji":"🍚"}'::jsonb, '米饭 is pronounced mǐfàn.', 4),
  ('lesson-fc-4-ex-5', 'lesson-fc-4', 'pinyin_recognition', 'Select the correct pinyin', '{"hanzi":"请","options":["qǐng","mǐfàn","chī","hē"],"correctAnswer":"qǐng","emoji":"🙏"}'::jsonb, '请 is pronounced qǐng.', 5),
  ('lesson-fc-4-ex-6', 'lesson-fc-4', 'multiple_choice', 'Select the correct translation', '{"question":"What does \"要\" mean?","options":["please","to drink","to want","rice"],"correctAnswer":"to want","displayHanzi":"要","pinyin":"yào","emoji":"🙋"}'::jsonb, '要 (yào) means "to want".', 6),
  ('lesson-fc-4-ex-7', 'lesson-fc-4', 'multiple_choice', 'Select the correct translation', '{"question":"What does \"吃\" mean?","options":["to eat","to want","rice","to drink"],"correctAnswer":"to eat","displayHanzi":"吃","pinyin":"chī","emoji":"🍽️"}'::jsonb, '吃 (chī) means "to eat".', 7),
  ('lesson-fc-4-ex-8', 'lesson-fc-4', 'multiple_choice', 'Select the correct translation', '{"question":"What does \"喝\" mean?","options":["to eat","to drink","please","rice"],"correctAnswer":"to drink","displayHanzi":"喝","pinyin":"hē","emoji":"🥤"}'::jsonb, '喝 (hē) means "to drink".', 8),
  ('lesson-fc-4-ex-9', 'lesson-fc-4', 'multiple_choice', 'Select the correct translation', '{"question":"What does \"米饭\" mean?","options":["please","rice","to drink","to eat"],"correctAnswer":"rice","displayHanzi":"米饭","imageUrl":"/vocab/rice.svg","pinyin":"mǐfàn","emoji":"🍚"}'::jsonb, '米饭 (mǐfàn) means "rice".', 9),
  ('lesson-fc-4-ex-10', 'lesson-fc-4', 'hanzi_to_english', 'Type the English meaning', '{"hanzi":"请","pinyin":"qǐng","acceptedAnswers":["please","please"],"emoji":"🙏"}'::jsonb, '请 = please', 10),
  ('lesson-fc-4-ex-11', 'lesson-fc-4', 'hanzi_to_english', 'Type the English meaning', '{"hanzi":"要","pinyin":"yào","acceptedAnswers":["to want","to want"],"emoji":"🙋"}'::jsonb, '要 = to want', 11),
  ('lesson-fc-4-ex-12', 'lesson-fc-4', 'hanzi_to_english', 'Type the English meaning', '{"hanzi":"吃","pinyin":"chī","acceptedAnswers":["to eat","to eat"],"emoji":"🍽️"}'::jsonb, '吃 = to eat', 12),
  ('lesson-fc-4-ex-13', 'lesson-fc-4', 'hanzi_to_english', 'Type the English meaning', '{"hanzi":"喝","pinyin":"hē","acceptedAnswers":["to drink","to drink"],"emoji":"🥤"}'::jsonb, '喝 = to drink', 13),
  ('lesson-fc-4-ex-14', 'lesson-fc-4', 'hanzi_to_english', 'Type the English meaning', '{"hanzi":"米饭","pinyin":"mǐfàn","acceptedAnswers":["rice","rice"],"imageUrl":"/vocab/rice.svg","emoji":"🍚"}'::jsonb, '米饭 = rice', 14),
  ('lesson-fc-4-ex-15', 'lesson-fc-4', 'english_to_hanzi_word_bank', 'Build the hanzi for this word', '{"english":"please","wordBank":["请","米","吃","要","饭","喝"],"correctAnswer":["请"]}'::jsonb, 'The hanzi for "please" is 请.', 15),
  ('lesson-fc-4-ex-16', 'lesson-fc-4', 'english_to_hanzi_word_bank', 'Build the hanzi for this word', '{"english":"to want","wordBank":["要","吃","米","请","饭","喝"],"correctAnswer":["要"]}'::jsonb, 'The hanzi for "to want" is 要.', 16),
  ('lesson-fc-4-ex-17', 'lesson-fc-4', 'reverse_pinyin', 'Which hanzi matches this pinyin?', '{"pinyin":"chī","options":["吃","喝","米饭","要"],"correctAnswer":"吃"}'::jsonb, 'chī → 吃', 17),
  ('lesson-fc-4-ex-18', 'lesson-fc-4', 'reverse_pinyin', 'Which hanzi matches this pinyin?', '{"pinyin":"hē","options":["请","喝","吃","米饭"],"correctAnswer":"喝"}'::jsonb, 'hē → 喝', 18),
  ('lesson-fc-4-ex-19', 'lesson-fc-4', 'match_pairs', 'Match each hanzi to its meaning', '{"pairs":[{"id":"v-chi","left":"吃","right":"to eat"},{"id":"v-yao","left":"要","right":"to want"},{"id":"v-qing","left":"请","right":"please"},{"id":"v-he","left":"喝","right":"to drink"}]}'::jsonb, null, 19),
  ('lesson-fc-4-ex-20', 'lesson-fc-4', 'fill_in_blank', 'Fill in the missing character', '{"sentence":"___给我米饭。","blankIndex":0,"correctAnswer":"请","fullSentence":"请给我米饭。","fullPinyin":"Qǐng gěi wǒ mǐfàn.","options":["吃","要","请","喝"]}'::jsonb, 'Full sentence: 请给我米饭。 — Please give me rice.', 20),
  ('lesson-fd-1-ex-0', 'lesson-fd-1', 'listening', 'Listen and select the meaning', '{"hanzi":"多少","options":["how much / how many","that","this","to buy"],"correctAnswer":"how much / how many","pinyin":"duōshao","emoji":"💲"}'::jsonb, 'You heard: 多少 (duōshao)', 0),
  ('lesson-fd-1-ex-1', 'lesson-fd-1', 'listening', 'Listen and select the meaning', '{"hanzi":"钱","options":["money","how much / how many","that","to buy"],"correctAnswer":"money","imageUrl":"/vocab/money.svg","pinyin":"qián","emoji":"💰"}'::jsonb, 'You heard: 钱 (qián)', 1),
  ('lesson-fd-1-ex-2', 'lesson-fd-1', 'listening', 'Listen and select the meaning', '{"hanzi":"买","options":["to buy","that","this","money"],"correctAnswer":"to buy","pinyin":"mǎi","emoji":"🛒"}'::jsonb, 'You heard: 买 (mǎi)', 2),
  ('lesson-fd-1-ex-3', 'lesson-fd-1', 'pinyin_recognition', 'Select the correct pinyin', '{"hanzi":"这","options":["zhè","duōshao","nà","qián"],"correctAnswer":"zhè","emoji":"👉"}'::jsonb, '这 is pronounced zhè.', 3),
  ('lesson-fd-1-ex-4', 'lesson-fd-1', 'pinyin_recognition', 'Select the correct pinyin', '{"hanzi":"那","options":["nà","zhè","mǎi","qián"],"correctAnswer":"nà","emoji":"👈"}'::jsonb, '那 is pronounced nà.', 4),
  ('lesson-fd-1-ex-5', 'lesson-fd-1', 'pinyin_recognition', 'Select the correct pinyin', '{"hanzi":"多少","options":["zhè","nà","duōshao","mǎi"],"correctAnswer":"duōshao","emoji":"💲"}'::jsonb, '多少 is pronounced duōshao.', 5),
  ('lesson-fd-1-ex-6', 'lesson-fd-1', 'multiple_choice', 'Select the correct translation', '{"question":"What does \"钱\" mean?","options":["how much / how many","this","to buy","money"],"correctAnswer":"money","displayHanzi":"钱","imageUrl":"/vocab/money.svg","pinyin":"qián","emoji":"💰"}'::jsonb, '钱 (qián) means "money".', 6),
  ('lesson-fd-1-ex-7', 'lesson-fd-1', 'multiple_choice', 'Select the correct translation', '{"question":"What does \"买\" mean?","options":["how much / how many","this","to buy","that"],"correctAnswer":"to buy","displayHanzi":"买","pinyin":"mǎi","emoji":"🛒"}'::jsonb, '买 (mǎi) means "to buy".', 7),
  ('lesson-fd-1-ex-8', 'lesson-fd-1', 'multiple_choice', 'Select the correct translation', '{"question":"What does \"这\" mean?","options":["to buy","money","how much / how many","this"],"correctAnswer":"this","displayHanzi":"这","pinyin":"zhè","emoji":"👉"}'::jsonb, '这 (zhè) means "this".', 8),
  ('lesson-fd-1-ex-9', 'lesson-fd-1', 'multiple_choice', 'Select the correct translation', '{"question":"What does \"那\" mean?","options":["to buy","how much / how many","that","this"],"correctAnswer":"that","displayHanzi":"那","pinyin":"nà","emoji":"👈"}'::jsonb, '那 (nà) means "that".', 9),
  ('lesson-fd-1-ex-10', 'lesson-fd-1', 'multiple_choice', 'Select the correct translation', '{"question":"What does \"多少\" mean?","options":["money","how much / how many","this","that"],"correctAnswer":"how much / how many","displayHanzi":"多少","pinyin":"duōshao","emoji":"💲"}'::jsonb, '多少 (duōshao) means "how much / how many".', 10),
  ('lesson-fd-1-ex-11', 'lesson-fd-1', 'hanzi_to_english', 'Type the English meaning', '{"hanzi":"钱","pinyin":"qián","acceptedAnswers":["money","money"],"imageUrl":"/vocab/money.svg","emoji":"💰"}'::jsonb, '钱 = money', 11),
  ('lesson-fd-1-ex-12', 'lesson-fd-1', 'hanzi_to_english', 'Type the English meaning', '{"hanzi":"买","pinyin":"mǎi","acceptedAnswers":["to buy","to buy"],"emoji":"🛒"}'::jsonb, '买 = to buy', 12),
  ('lesson-fd-1-ex-13', 'lesson-fd-1', 'hanzi_to_english', 'Type the English meaning', '{"hanzi":"这","pinyin":"zhè","acceptedAnswers":["this","this"],"emoji":"👉"}'::jsonb, '这 = this', 13),
  ('lesson-fd-1-ex-14', 'lesson-fd-1', 'english_to_hanzi_word_bank', 'Build the hanzi for this word', '{"english":"that","wordBank":["那","钱","这","买","少","多"],"correctAnswer":["那"]}'::jsonb, 'The hanzi for "that" is 那.', 14),
  ('lesson-fd-1-ex-15', 'lesson-fd-1', 'reverse_pinyin', 'Which hanzi matches this pinyin?', '{"pinyin":"duōshao","options":["这","多少","钱","那"],"correctAnswer":"多少"}'::jsonb, 'duōshao → 多少', 15),
  ('lesson-fd-1-ex-16', 'lesson-fd-1', 'reverse_pinyin', 'Which hanzi matches this pinyin?', '{"pinyin":"qián","options":["这","多少","买","钱"],"correctAnswer":"钱"}'::jsonb, 'qián → 钱', 16),
  ('lesson-fd-1-ex-17', 'lesson-fd-1', 'match_pairs', 'Match each hanzi to its meaning', '{"pairs":[{"id":"v-na","left":"那","right":"that"},{"id":"v-mai","left":"买","right":"to buy"},{"id":"v-zhe","left":"这","right":"this"},{"id":"v-qian","left":"钱","right":"money","imageUrl":"/vocab/money.svg"}]}'::jsonb, null, 17),
  ('lesson-fd-2-ex-0', 'lesson-fd-2', 'listening', 'Listen and select the meaning', '{"hanzi":"哪里","options":["where","that","to not have","to have"],"correctAnswer":"where","pinyin":"nǎlǐ","emoji":"📍"}'::jsonb, 'You heard: 哪里 (nǎlǐ)', 0),
  ('lesson-fd-2-ex-1', 'lesson-fd-2', 'listening', 'Listen and select the meaning', '{"hanzi":"在","options":["where","to have","at / in / on","that"],"correctAnswer":"at / in / on","pinyin":"zài","emoji":"📌"}'::jsonb, 'You heard: 在 (zài)', 1),
  ('lesson-fd-2-ex-2', 'lesson-fd-2', 'listening', 'Listen and select the meaning', '{"hanzi":"有","options":["to not have","to have","where","that"],"correctAnswer":"to have","pinyin":"yǒu","emoji":"✔️"}'::jsonb, 'You heard: 有 (yǒu)', 2),
  ('lesson-fd-2-ex-3', 'lesson-fd-2', 'pinyin_recognition', 'Select the correct pinyin', '{"hanzi":"没有","options":["nà","zài","méiyǒu","nǎlǐ"],"correctAnswer":"méiyǒu","emoji":"❌"}'::jsonb, '没有 is pronounced méiyǒu.', 3),
  ('lesson-fd-2-ex-4', 'lesson-fd-2', 'pinyin_recognition', 'Select the correct pinyin', '{"hanzi":"那","options":["méiyǒu","nà","nǎlǐ","yǒu"],"correctAnswer":"nà","emoji":"👈"}'::jsonb, '那 is pronounced nà.', 4),
  ('lesson-fd-2-ex-5', 'lesson-fd-2', 'pinyin_recognition', 'Select the correct pinyin', '{"hanzi":"哪里","options":["nǎlǐ","méiyǒu","nà","yǒu"],"correctAnswer":"nǎlǐ","emoji":"📍"}'::jsonb, '哪里 is pronounced nǎlǐ.', 5),
  ('lesson-fd-2-ex-6', 'lesson-fd-2', 'multiple_choice', 'Select the correct translation', '{"question":"What does \"在\" mean?","options":["where","to have","to not have","at / in / on"],"correctAnswer":"at / in / on","displayHanzi":"在","pinyin":"zài","emoji":"📌"}'::jsonb, '在 (zài) means "at / in / on".', 6),
  ('lesson-fd-2-ex-7', 'lesson-fd-2', 'multiple_choice', 'Select the correct translation', '{"question":"What does \"有\" mean?","options":["that","at / in / on","to have","where"],"correctAnswer":"to have","displayHanzi":"有","pinyin":"yǒu","emoji":"✔️"}'::jsonb, '有 (yǒu) means "to have".', 7),
  ('lesson-fd-2-ex-8', 'lesson-fd-2', 'multiple_choice', 'Select the correct translation', '{"question":"What does \"没有\" mean?","options":["to have","at / in / on","where","to not have"],"correctAnswer":"to not have","displayHanzi":"没有","pinyin":"méiyǒu","emoji":"❌"}'::jsonb, '没有 (méiyǒu) means "to not have".', 8),
  ('lesson-fd-2-ex-9', 'lesson-fd-2', 'multiple_choice', 'Select the correct translation', '{"question":"What does \"那\" mean?","options":["that","to not have","where","at / in / on"],"correctAnswer":"that","displayHanzi":"那","pinyin":"nà","emoji":"👈"}'::jsonb, '那 (nà) means "that".', 9),
  ('lesson-fd-2-ex-10', 'lesson-fd-2', 'multiple_choice', 'Select the correct translation', '{"question":"What does \"哪里\" mean?","options":["at / in / on","where","to not have","that"],"correctAnswer":"where","displayHanzi":"哪里","pinyin":"nǎlǐ","emoji":"📍"}'::jsonb, '哪里 (nǎlǐ) means "where".', 10),
  ('lesson-fd-2-ex-11', 'lesson-fd-2', 'hanzi_to_english', 'Type the English meaning', '{"hanzi":"在","pinyin":"zài","acceptedAnswers":["at / in / on","at"],"emoji":"📌"}'::jsonb, '在 = at / in / on', 11),
  ('lesson-fd-2-ex-12', 'lesson-fd-2', 'hanzi_to_english', 'Type the English meaning', '{"hanzi":"有","pinyin":"yǒu","acceptedAnswers":["to have","to have"],"emoji":"✔️"}'::jsonb, '有 = to have', 12),
  ('lesson-fd-2-ex-13', 'lesson-fd-2', 'hanzi_to_english', 'Type the English meaning', '{"hanzi":"没有","pinyin":"méiyǒu","acceptedAnswers":["to not have","to not have"],"emoji":"❌"}'::jsonb, '没有 = to not have', 13),
  ('lesson-fd-2-ex-14', 'lesson-fd-2', 'english_to_hanzi_word_bank', 'Build the hanzi for this word', '{"english":"that","wordBank":["那","在","没","有","有","里","哪"],"correctAnswer":["那"]}'::jsonb, 'The hanzi for "that" is 那.', 14),
  ('lesson-fd-2-ex-15', 'lesson-fd-2', 'english_to_hanzi_word_bank', 'Build the hanzi for this word', '{"english":"where","wordBank":["有","在","没","有","里","那","哪"],"correctAnswer":["哪","里"]}'::jsonb, 'The hanzi for "where" is 哪里.', 15),
  ('lesson-fd-2-ex-16', 'lesson-fd-2', 'reverse_pinyin', 'Which hanzi matches this pinyin?', '{"pinyin":"zài","options":["没有","哪里","有","在"],"correctAnswer":"在"}'::jsonb, 'zài → 在', 16),
  ('lesson-fd-2-ex-17', 'lesson-fd-2', 'reverse_pinyin', 'Which hanzi matches this pinyin?', '{"pinyin":"yǒu","options":["哪里","在","有","那"],"correctAnswer":"有"}'::jsonb, 'yǒu → 有', 17),
  ('lesson-fd-2-ex-18', 'lesson-fd-2', 'match_pairs', 'Match each hanzi to its meaning', '{"pairs":[{"id":"v-na","left":"那","right":"that"},{"id":"v-meiyou","left":"没有","right":"to not have"},{"id":"v-nali","left":"哪里","right":"where"},{"id":"v-you","left":"有","right":"to have"}]}'::jsonb, null, 18),
  ('lesson-fd-3-ex-0', 'lesson-fd-3', 'listening', 'Listen and select the meaning', '{"hanzi":"家","options":["very","big","family / home","at / in / on"],"correctAnswer":"family / home","imageUrl":"/vocab/home.svg","pinyin":"jiā","emoji":"🏠"}'::jsonb, 'You heard: 家 (jiā)', 0),
  ('lesson-fd-3-ex-1', 'lesson-fd-3', 'listening', 'Listen and select the meaning', '{"hanzi":"大","options":["at / in / on","small","big","very"],"correctAnswer":"big","pinyin":"dà","emoji":"🐘"}'::jsonb, 'You heard: 大 (dà)', 1),
  ('lesson-fd-3-ex-2', 'lesson-fd-3', 'listening', 'Listen and select the meaning', '{"hanzi":"小","options":["small","big","at / in / on","family / home"],"correctAnswer":"small","pinyin":"xiǎo","emoji":"🐜"}'::jsonb, 'You heard: 小 (xiǎo)', 2),
  ('lesson-fd-3-ex-3', 'lesson-fd-3', 'pinyin_recognition', 'Select the correct pinyin', '{"hanzi":"很","options":["jiā","dà","hěn","zài"],"correctAnswer":"hěn","emoji":"💯"}'::jsonb, '很 is pronounced hěn.', 3),
  ('lesson-fd-3-ex-4', 'lesson-fd-3', 'pinyin_recognition', 'Select the correct pinyin', '{"hanzi":"在","options":["jiā","zài","xiǎo","hěn"],"correctAnswer":"zài","emoji":"📌"}'::jsonb, '在 is pronounced zài.', 4),
  ('lesson-fd-3-ex-5', 'lesson-fd-3', 'pinyin_recognition', 'Select the correct pinyin', '{"hanzi":"家","options":["hěn","jiā","dà","zài"],"correctAnswer":"jiā","imageUrl":"/vocab/home.svg","emoji":"🏠"}'::jsonb, '家 is pronounced jiā.', 5),
  ('lesson-fd-3-ex-6', 'lesson-fd-3', 'multiple_choice', 'Select the correct translation', '{"question":"What does \"大\" mean?","options":["very","big","family / home","at / in / on"],"correctAnswer":"big","displayHanzi":"大","pinyin":"dà","emoji":"🐘"}'::jsonb, '大 (dà) means "big".', 6),
  ('lesson-fd-3-ex-7', 'lesson-fd-3', 'multiple_choice', 'Select the correct translation', '{"question":"What does \"小\" mean?","options":["family / home","big","very","small"],"correctAnswer":"small","displayHanzi":"小","pinyin":"xiǎo","emoji":"🐜"}'::jsonb, '小 (xiǎo) means "small".', 7),
  ('lesson-fd-3-ex-8', 'lesson-fd-3', 'multiple_choice', 'Select the correct translation', '{"question":"What does \"很\" mean?","options":["family / home","big","small","very"],"correctAnswer":"very","displayHanzi":"很","pinyin":"hěn","emoji":"💯"}'::jsonb, '很 (hěn) means "very".', 8),
  ('lesson-fd-3-ex-9', 'lesson-fd-3', 'multiple_choice', 'Select the correct translation', '{"question":"What does \"在\" mean?","options":["family / home","big","at / in / on","very"],"correctAnswer":"at / in / on","displayHanzi":"在","pinyin":"zài","emoji":"📌"}'::jsonb, '在 (zài) means "at / in / on".', 9),
  ('lesson-fd-3-ex-10', 'lesson-fd-3', 'hanzi_to_english', 'Type the English meaning', '{"hanzi":"家","pinyin":"jiā","acceptedAnswers":["family / home","family"],"imageUrl":"/vocab/home.svg","emoji":"🏠"}'::jsonb, '家 = family / home', 10),
  ('lesson-fd-3-ex-11', 'lesson-fd-3', 'hanzi_to_english', 'Type the English meaning', '{"hanzi":"大","pinyin":"dà","acceptedAnswers":["big","big"],"emoji":"🐘"}'::jsonb, '大 = big', 11),
  ('lesson-fd-3-ex-12', 'lesson-fd-3', 'hanzi_to_english', 'Type the English meaning', '{"hanzi":"小","pinyin":"xiǎo","acceptedAnswers":["small","small"],"emoji":"🐜"}'::jsonb, '小 = small', 12),
  ('lesson-fd-3-ex-13', 'lesson-fd-3', 'hanzi_to_english', 'Type the English meaning', '{"hanzi":"很","pinyin":"hěn","acceptedAnswers":["very","very"],"emoji":"💯"}'::jsonb, '很 = very', 13),
  ('lesson-fd-3-ex-14', 'lesson-fd-3', 'hanzi_to_english', 'Type the English meaning', '{"hanzi":"在","pinyin":"zài","acceptedAnswers":["at / in / on","at"],"emoji":"📌"}'::jsonb, '在 = at / in / on', 14),
  ('lesson-fd-3-ex-15', 'lesson-fd-3', 'english_to_hanzi_word_bank', 'Build the hanzi for this word', '{"english":"family","wordBank":["小","在","家","大","很"],"correctAnswer":["家"],"imageUrl":"/vocab/home.svg"}'::jsonb, 'The hanzi for "family / home" is 家.', 15),
  ('lesson-fd-3-ex-16', 'lesson-fd-3', 'english_to_hanzi_word_bank', 'Build the hanzi for this word', '{"english":"big","wordBank":["家","很","小","在","大"],"correctAnswer":["大"]}'::jsonb, 'The hanzi for "big" is 大.', 16),
  ('lesson-fd-3-ex-17', 'lesson-fd-3', 'reverse_pinyin', 'Which hanzi matches this pinyin?', '{"pinyin":"xiǎo","options":["家","很","大","小"],"correctAnswer":"小"}'::jsonb, 'xiǎo → 小', 17),
  ('lesson-fd-3-ex-18', 'lesson-fd-3', 'reverse_pinyin', 'Which hanzi matches this pinyin?', '{"pinyin":"hěn","options":["家","小","大","很"],"correctAnswer":"很"}'::jsonb, 'hěn → 很', 18),
  ('lesson-fd-3-ex-19', 'lesson-fd-3', 'match_pairs', 'Match each hanzi to its meaning', '{"pairs":[{"id":"v-zai","left":"在","right":"at"},{"id":"v-da","left":"大","right":"big"},{"id":"v-jia","left":"家","right":"family","imageUrl":"/vocab/home.svg"},{"id":"v-hen","left":"很","right":"very"}]}'::jsonb, null, 19),
  ('lesson-fd-3-ex-20', 'lesson-fd-3', 'fill_in_blank', 'Fill in the missing character', '{"sentence":"我的___很大。","blankIndex":2,"correctAnswer":"家","fullSentence":"我的家很大。","fullPinyin":"Wǒ de jiā hěn dà.","options":["很","大","在","家"]}'::jsonb, 'Full sentence: 我的家很大。 — My home is very big.', 20),
  ('lesson-fd-4-ex-0', 'lesson-fd-4', 'listening', 'Listen and select the meaning', '{"hanzi":"店","options":["how much / how many","shop / store","to buy","car / vehicle"],"correctAnswer":"shop / store","pinyin":"diàn","emoji":"🏪"}'::jsonb, 'You heard: 店 (diàn)', 0),
  ('lesson-fd-4-ex-1', 'lesson-fd-4', 'listening', 'Listen and select the meaning', '{"hanzi":"买","options":["how much / how many","shop / store","to buy","car / vehicle"],"correctAnswer":"to buy","pinyin":"mǎi","emoji":"🛒"}'::jsonb, 'You heard: 买 (mǎi)', 1),
  ('lesson-fd-4-ex-2', 'lesson-fd-4', 'listening', 'Listen and select the meaning', '{"hanzi":"钱","options":["shop / store","money","how much / how many","car / vehicle"],"correctAnswer":"money","imageUrl":"/vocab/money.svg","pinyin":"qián","emoji":"💰"}'::jsonb, 'You heard: 钱 (qián)', 2),
  ('lesson-fd-4-ex-3', 'lesson-fd-4', 'pinyin_recognition', 'Select the correct pinyin', '{"hanzi":"多少","options":["qián","diàn","duōshao","chē"],"correctAnswer":"duōshao","emoji":"💲"}'::jsonb, '多少 is pronounced duōshao.', 3),
  ('lesson-fd-4-ex-4', 'lesson-fd-4', 'pinyin_recognition', 'Select the correct pinyin', '{"hanzi":"车","options":["diàn","mǎi","chē","duōshao"],"correctAnswer":"chē","imageUrl":"/vocab/car.svg","emoji":"🚗"}'::jsonb, '车 is pronounced chē.', 4),
  ('lesson-fd-4-ex-5', 'lesson-fd-4', 'pinyin_recognition', 'Select the correct pinyin', '{"hanzi":"店","options":["mǎi","diàn","duōshao","chē"],"correctAnswer":"diàn","emoji":"🏪"}'::jsonb, '店 is pronounced diàn.', 5),
  ('lesson-fd-4-ex-6', 'lesson-fd-4', 'multiple_choice', 'Select the correct translation', '{"question":"What does \"买\" mean?","options":["to buy","money","car / vehicle","shop / store"],"correctAnswer":"to buy","displayHanzi":"买","pinyin":"mǎi","emoji":"🛒"}'::jsonb, '买 (mǎi) means "to buy".', 6),
  ('lesson-fd-4-ex-7', 'lesson-fd-4', 'multiple_choice', 'Select the correct translation', '{"question":"What does \"钱\" mean?","options":["car / vehicle","to buy","money","shop / store"],"correctAnswer":"money","displayHanzi":"钱","imageUrl":"/vocab/money.svg","pinyin":"qián","emoji":"💰"}'::jsonb, '钱 (qián) means "money".', 7),
  ('lesson-fd-4-ex-8', 'lesson-fd-4', 'multiple_choice', 'Select the correct translation', '{"question":"What does \"多少\" mean?","options":["car / vehicle","to buy","how much / how many","shop / store"],"correctAnswer":"how much / how many","displayHanzi":"多少","pinyin":"duōshao","emoji":"💲"}'::jsonb, '多少 (duōshao) means "how much / how many".', 8),
  ('lesson-fd-4-ex-9', 'lesson-fd-4', 'multiple_choice', 'Select the correct translation', '{"question":"What does \"车\" mean?","options":["to buy","money","shop / store","car / vehicle"],"correctAnswer":"car / vehicle","displayHanzi":"车","imageUrl":"/vocab/car.svg","pinyin":"chē","emoji":"🚗"}'::jsonb, '车 (chē) means "car / vehicle".', 9),
  ('lesson-fd-4-ex-10', 'lesson-fd-4', 'hanzi_to_english', 'Type the English meaning', '{"hanzi":"店","pinyin":"diàn","acceptedAnswers":["shop / store","shop"],"emoji":"🏪"}'::jsonb, '店 = shop / store', 10),
  ('lesson-fd-4-ex-11', 'lesson-fd-4', 'hanzi_to_english', 'Type the English meaning', '{"hanzi":"买","pinyin":"mǎi","acceptedAnswers":["to buy","to buy"],"emoji":"🛒"}'::jsonb, '买 = to buy', 11),
  ('lesson-fd-4-ex-12', 'lesson-fd-4', 'hanzi_to_english', 'Type the English meaning', '{"hanzi":"钱","pinyin":"qián","acceptedAnswers":["money","money"],"imageUrl":"/vocab/money.svg","emoji":"💰"}'::jsonb, '钱 = money', 12),
  ('lesson-fd-4-ex-13', 'lesson-fd-4', 'hanzi_to_english', 'Type the English meaning', '{"hanzi":"多少","pinyin":"duōshao","acceptedAnswers":["how much / how many","how much"],"emoji":"💲"}'::jsonb, '多少 = how much / how many', 13),
  ('lesson-fd-4-ex-14', 'lesson-fd-4', 'hanzi_to_english', 'Type the English meaning', '{"hanzi":"车","pinyin":"chē","acceptedAnswers":["car / vehicle","car"],"imageUrl":"/vocab/car.svg","emoji":"🚗"}'::jsonb, '车 = car / vehicle', 14),
  ('lesson-fd-4-ex-15', 'lesson-fd-4', 'english_to_hanzi_word_bank', 'Build the hanzi for this word', '{"english":"shop","wordBank":["多","店","车","少","钱","买"],"correctAnswer":["店"]}'::jsonb, 'The hanzi for "shop / store" is 店.', 15),
  ('lesson-fd-4-ex-16', 'lesson-fd-4', 'english_to_hanzi_word_bank', 'Build the hanzi for this word', '{"english":"to buy","wordBank":["钱","多","买","店","少","车"],"correctAnswer":["买"]}'::jsonb, 'The hanzi for "to buy" is 买.', 16),
  ('lesson-fd-4-ex-17', 'lesson-fd-4', 'reverse_pinyin', 'Which hanzi matches this pinyin?', '{"pinyin":"qián","options":["店","买","钱","车"],"correctAnswer":"钱"}'::jsonb, 'qián → 钱', 17),
  ('lesson-fd-4-ex-18', 'lesson-fd-4', 'reverse_pinyin', 'Which hanzi matches this pinyin?', '{"pinyin":"duōshao","options":["车","买","多少","店"],"correctAnswer":"多少"}'::jsonb, 'duōshao → 多少', 18),
  ('lesson-fd-4-ex-19', 'lesson-fd-4', 'match_pairs', 'Match each hanzi to its meaning', '{"pairs":[{"id":"v-mai","left":"买","right":"to buy"},{"id":"v-qian","left":"钱","right":"money","imageUrl":"/vocab/money.svg"},{"id":"v-che","left":"车","right":"car","imageUrl":"/vocab/car.svg"},{"id":"v-dian-shop","left":"店","right":"shop"}]}'::jsonb, null, 19),
  ('lesson-fd-4-ex-20', 'lesson-fd-4', 'fill_in_blank', 'Fill in the missing character', '{"sentence":"___个多少钱？。","blankIndex":0,"correctAnswer":"这","fullSentence":"这个多少钱？","fullPinyin":"Zhège duōshao qián?","options":["钱","买","这","多"]}'::jsonb, 'Full sentence: 这个多少钱？ — How much is this?', 20);

-- ========== RESET USER PROGRESS POINTERS ==========
update user_progress
  set current_lesson_id = 'lesson-sa-1',
      current_unit_id = 'unit-sa'
  where course_id = 'course-mandarin-1'
    and current_lesson_id is null;
